station_id,obs_date,precip_mm,t_mean,t_min,t_max,u_mean,pmer_mean,ff_mean,is_rainy,n_observations,n_precip_reports
07630,2015-01-01,0.0,-1.7624999999999815,-4.2999999999999545,0.8000000000000114,93.875,103821.25,1.175,0.0,8,8
07630,2015-01-02,0.0,-0.5874999999999844,-2.6999999999999886,3.7000000000000455,92.625,104037.5,0.875,0.0,8,8
07630,2015-01-03,0.0,4.600000000000023,0.5,8.700000000000045,89.125,103760.0,1.2875,0.0,8,8
07630,2015-01-04,0.2,10.287500000000016,8.400000000000034,12.100000000000023,91.75,103572.5,4.375,0.0,8,8
07630,2015-01-05,0.0,4.7250000000000085,1.1000000000000227,7.0,98.375,103053.75,0.9875,0.0,8,8
07630,2015-01-06,0.0,3.5625000000000213,-1.2999999999999545,6.600000000000023,97.125,102891.25,1.1875,0.0,8,8
07630,2015-01-07,0.0,7.275000000000027,4.300000000000011,12.200000000000045,89.625,103223.75,0.925,0.0,8,8
07630,2015-01-08,0.0,5.637500000000017,0.4000000000000341,12.100000000000023,86.75,103763.75,1.7375,0.0,8,8
07630,2015-01-09,0.0,11.687500000000028,8.200000000000045,16.100000000000023,81.125,104160.0,2.625,0.0,8,8
07630,2015-01-10,0.0,10.225000000000016,8.5,11.300000000000011,90.375,103536.25,2.3625,0.0,8,8
07630,2015-01-11,1.0,8.97500000000003,3.2000000000000455,10.900000000000034,78.75,103348.75,5.05,0.0,8,8
07630,2015-01-12,0.0,4.8000000000000185,-0.8999999999999773,12.400000000000034,79.25,103132.5,2.1625,0.0,8,8
07630,2015-01-13,0.0,7.450000000000017,1.5,14.400000000000034,83.625,102237.5,3.0125,0.0,8,8
07630,2015-01-14,0.0,9.862500000000018,7.900000000000034,13.800000000000011,75.375,102423.75,2.65,0.0,8,8
07630,2015-01-15,0.0,9.15000000000002,4.7000000000000455,14.5,80.75,101280.0,3.5625,0.0,8,8
07630,2015-01-16,7.3,7.38750000000001,5.5,9.300000000000011,90.625,100992.5,3.075,1.0,8,8
07630,2015-01-17,0.4,5.762500000000017,4.100000000000023,7.400000000000034,86.75,102063.75,4.175,0.0,8,8
07630,2015-01-18,0.0,4.3625000000000185,0.0,7.600000000000023,82.375,101395.0,3.125,0.0,8,8
07630,2015-01-19,1.2,5.16250000000003,3.7000000000000455,7.0,84.125,101127.5,2.4875,1.0,8,8
07630,2015-01-20,0.0,2.950000000000024,0.4000000000000341,5.300000000000011,80.75,101213.75,2.175,0.0,8,8
07630,2015-01-21,0.4,1.3750000000000142,-2.8999999999999773,6.5,85.0,100846.25,1.6625,0.0,8,8
07630,2015-01-22,0.2,4.137500000000024,2.2000000000000455,6.100000000000023,90.0,101336.25,2.6875,0.0,8,8
07630,2015-01-23,0.0,1.6000000000000298,0.10000000000002274,2.900000000000034,82.0,102511.25,5.5375,0.0,8,8
07630,2015-01-24,1.2,2.575000000000024,-0.6999999999999886,7.2000000000000455,83.5,102878.75,4.7625,1.0,8,8
07630,2015-01-25,0.0,3.187500000000014,0.7000000000000455,6.0,78.25,103290.0,6.7125,0.0,8,8
07630,2015-01-26,0.0,4.625000000000014,3.0,6.300000000000011,74.625,103255.0,4.8875,0.0,8,8
07630,2015-01-27,0.4,6.425000000000033,5.5,7.7000000000000455,87.5,102898.75,6.275,0.0,8,8
07630,2015-01-28,0.0,7.387500000000024,4.7000000000000455,10.200000000000045,74.875,102466.25,4.8,0.0,8,8
07630,2015-01-29,4.8,10.287500000000023,8.900000000000034,12.200000000000045,80.125,100503.75,9.0,1.0,8,8
07630,2015-01-30,5.2,6.35000000000003,4.2000000000000455,9.700000000000045,84.25,99331.25,6.6625,1.0,8,8
07630,2015-01-31,3.4000000000000004,4.800000000000026,3.2000000000000455,6.900000000000034,88.125,99235.0,5.35,1.0,8,8
07630,2015-02-01,1.8,3.825000000000017,2.1000000000000227,6.0,82.0,100555.0,7.675,1.0,8,8
07630,2015-02-02,0.0,3.437500000000014,1.5,6.100000000000023,83.25,100872.5,2.7,0.0,8,8
07630,2015-02-03,4.8,0.7625000000000242,-2.0,3.0,90.625,100223.75,3.0,1.0,8,8
07630,2015-02-04,0.0,-1.0374999999999872,-3.7999999999999545,1.5,87.625,100768.75,3.9625,0.0,8,8
07630,2015-02-05,0.0,-0.037499999999973,-1.7999999999999545,1.3000000000000114,79.625,101457.5,7.85,0.0,8,8
07630,2015-02-06,0.0,-0.6624999999999801,-1.7999999999999545,0.10000000000002274,85.625,101436.25,4.7625,0.0,8,8
07630,2015-02-07,0.0,1.0250000000000128,-0.5999999999999659,3.6000000000000227,78.875,102213.75,2.55,0.0,8,8
07630,2015-02-08,0.0,2.3625000000000185,0.5,5.0,71.375,102825.0,5.3375,0.0,8,8
07630,2015-02-09,0.0,2.6625000000000227,-2.099999999999966,8.100000000000023,69.625,102962.5,2.8,0.0,8,8
07630,2015-02-10,0.0,3.6125000000000256,-2.599999999999966,11.300000000000011,73.125,102567.5,1.125,0.0,8,8
07630,2015-02-11,0.0,5.162500000000016,-1.2999999999999545,12.0,78.625,102252.5,2.3875,0.0,8,8
07630,2015-02-12,0.0,7.337500000000027,4.800000000000011,11.200000000000045,84.5,102101.25,1.5250000000000001,0.0,8,8
07630,2015-02-13,0.4,8.762500000000024,3.900000000000034,14.100000000000023,83.625,101855.0,3.35,0.0,8,8
07630,2015-02-14,2.4,8.637500000000017,7.300000000000011,10.100000000000023,81.0,101291.25,3.925,1.0,8,8
07630,2015-02-15,10.1,8.187500000000021,6.900000000000034,10.300000000000011,83.25,101056.25,3.7624999999999997,1.0,8,8
07630,2015-02-16,0.0,7.650000000000027,3.8000000000000114,10.900000000000034,73.625,101985.0,2.4,0.0,8,8
07630,2015-02-17,1.0,8.47500000000003,6.900000000000034,11.400000000000034,82.0,102966.25,4.625,0.0,8,8
07630,2015-02-18,0.0,7.3000000000000185,5.5,9.400000000000034,72.25,103613.75,2.75,0.0,8,8
07630,2015-02-19,0.0,6.325000000000024,0.6000000000000227,13.300000000000011,74.25,103195.0,1.7750000000000001,0.0,8,8
07630,2015-02-20,0.0,7.500000000000021,1.2000000000000455,13.0,76.5,102000.0,4.325,0.0,8,8
07630,2015-02-21,13.1,7.137500000000024,4.300000000000011,9.700000000000045,85.75,100731.25,3.9124999999999996,1.0,8,8
07630,2015-02-22,0.0,4.600000000000023,1.3000000000000114,9.200000000000045,76.75,101408.75,4.8375,0.0,8,8
07630,2015-02-23,4.6,8.700000000000024,4.0,12.5,87.75,101087.5,5.4125,1.0,8,8
07630,2015-02-24,6.3999999999999995,5.887500000000024,4.2000000000000455,7.900000000000034,84.25,101822.5,7.4875,1.0,8,8
07630,2015-02-25,3.8000000000000003,7.15000000000002,4.100000000000023,10.0,92.875,102333.75,5.075,1.0,8,8
07630,2015-02-26,5.4,10.40000000000002,9.5,11.700000000000045,95.625,102158.75,5.2,1.0,8,8
07630,2015-02-27,5.800000000000001,7.825000000000024,6.5,10.600000000000023,67.875,102232.5,7.0875,1.0,8,8
07630,2015-02-28,1.8,6.487500000000026,1.2000000000000455,10.600000000000023,76.0,102322.5,2.5875,1.0,8,8
07630,2015-03-01,3.6,12.775000000000027,10.600000000000023,14.700000000000045,91.5,101926.25,5.0375,1.0,8,8
07630,2015-03-02,5.4,12.462500000000027,11.100000000000023,13.200000000000045,93.875,102175.0,4.95,1.0,8,8
07630,2015-03-03,0.8,10.600000000000023,9.0,12.700000000000045,89.0,102581.25,1.9375,0.0,8,8
07630,2015-03-04,6.2,7.837500000000027,5.0,9.700000000000045,78.375,103158.75,6.3625,1.0,8,8
07630,2015-03-05,0.0,6.400000000000034,2.400000000000034,11.300000000000011,64.125,103748.75,6.575,0.0,8,8
07630,2015-03-06,0.0,7.8625000000000185,1.5,14.900000000000034,52.25,103455.0,2.1625,0.0,8,8
07630,2015-03-07,0.0,9.787500000000016,1.0,19.400000000000034,61.25,102920.0,1.45,0.0,8,8
07630,2015-03-08,0.0,10.875000000000021,3.5,17.900000000000034,64.75,102540.0,4.0125,0.0,8,8
07630,2015-03-09,0.0,9.650000000000013,7.5,12.5,79.375,102687.5,3.0,0.0,8,8
07630,2015-03-10,0.0,10.237500000000026,3.7000000000000455,17.200000000000045,78.75,102697.5,1.5125,0.0,8,8
07630,2015-03-11,0.0,12.262500000000017,6.800000000000011,20.100000000000023,71.125,102556.25,3.5875000000000004,0.0,8,8
07630,2015-03-12,0.0,11.300000000000026,8.700000000000045,16.100000000000023,80.5,102330.0,2.7,0.0,8,8
07630,2015-03-13,1.0,9.300000000000026,6.400000000000034,10.400000000000034,81.875,102390.0,6.575,0.0,8,8
07630,2015-03-14,3.6,6.4875000000000185,4.5,9.800000000000011,81.125,102255.0,4.6875,1.0,8,8
07630,2015-03-15,2.4,6.687500000000021,4.900000000000034,9.900000000000034,83.75,101991.25,2.8625,1.0,8,8
07630,2015-03-16,4.3999999999999995,7.962500000000034,6.100000000000023,11.400000000000034,82.5,101958.75,2.875,1.0,8,8
07630,2015-03-17,0.0,9.187500000000021,2.7000000000000455,15.400000000000034,78.25,102020.0,4.6,0.0,8,8
07630,2015-03-18,0.0,12.81428571428573,10.5,15.400000000000034,75.57142857142857,102128.57142857143,5.985714285714286,,7,7
07630,2015-03-19,0.0,13.262500000000024,7.800000000000011,19.600000000000023,66.0,102048.75,2.0875,0.0,8,8
07630,2015-03-20,0.0,12.762500000000024,10.600000000000023,15.200000000000045,63.75,101771.25,3.5625,0.0,8,8
07630,2015-03-21,3.0,11.175000000000018,9.100000000000023,15.5,81.125,101493.75,3.25,1.0,8,8
07630,2015-03-22,6.4,8.71250000000002,7.900000000000034,9.800000000000011,91.25,101378.75,1.7875,1.0,8,8
07630,2015-03-23,0.0,11.300000000000026,8.100000000000023,15.300000000000011,78.0,101136.25,5.1499999999999995,0.0,8,8
07630,2015-03-24,3.2,10.212500000000013,6.400000000000034,12.800000000000011,85.25,100875.0,3.7625,1.0,8,8
07630,2015-03-25,0.2,6.47500000000003,4.900000000000034,8.600000000000023,80.875,101196.25,5.3125,0.0,8,8
07630,2015-03-26,0.0,8.425000000000018,3.5,12.600000000000023,72.25,101643.75,5.675,0.0,8,8
07630,2015-03-27,0.2,11.312500000000014,8.5,15.0,69.5,102533.75,6.7875000000000005,0.0,8,8
07630,2015-03-28,3.4,12.312500000000021,10.0,14.900000000000034,88.375,102753.75,7.2125,1.0,8,8
07630,2015-03-29,0.6000000000000001,12.512500000000031,10.400000000000034,15.200000000000045,80.625,102486.25,7.8,0.0,8,8
07630,2015-03-30,0.6000000000000001,13.112500000000026,11.700000000000045,14.200000000000045,78.0,102408.75,8.9875,0.0,8,8
07630,2015-03-31,1.0,12.71250000000002,11.300000000000011,14.5,85.25,102800.0,8.225,0.0,8,8
07630,2015-04-01,0.0,10.425000000000018,7.100000000000023,13.200000000000045,67.75,103210.0,6.525,0.0,8,8
07630,2015-04-02,0.0,10.112500000000018,4.400000000000034,15.0,69.5,102935.0,3.35,0.0,8,8
07630,2015-04-03,0.0,12.437500000000021,8.200000000000045,16.600000000000023,72.5,102206.25,2.975,0.0,8,8
07630,2015-04-04,0.6000000000000001,10.96250000000002,8.0,13.600000000000023,81.25,101816.25,5.05,0.0,8,8
07630,2015-04-05,0.8,10.137500000000031,6.300000000000011,13.700000000000045,60.375,101757.5,3.975,0.0,8,8
07630,2015-04-06,0.0,10.337500000000027,3.2000000000000455,16.5,41.0,102207.5,1.6125,0.0,8,8
07630,2015-04-07,0.0,11.962500000000027,6.0,18.100000000000023,41.25,102718.75,4.3875,0.0,8,8
07630,2015-04-08,0.0,12.637500000000024,6.0,19.700000000000045,52.625,102726.25,3.9625,0.0,8,8
07630,2015-04-09,0.0,12.900000000000027,7.300000000000011,19.700000000000045,57.375,102406.25,6.3625,0.0,8,8
07630,2015-04-10,0.0,13.437500000000028,8.400000000000034,20.700000000000045,62.625,102261.25,4.9125,0.0,8,8
07630,2015-04-11,0.0,14.025000000000034,10.700000000000045,18.400000000000034,71.375,102625.0,3.55,0.0,8,8
07630,2015-04-12,0.0,16.175000000000026,8.0,23.80000000000001,59.25,102796.25,2.1875,0.0,8,8
07630,2015-04-13,0.0,18.45000000000001,10.700000000000045,26.0,46.125,102823.75,1.625,0.0,8,8
07630,2015-04-14,0.0,19.61250000000002,10.700000000000045,28.0,41.75,102427.5,2.8,0.0,8,8
07630,2015-04-15,0.0,17.65000000000002,12.900000000000034,22.900000000000034,38.625,101693.75,6.3125,0.0,8,8
07630,2015-04-16,2.6,16.27500000000002,13.600000000000023,21.30000000000001,72.875,101392.5,4.975,1.0,8,8
07630,2015-04-17,0.2,15.137500000000024,12.900000000000034,18.100000000000023,81.5,101766.25,2.625,0.0,8,8
07630,2015-04-18,15.3,15.71250000000002,8.400000000000034,23.200000000000045,71.875,101398.75,2.375,1.0,8,8
07630,2015-04-19,14.3,12.512500000000024,11.900000000000034,13.300000000000011,92.625,101520.0,3.6875,1.0,8,8
07630,2015-04-20,3.0,14.187500000000021,9.5,19.0,71.625,102280.0,2.15,1.0,8,8
07630,2015-04-21,0.4,16.062500000000014,8.900000000000034,23.80000000000001,63.5,102333.75,2.5875,0.0,8,8
07630,2015-04-22,0.0,15.900000000000027,12.700000000000045,20.400000000000034,64.125,101976.25,3.9625,0.0,8,8
07630,2015-04-23,1.5999999999999999,15.000000000000021,13.100000000000023,17.700000000000045,80.125,101943.75,3.2375,1.0,8,8
07630,2015-04-24,0.0,16.00000000000002,9.0,23.5,68.5,101533.75,1.275,0.0,8,8
07630,2015-04-25,0.0,18.37500000000002,15.300000000000011,21.600000000000023,67.25,101211.25,2.9625000000000004,0.0,8,8
07630,2015-04-26,8.3,15.875000000000028,14.0,18.900000000000034,87.375,100608.75,4.95,1.0,8,8
07630,2015-04-27,17.6,13.350000000000023,11.800000000000011,16.600000000000023,88.625,100741.25,7.725,1.0,8,8
07630,2015-04-28,0.8,12.262500000000024,9.400000000000034,16.0,68.25,102078.75,5.1125,0.0,8,8
07630,2015-04-29,0.0,12.287500000000023,6.5,17.700000000000045,62.375,101973.75,1.9000000000000001,0.0,8,8
07630,2015-04-30,0.0,15.587500000000034,8.400000000000034,21.400000000000034,63.375,101827.5,2.1875,0.0,8,8
07630,2015-05-01,2.8000000000000003,16.087500000000027,13.900000000000034,18.100000000000023,82.625,101305.0,3.0625,1.0,8,8
07630,2015-05-02,0.0,18.37500000000003,13.800000000000011,23.600000000000023,78.125,101235.0,2.625,0.0,8,8
07630,2015-05-03,3.2,20.212500000000027,17.30000000000001,23.80000000000001,76.875,100892.5,3.6625,1.0,8,8
07630,2015-05-04,6.3,18.175000000000026,16.400000000000034,20.30000000000001,83.75,100638.75,6.5875,1.0,8,8
07630,2015-05-05,0.0,16.97500000000003,15.900000000000034,19.200000000000045,69.625,101112.5,3.3625,0.0,8,8
07630,2015-05-06,0.0,15.262500000000024,12.400000000000034,18.30000000000001,65.0,101938.75,3.2125,0.0,8,8
07630,2015-05-07,0.0,16.81250000000002,9.0,23.80000000000001,56.5,101822.5,3.1,0.0,8,8
07630,2015-05-08,0.0,19.050000000000026,16.200000000000045,23.100000000000023,53.875,101622.5,5.225,0.0,8,8
07630,2015-05-09,0.0,17.41250000000003,13.700000000000045,20.900000000000034,72.375,102646.25,3.75,0.0,8,8
07630,2015-05-10,0.0,20.137500000000017,13.0,27.700000000000045,56.5,102371.25,2.5625,0.0,8,8
07630,2015-05-11,0.0,21.587500000000027,15.700000000000045,28.80000000000001,43.0,102085.0,5.225,0.0,8,8
07630,2015-05-12,0.0,19.837500000000034,14.700000000000045,26.30000000000001,71.25,102086.25,4.625,0.0,8,8
07630,2015-05-13,0.0,19.90000000000002,15.400000000000034,25.200000000000045,75.375,101945.0,3.9,0.0,8,8
07630,2015-05-14,0.0,16.200000000000024,12.700000000000045,18.700000000000045,79.75,101738.75,5.3125,0.0,8,8
07630,2015-05-15,4.6,13.287500000000016,9.600000000000023,18.0,71.25,102011.25,9.112499999999999,1.0,8,8
07630,2015-05-16,0.0,14.337500000000027,11.700000000000045,17.600000000000023,78.0,102937.5,7.05,0.0,8,8
07630,2015-05-17,0.0,17.050000000000026,13.700000000000045,22.30000000000001,71.125,102626.25,3.7375000000000003,0.0,8,8
07630,2015-05-18,0.0,17.362500000000026,10.400000000000034,23.400000000000034,68.875,101601.25,2.8125,0.0,8,8
07630,2015-05-19,4.4,12.487500000000026,11.100000000000023,13.900000000000034,82.75,101728.75,5.0625,1.0,8,8
07630,2015-05-20,1.8,12.012500000000024,10.0,15.200000000000045,79.125,102120.0,5.3625,1.0,8,8
07630,2015-05-21,0.0,13.325000000000017,9.0,17.200000000000045,60.875,102740.0,5.6499999999999995,0.0,8,8
07630,2015-05-22,0.0,14.562500000000021,9.200000000000045,19.100000000000023,58.125,102595.0,5.5125,0.0,8,8
07630,2015-05-23,0.0,15.387500000000024,11.5,18.5,70.0,102103.75,6.9875,0.0,8,8
07630,2015-05-24,0.0,17.81250000000003,13.300000000000011,23.0,70.625,101906.25,4.9625,0.0,8,8
07630,2015-05-25,0.0,16.825000000000024,14.400000000000034,19.700000000000045,78.25,101970.0,6.8,0.0,8,8
07630,2015-05-26,0.0,15.987500000000026,12.100000000000023,20.100000000000023,69.25,102127.5,6.6,0.0,8,8
07630,2015-05-27,0.0,17.16250000000003,10.900000000000034,22.400000000000034,47.75,102295.0,3.925,0.0,8,8
07630,2015-05-28,0.0,18.52500000000002,9.400000000000034,25.30000000000001,53.5,101918.75,2.025,0.0,8,8
07630,2015-05-29,0.6,17.587500000000027,12.600000000000023,21.700000000000045,68.0,101683.75,3.6125,,8,7
07630,2015-05-30,0.0,16.87500000000003,14.200000000000045,20.100000000000023,67.125,101958.75,3.025,0.0,8,8
07630,2015-05-31,0.0,18.887500000000024,11.0,25.5,62.0,101841.25,2.0500000000000003,0.0,8,8
07630,2015-06-01,0.0,19.714285714285747,15.400000000000034,23.80000000000001,68.14285714285714,101898.57142857143,2.4,,7,6
07630,2015-06-02,0.0,22.62500000000003,15.700000000000045,29.100000000000023,62.625,101928.75,1.425,0.0,8,8
07630,2015-06-03,0.0,24.17500000000001,18.0,30.30000000000001,60.25,102142.5,2.4375,0.0,8,8
07630,2015-06-04,0.0,26.350000000000023,19.0,33.400000000000034,49.5,101936.25,3.4125,0.0,8,8
07630,2015-06-05,0.0,25.512500000000017,19.30000000000001,33.0,47.25,101827.5,2.725,0.0,8,8
07630,2015-06-06,0.0,22.21250000000002,16.80000000000001,28.400000000000034,65.0,102317.5,3.5,0.0,8,8
07630,2015-06-07,0.0,23.575000000000024,17.100000000000023,30.0,59.625,102235.0,3.5375,0.0,8,8
07630,2015-06-08,0.0,24.462500000000013,19.30000000000001,30.5,58.25,101822.5,3.6500000000000004,0.0,8,8
07630,2015-06-09,0.2,21.97500000000003,17.700000000000045,27.100000000000023,65.5,101620.0,4.0375,0.0,8,8
07630,2015-06-10,0.2,19.025000000000027,16.100000000000023,23.100000000000023,77.375,101476.25,3.375,0.0,8,8
07630,2015-06-11,1.0,23.02500000000002,19.900000000000034,27.700000000000045,69.125,101131.25,6.1625,0.0,8,8
07630,2015-06-12,8.5,19.35000000000003,16.600000000000023,22.200000000000045,82.375,101122.5,1.8375,1.0,8,8
07630,2015-06-13,1.8,19.675000000000026,17.0,25.100000000000023,79.0,101087.5,3.6625,1.0,8,8
07630,2015-06-14,42.6,18.23750000000002,14.600000000000023,22.100000000000023,82.0,101192.5,3.325,1.0,8,8
07630,2015-06-15,0.0,19.137500000000024,15.5,23.80000000000001,70.125,101711.25,3.7625,0.0,8,8
07630,2015-06-16,16.2,16.625000000000014,15.100000000000023,18.80000000000001,93.25,102126.25,5.7375,1.0,8,8
07630,2015-06-17,0.0,19.087500000000027,14.400000000000034,23.600000000000023,65.25,102403.75,6.5625,0.0,8,8
07630,2015-06-18,0.0,20.60000000000003,15.600000000000023,24.80000000000001,63.0,102311.25,5.55,0.0,8,8
07630,2015-06-19,0.0,19.525000000000027,16.200000000000045,24.0,71.875,102127.5,5.275,0.0,8,8
07630,2015-06-20,0.0,20.475000000000016,14.400000000000034,26.200000000000045,60.875,102186.25,4.375,0.0,8,8
07630,2015-06-21,0.0,22.387500000000024,15.0,28.700000000000045,56.125,101963.75,1.675,0.0,8,8
07630,2015-06-22,0.0,24.975000000000023,17.100000000000023,31.600000000000023,54.125,101430.0,2.0875,0.0,8,8
07630,2015-06-23,0.0,21.987500000000026,17.600000000000023,26.5,45.25,101543.75,4.2,0.0,8,8
07630,2015-06-24,0.0,21.75000000000002,15.300000000000011,27.100000000000023,49.75,101891.25,2.4375,0.0,8,8
07630,2015-06-25,0.0,23.775000000000027,16.30000000000001,29.80000000000001,45.75,102090.0,1.5125,0.0,8,8
07630,2015-06-26,0.0,25.55000000000002,17.200000000000045,32.60000000000002,42.625,102002.5,1.8125,0.0,8,8
07630,2015-06-27,0.0,22.00000000000003,18.400000000000034,26.900000000000034,67.75,102201.25,3.5125,0.0,8,8
07630,2015-06-28,0.0,24.387500000000017,16.600000000000023,30.80000000000001,55.0,102008.75,3.025,0.0,8,8
07630,2015-06-29,0.0,25.38750000000004,19.100000000000023,31.200000000000045,53.5,102058.75,2.45,0.0,8,8
07630,2015-06-30,0.0,27.40000000000002,19.600000000000023,34.0,45.625,101472.5,6.012499999999999,0.0,8,8
07630,2015-07-01,0.0,26.62500000000003,22.400000000000034,31.900000000000034,48.0,101411.25,7.5375,0.0,8,8
07630,2015-07-02,0.2,24.837500000000027,22.200000000000045,28.900000000000034,61.25,101871.25,4.4375,0.0,8,8
07630,2015-07-03,0.0,27.375000000000036,21.200000000000045,34.60000000000002,47.125,101852.5,6.575,0.0,8,8
07630,2015-07-04,0.0,27.550000000000026,22.700000000000045,32.60000000000002,52.5,101978.75,2.8,0.0,8,8
07630,2015-07-05,0.0,25.93750000000003,22.700000000000045,29.80000000000001,62.5,101817.5,3.8375,0.0,8,8
07630,2015-07-06,0.0,27.950000000000024,20.600000000000023,35.10000000000002,51.5,101770.0,2.1125,0.0,8,8
07630,2015-07-07,0.0,26.42500000000002,23.100000000000023,30.100000000000023,60.5,101593.75,4.65,0.0,8,8
07630,2015-07-08,0.0,21.750000000000014,20.0,25.30000000000001,60.375,102067.5,5.1125,0.0,8,8
07630,2015-07-09,0.0,20.93750000000003,16.200000000000045,26.100000000000023,50.875,102165.0,4.4,0.0,8,8
07630,2015-07-10,0.0,24.52500000000002,15.0,34.0,47.75,101621.25,3.7,0.0,8,8
07630,2015-07-11,0.0,23.300000000000026,20.600000000000023,26.900000000000034,61.375,102232.5,4.95,0.0,8,8
07630,2015-07-12,0.0,22.67500000000002,18.5,27.5,56.5,102216.25,4.2625,0.0,8,8
07630,2015-07-13,0.0,22.825000000000024,17.100000000000023,29.100000000000023,48.875,102211.25,3.775,0.0,8,8
07630,2015-07-14,0.0,24.225000000000023,17.900000000000034,30.400000000000034,49.375,102115.0,3.35,0.0,8,8
07630,2015-07-15,0.0,26.637500000000024,19.900000000000034,33.30000000000001,45.625,101752.5,2.175,0.0,8,8
07630,2015-07-16,0.0,27.500000000000014,21.0,35.5,46.0,101423.75,4.9375,0.0,8,8
07630,2015-07-17,0.0,27.02500000000002,20.5,34.700000000000045,63.125,101688.75,3.375,0.0,8,8
07630,2015-07-18,10.7,27.000000000000014,22.30000000000001,33.30000000000001,63.375,101523.75,3.7625,1.0,8,8
07630,2015-07-19,5.7,24.01250000000003,20.600000000000023,28.700000000000045,70.25,101691.25,2.525,1.0,8,8
07630,2015-07-20,0.2,26.337500000000013,19.30000000000001,32.10000000000002,57.0,101616.25,2.4625,0.0,8,8
07630,2015-07-21,0.0,28.37500000000002,22.100000000000023,35.5,51.875,101457.5,2.4375,0.0,8,8
07630,2015-07-22,14.1,24.237500000000026,21.0,28.200000000000045,74.5,101722.5,5.2125,1.0,8,8
07630,2015-07-23,0.0,23.90000000000002,19.700000000000045,27.900000000000034,57.5,101711.25,3.775,0.0,8,8
07630,2015-07-24,0.6,24.325000000000017,18.0,30.0,58.75,101133.75,3.9375,0.0,8,8
07630,2015-07-25,0.0,21.61250000000002,18.5,24.700000000000045,53.25,101847.5,5.5875,0.0,8,8
07630,2015-07-26,0.0,22.962500000000027,15.400000000000034,30.900000000000034,48.625,101467.5,3.0875,0.0,8,8
07630,2015-07-27,0.0,22.787500000000023,20.5,26.80000000000001,60.0,101526.25,5.9,0.0,8,8
07630,2015-07-28,0.0,22.037500000000023,16.30000000000001,27.5,59.875,101550.0,3.55,0.0,8,8
07630,2015-07-29,0.8,21.12500000000002,17.200000000000045,24.5,74.125,101441.25,3.5749999999999997,0.0,8,8
07630,2015-07-30,9.4,16.925000000000026,15.700000000000045,19.400000000000034,87.625,101717.5,3.4625,1.0,8,8
07630,2015-07-31,6.6000000000000005,16.412500000000023,13.300000000000011,20.0,89.0,101315.0,2.75,1.0,8,8
07630,2015-08-01,0.0,19.850000000000023,16.200000000000045,24.900000000000034,67.625,101645.0,3.7875,0.0,8,8
07630,2015-08-02,0.0,22.36250000000002,13.5,30.900000000000034,54.625,101600.0,2.45,0.0,8,8
07630,2015-08-03,0.2,26.987500000000026,19.100000000000023,36.10000000000002,46.625,101428.75,3.6,0.0,8,8
07630,2015-08-04,3.6,21.537500000000016,18.5,25.30000000000001,78.625,101817.5,3.625,1.0,8,8
07630,2015-08-05,0.0,26.48750000000002,18.600000000000023,35.400000000000034,60.75,101306.25,3.85,0.0,8,8
07630,2015-08-06,0.0,24.775000000000027,20.0,30.400000000000034,69.375,101510.0,2.125,0.0,8,8
07630,2015-08-07,0.0,24.450000000000024,21.600000000000023,28.700000000000045,72.625,101592.5,3.65,0.0,8,8
07630,2015-08-08,14.299999999999999,18.637500000000024,16.0,23.0,86.625,102181.25,3.3625,1.0,8,8
07630,2015-08-09,8.5,17.037500000000016,15.800000000000011,20.0,92.25,102241.25,4.0875,1.0,8,8
07630,2015-08-10,0.0,21.162500000000023,16.700000000000045,26.0,74.0,101873.75,2.5875,0.0,8,8
07630,2015-08-11,0.0,24.387500000000024,16.700000000000045,32.0,62.0,101353.75,2.7,0.0,8,8
07630,2015-08-12,0.0,26.08750000000002,20.400000000000034,33.400000000000034,59.125,101458.75,3.8375000000000004,0.0,8,8
07630,2015-08-13,28.900000000000002,21.875000000000014,18.5,25.5,82.875,101417.5,3.4125,1.0,8,8
07630,2015-08-14,1.2000000000000002,17.93750000000003,16.100000000000023,19.5,83.375,101661.25,5.0875,1.0,8,8
07630,2015-08-15,1.2,18.037500000000023,14.700000000000045,22.5,77.25,101617.5,2.95,1.0,8,8
07630,2015-08-16,0.0,18.400000000000027,13.600000000000023,23.400000000000034,62.125,101512.5,2.4625,0.0,8,8
07630,2015-08-17,0.0,20.15000000000002,14.600000000000023,24.5,55.0,101488.75,2.8125,0.0,8,8
07630,2015-08-18,0.0,20.475000000000023,16.200000000000045,24.600000000000023,54.5,101583.75,2.5125,0.0,8,8
07630,2015-08-19,0.0,20.075000000000024,15.0,24.30000000000001,59.5,101992.5,2.7375,0.0,8,8
07630,2015-08-20,0.0,21.23750000000002,14.200000000000045,28.0,57.625,102183.75,1.6625,0.0,8,8
07630,2015-08-21,0.0,23.62500000000003,15.100000000000023,32.10000000000002,53.125,101947.5,1.325,0.0,8,8
07630,2015-08-22,0.8,23.13750000000003,18.700000000000045,28.600000000000023,70.875,101290.0,5.237500000000001,0.0,8,8
07630,2015-08-23,1.4,20.400000000000027,18.900000000000034,21.80000000000001,82.375,100822.5,3.2,1.0,8,8
07630,2015-08-24,0.0,19.58750000000002,17.5,21.5,65.75,101157.5,5.1375,0.0,8,8
07630,2015-08-25,0.0,20.487500000000026,12.600000000000023,28.200000000000045,55.875,101925.0,1.6375,0.0,8,8
07630,2015-08-26,0.0,23.58750000000002,16.600000000000023,30.900000000000034,52.625,101475.0,4.75,0.0,8,8
07630,2015-08-27,0.0,24.36250000000002,21.5,29.200000000000045,75.125,101281.25,6.9125,0.0,8,8
07630,2015-08-28,0.0,25.325000000000024,22.30000000000001,30.200000000000045,72.375,101662.5,5.5,0.0,8,8
07630,2015-08-29,0.0,25.46250000000002,22.100000000000023,30.5,65.125,101728.75,6.35,0.0,8,8
07630,2015-08-30,0.0,25.550000000000033,21.700000000000045,31.200000000000045,58.375,101565.0,7.3625,0.0,8,8
07630,2015-08-31,19.3,23.88750000000003,18.5,31.30000000000001,75.0,101410.0,6.0125,1.0,8,8
07630,2015-09-01,7.1000000000000005,20.162500000000023,18.400000000000034,22.900000000000034,81.25,101800.0,3.4375,1.0,8,8
07630,2015-09-02,0.0,18.900000000000034,15.200000000000045,22.600000000000023,64.625,101750.0,2.775,0.0,8,8
07630,2015-09-03,1.0,19.025000000000027,16.400000000000034,21.700000000000045,75.125,101630.0,3.2625,0.0,8,8
07630,2015-09-04,0.0,17.512500000000024,13.700000000000045,20.200000000000045,63.375,101823.75,3.95,0.0,8,8
07630,2015-09-05,0.0,17.385714285714307,13.600000000000023,20.100000000000023,59.142857142857146,102171.42857142857,4.171428571428572,,8,7
07630,2015-09-06,0.0,17.350000000000023,11.300000000000011,22.400000000000034,56.0,102380.0,2.15,0.0,8,8
07630,2015-09-07,0.0,16.95000000000003,11.200000000000045,22.700000000000045,57.0,102286.25,2.5,0.0,8,8
07630,2015-09-08,0.0,17.412500000000023,10.600000000000023,24.5,60.125,101881.25,1.4375,0.0,8,8
07630,2015-09-09,0.0,19.700000000000024,12.300000000000011,27.600000000000023,53.25,101508.75,1.7374999999999998,0.0,8,8
07630,2015-09-10,0.2,18.26250000000001,15.5,22.0,73.125,101571.25,1.6625,0.0,8,8
07630,2015-09-11,0.2,19.35000000000003,12.700000000000045,26.900000000000034,73.0,101443.75,4.175,0.0,8,8
07630,2015-09-12,1.4,21.150000000000013,18.600000000000023,24.5,76.875,101266.25,3.0625,1.0,8,8
07630,2015-09-13,0.2,20.712500000000013,16.5,25.400000000000034,78.0,100730.0,3.0500000000000003,0.0,8,8
07630,2015-09-14,0.0,16.725000000000023,13.900000000000034,18.900000000000034,73.125,101231.25,3.4375,0.0,8,8
07630,2015-09-15,0.0,18.650000000000027,14.100000000000023,23.200000000000045,73.125,100651.25,3.4125,0.0,8,8
07630,2015-09-16,0.0,24.325000000000017,19.200000000000045,31.5,58.375,99731.25,4.85,0.0,8,8
07630,2015-09-17,17.5,17.100000000000016,14.300000000000011,21.0,78.125,100996.25,4.6,1.0,8,8
07630,2015-09-18,1.4,16.25000000000002,10.600000000000023,22.0,72.75,102122.5,2.6,1.0,8,8
07630,2015-09-19,0.0,16.612500000000026,12.0,20.100000000000023,71.625,102530.0,3.3125,0.0,8,8
07630,2015-09-20,0.0,16.37500000000003,10.600000000000023,22.200000000000045,67.0,102372.5,1.95,0.0,8,8
07630,2015-09-21,0.0,16.67500000000002,9.5,24.100000000000023,66.75,101793.75,2.575,0.0,8,8
07630,2015-09-22,0.4,16.12500000000003,13.400000000000034,20.600000000000023,78.625,101467.5,5.2875,0.0,8,8
07630,2015-09-23,1.4,14.637500000000017,11.900000000000034,19.30000000000001,73.375,101782.5,4.0875,1.0,8,8
07630,2015-09-24,0.0,14.625000000000021,8.600000000000023,21.30000000000001,68.625,102180.0,2.7875,0.0,8,8
07630,2015-09-25,0.0,16.400000000000034,11.600000000000023,22.30000000000001,70.0,102148.75,2.8874999999999997,0.0,8,8
07630,2015-09-26,0.0,16.662500000000016,9.800000000000011,22.900000000000034,68.375,101947.5,2.3125,0.0,8,8
07630,2015-09-27,0.0,15.675000000000033,9.900000000000034,23.200000000000045,75.625,102138.75,1.1875,0.0,8,8
07630,2015-09-28,0.0,16.862500000000026,9.800000000000011,24.100000000000023,69.375,102328.75,1.6375,0.0,8,8
07630,2015-09-29,0.0,16.18750000000003,12.400000000000034,19.80000000000001,68.375,101978.75,5.35,0.0,8,8
07630,2015-09-30,0.4,17.262500000000017,14.300000000000011,21.200000000000045,61.125,102001.25,5.9125,0.0,8,8
07630,2015-10-01,10.899999999999999,15.512500000000017,10.5,23.30000000000001,72.75,101988.75,1.775,1.0,8,8
07630,2015-10-02,0.0,16.012500000000017,12.300000000000011,20.400000000000034,76.625,101802.5,2.0,0.0,8,8
07630,2015-10-03,0.0,14.887500000000017,11.5,18.80000000000001,73.625,101596.25,3.125,0.0,8,8
07630,2015-10-04,0.0,13.275000000000027,7.7000000000000455,18.400000000000034,76.0,101678.75,3.425,0.0,8,8
07630,2015-10-05,0.2,18.450000000000024,15.300000000000011,23.100000000000023,75.25,101202.5,4.7625,0.0,8,8
07630,2015-10-06,0.2,20.312500000000014,16.80000000000001,25.200000000000045,71.625,100952.5,5.6125,0.0,8,8
07630,2015-10-07,0.0,16.225000000000023,13.5,18.80000000000001,71.625,101947.5,4.2125,0.0,8,8
07630,2015-10-08,0.0,14.912500000000016,11.400000000000034,19.0,66.75,102015.0,2.8000000000000003,0.0,8,8
07630,2015-10-09,0.0,13.100000000000023,6.400000000000034,19.80000000000001,63.625,101652.5,1.1624999999999999,0.0,8,8
07630,2015-10-10,0.0,14.200000000000017,6.5,23.900000000000034,69.875,101068.75,1.225,0.0,8,8
07630,2015-10-11,0.0,15.600000000000023,6.600000000000023,23.400000000000034,66.0,100703.75,1.9125,0.0,8,8
07630,2015-10-12,0.0,17.825000000000017,14.300000000000011,22.0,67.375,101037.5,2.475,0.0,8,8
07630,2015-10-13,1.8,13.287500000000016,11.300000000000011,15.100000000000023,91.375,101578.75,4.0625,1.0,8,8
07630,2015-10-14,0.0,8.662500000000023,5.400000000000034,11.800000000000011,69.75,101826.25,5.325,0.0,8,8
07630,2015-10-15,0.0,8.562500000000028,2.0,14.200000000000045,69.625,101867.5,3.8125,0.0,8,8
07630,2015-10-16,0.0,8.600000000000023,2.900000000000034,14.100000000000023,65.25,101957.5,2.2375,0.0,8,8
07630,2015-10-17,0.0,10.175000000000026,2.7000000000000455,16.400000000000034,69.875,101613.75,2.9,0.0,8,8
07630,2015-10-18,1.8,14.100000000000016,11.600000000000023,17.5,87.5,101372.5,2.45,1.0,8,8
07630,2015-10-19,0.0,16.11250000000002,12.700000000000045,19.80000000000001,83.625,101330.0,2.5375,0.0,8,8
07630,2015-10-20,0.0,11.91250000000003,9.400000000000034,13.900000000000034,76.5,101921.25,4.125,0.0,8,8
07630,2015-10-21,0.0,10.050000000000018,6.300000000000011,12.5,76.25,102270.0,4.525,0.0,8,8
07630,2015-10-22,0.0,11.775000000000027,9.0,14.200000000000045,81.0,102390.0,4.7875,0.0,8,8
07630,2015-10-23,0.0,13.912500000000023,11.700000000000045,18.200000000000045,77.75,102186.25,1.7625,0.0,8,8
07630,2015-10-24,0.0,15.225000000000023,11.400000000000034,18.30000000000001,77.75,101916.25,4.1875,0.0,8,8
07630,2015-10-25,0.0,15.46250000000002,11.300000000000011,20.30000000000001,80.375,102201.25,1.9125,0.0,8,8
07630,2015-10-26,0.0,16.837500000000027,13.700000000000045,19.80000000000001,74.75,101336.25,6.85,0.0,8,8
07630,2015-10-27,0.0,18.450000000000024,16.30000000000001,22.30000000000001,74.875,100962.5,6.125,0.0,8,8
07630,2015-10-28,2.0,13.712500000000027,9.600000000000023,17.600000000000023,77.875,101300.0,2.3,1.0,8,8
07630,2015-10-29,0.0,12.137500000000017,6.0,18.900000000000034,76.0,101843.75,1.1125,0.0,8,8
07630,2015-10-30,0.0,15.075000000000031,9.400000000000034,21.80000000000001,63.75,101872.5,5.5625,0.0,8,8
07630,2015-10-31,0.0,17.40000000000002,14.400000000000034,22.0,55.625,101933.75,7.3375,0.0,8,8
07630,2015-11-01,0.0,17.187500000000014,15.300000000000011,20.80000000000001,53.25,102473.75,8.1,0.0,8,8
07630,2015-11-02,0.2,16.55000000000001,14.800000000000011,17.900000000000034,69.5,101827.5,11.925,0.0,8,8
07630,2015-11-03,14.0,16.162500000000023,14.300000000000011,18.900000000000034,82.875,101510.0,4.825,1.0,8,8
07630,2015-11-04,0.0,15.137500000000024,11.100000000000023,20.80000000000001,83.625,102033.75,1.725,0.0,8,8
07630,2015-11-05,0.0,15.83750000000002,12.200000000000045,20.0,83.125,102118.75,2.5625,0.0,8,8
07630,2015-11-06,0.0,16.76250000000003,11.800000000000011,22.700000000000045,77.875,102516.25,1.3375,0.0,8,8
07630,2015-11-07,0.0,16.96250000000002,12.0,22.900000000000034,78.375,102651.25,2.4875,0.0,8,8
07630,2015-11-08,0.2,14.800000000000018,11.5,17.0,90.875,102787.5,5.25,0.0,8,8
07630,2015-11-09,0.0,14.950000000000024,13.900000000000034,15.600000000000023,90.875,103227.5,2.8000000000000003,0.0,8,8
07630,2015-11-10,0.0,14.237500000000018,11.900000000000034,17.100000000000023,88.625,103017.5,0.6875,0.0,8,8
07630,2015-11-11,0.0,9.662500000000023,7.400000000000034,11.900000000000034,99.25,102746.25,0.7875,0.0,8,8
07630,2015-11-12,0.0,10.112500000000018,7.800000000000011,12.700000000000045,97.625,102697.5,1.125,0.0,8,8
07630,2015-11-13,0.0,11.46250000000002,9.5,13.600000000000023,93.5,103208.75,1.7,0.0,8,8
07630,2015-11-14,0.0,10.887500000000024,8.800000000000011,13.5,94.0,103366.25,0.8250000000000001,0.0,8,8
07630,2015-11-15,0.0,9.687500000000021,7.5,15.900000000000034,93.25,102633.75,1.4124999999999999,0.0,8,8
07630,2015-11-16,0.0,8.78750000000003,5.800000000000011,12.200000000000045,89.0,102503.75,1.6625,0.0,8,8
07630,2015-11-17,0.0,8.575000000000017,4.100000000000023,14.600000000000023,88.75,102636.25,1.1625,0.0,8,8
07630,2015-11-18,0.0,14.637500000000024,10.900000000000034,19.600000000000023,82.25,102761.25,1.675,0.0,8,8
07630,2015-11-19,0.2,16.12500000000002,13.0,19.100000000000023,86.25,102906.25,3.0125,0.0,8,8
07630,2015-11-20,0.0,16.100000000000016,13.100000000000023,20.5,69.375,102357.5,6.2125,0.0,8,8
07630,2015-11-21,17.4,9.175000000000026,5.900000000000034,13.600000000000023,83.625,101082.5,8.725,1.0,8,8
07630,2015-11-22,0.0,4.912500000000016,2.5,7.7000000000000455,66.5,101535.0,4.725,0.0,8,8
07630,2015-11-23,0.0,2.5000000000000284,-1.3999999999999773,6.900000000000034,73.625,102443.75,2.7375,0.0,8,8
07630,2015-11-24,0.0,1.9125000000000227,-2.8999999999999773,6.300000000000011,86.5,102693.75,1.425,0.0,8,8
07630,2015-11-25,5.2,10.037500000000023,7.600000000000023,10.800000000000011,94.5,101746.25,5.4875,1.0,8,8
07630,2015-11-26,2.8000000000000003,8.350000000000023,5.2000000000000455,10.200000000000045,91.0,101938.75,6.1,1.0,8,8
07630,2015-11-27,0.0,6.225000000000016,1.5,10.300000000000011,80.0,102058.75,2.675,0.0,8,8
07630,2015-11-28,0.6000000000000001,9.200000000000031,8.0,10.600000000000023,77.5,102431.25,5.125,0.0,8,8
07630,2015-11-29,0.0,9.250000000000021,4.900000000000034,14.200000000000045,72.25,103298.75,3.3125,0.0,8,8
07630,2015-11-30,0.0,7.15000000000002,2.900000000000034,13.800000000000011,84.125,103546.25,1.7000000000000002,0.0,8,8
07630,2015-12-01,0.0,5.1125000000000185,0.8000000000000114,12.5,91.875,103373.75,1.3625,0.0,8,8
07630,2015-12-02,0.0,4.012500000000031,0.9000000000000341,9.5,96.125,103027.5,0.9375,0.0,8,8
07630,2015-12-03,0.0,5.862500000000026,0.30000000000001137,11.700000000000045,88.75,103040.0,3.0625,0.0,8,8
07630,2015-12-04,0.0,8.887500000000017,4.800000000000011,14.100000000000023,91.25,103425.0,1.825,0.0,8,8
07630,2015-12-05,0.0,9.387500000000024,5.300000000000011,14.100000000000023,94.25,103263.75,2.2875,0.0,8,8
07630,2015-12-06,0.0,12.362500000000018,9.5,16.200000000000045,85.25,102955.0,4.4375,0.0,8,8
07630,2015-12-07,0.0,12.442857142857163,7.800000000000011,16.5,84.28571428571429,102850.0,4.728571428571429,,7,7
07630,2015-12-08,1.7999999999999998,13.212500000000013,10.300000000000011,16.5,86.0,103131.25,3.95,1.0,8,8
07630,2015-12-09,0.0,10.650000000000027,5.900000000000034,12.700000000000045,85.75,103870.0,2.2,0.0,8,8
07630,2015-12-10,0.0,4.5500000000000185,-0.0999999999999659,12.200000000000045,89.5,103478.75,0.9625,0.0,8,8
07630,2015-12-11,0.0,6.362500000000026,2.1000000000000227,13.700000000000045,80.375,103395.0,0.8375,0.0,8,8
07630,2015-12-12,0.2,5.35000000000003,0.7000000000000455,11.700000000000045,86.0,102791.25,1.05,0.0,8,8
07630,2015-12-13,0.0,6.337500000000027,0.9000000000000341,13.200000000000045,87.25,102213.75,1.8375,0.0,8,8
07630,2015-12-14,0.0,8.737500000000026,3.3000000000000114,14.100000000000023,88.0,102041.25,4.65,0.0,8,8
07630,2015-12-15,0.0,12.03750000000003,10.400000000000034,14.700000000000045,86.75,102451.25,3.9875000000000003,0.0,8,8
07630,2015-12-16,0.0,10.225000000000016,5.7000000000000455,15.800000000000011,87.25,102980.0,1.575,0.0,8,8
07630,2015-12-17,0.0,11.40000000000002,6.400000000000034,16.200000000000045,87.5,102696.25,3.825,0.0,8,8
07630,2015-12-18,0.0,11.937500000000021,8.700000000000045,16.100000000000023,87.625,102642.5,2.45,0.0,8,8
07630,2015-12-19,0.0,11.937500000000028,8.300000000000011,15.400000000000034,86.25,102332.5,5.95,0.0,8,8
07630,2015-12-20,0.0,13.425000000000026,12.200000000000045,15.300000000000011,82.875,102292.5,6.45,0.0,8,8
07630,2015-12-21,0.0,9.937500000000028,7.300000000000011,14.200000000000045,93.0,103126.25,1.35,0.0,8,8
07630,2015-12-22,0.0,10.02500000000002,6.7000000000000455,14.600000000000023,89.625,103180.0,3.9000000000000004,0.0,8,8
07630,2015-12-23,0.0,8.962500000000027,3.400000000000034,15.600000000000023,87.875,103025.0,2.4875,0.0,8,8
07630,2015-12-24,0.0,12.250000000000021,9.900000000000034,15.700000000000045,83.75,102681.25,4.8125,0.0,8,8
07630,2015-12-25,0.0,10.362500000000018,5.900000000000034,15.100000000000023,89.5,103110.0,2.025,0.0,8,8
07630,2015-12-26,0.0,12.737500000000026,10.300000000000011,16.30000000000001,85.5,103058.75,5.3875,0.0,8,8
07630,2015-12-27,0.0,12.837500000000034,11.200000000000045,15.700000000000045,83.875,102948.75,6.425,0.0,8,8
07630,2015-12-28,0.0,13.625000000000021,12.100000000000023,17.100000000000023,70.625,102356.25,7.4125,0.0,8,8
07630,2015-12-29,0.0,11.562500000000028,7.2000000000000455,14.100000000000023,85.0,102838.75,2.275,0.0,8,8
07630,2015-12-30,0.0,10.075000000000031,6.2000000000000455,15.0,79.75,102338.75,4.9875,0.0,8,8
07630,2015-12-31,1.2000000000000002,10.537500000000016,9.300000000000011,12.0,89.0,102537.5,2.5375,1.0,8,8
07630,2016-01-01,0.0,9.050000000000026,4.400000000000034,12.700000000000045,92.5,101995.0,3.2625,0.0,8,8
07630,2016-01-02,3.2,10.037500000000023,8.0,11.700000000000045,85.0,101787.5,5.8125,1.0,8,8
07630,2016-01-03,2.6,6.937500000000021,4.5,9.400000000000034,88.25,101048.75,2.5625,1.0,8,8
07630,2016-01-04,2.6,9.937500000000021,8.5,11.400000000000034,88.75,100183.75,3.875,1.0,8,8
07630,2016-01-05,1.0,8.025000000000027,6.5,9.100000000000023,82.75,100345.0,6.1625000000000005,0.0,8,8
07630,2016-01-06,2.4000000000000004,7.057142857142886,6.300000000000011,8.400000000000034,84.57142857142857,100672.85714285714,6.2,,8,7
07630,2016-01-07,4.8,10.450000000000024,6.800000000000011,16.200000000000045,91.25,100566.25,2.7375,1.0,8,8
07630,2016-01-08,0.2,11.050000000000018,8.900000000000034,13.800000000000011,94.375,100542.5,1.9125,0.0,8,8
07630,2016-01-09,0.4,11.33750000000002,9.700000000000045,14.400000000000034,92.75,100476.25,1.575,0.0,8,8
07630,2016-01-10,3.2,10.100000000000016,8.600000000000023,12.600000000000023,90.125,100283.75,2.375,1.0,8,8
07630,2016-01-11,2.6,10.65000000000002,9.200000000000045,13.5,73.875,100288.75,5.875,1.0,8,8
07630,2016-01-12,4.800000000000001,7.525000000000027,6.2000000000000455,9.100000000000023,81.375,101712.5,8.3,1.0,8,8
07630,2016-01-13,0.0,7.26250000000001,5.400000000000034,10.0,76.25,102443.75,3.8875,0.0,8,8
07630,2016-01-14,2.2,7.687500000000021,6.300000000000011,9.400000000000034,84.5,101587.5,4.3625,1.0,8,8
07630,2016-01-15,0.0,5.587500000000027,2.7000000000000455,7.600000000000023,80.25,102401.25,5.25,0.0,8,8
07630,2016-01-16,0.0,3.0000000000000213,-0.0999999999999659,6.0,77.0,103135.0,5.1375,0.0,8,8
07630,2016-01-17,0.0,3.7375000000000256,-0.7999999999999545,7.600000000000023,65.625,102740.0,1.9625,0.0,8,8
07630,2016-01-18,6.3,4.77500000000002,3.400000000000034,6.900000000000034,80.0,101527.5,3.825,1.0,8,8
07630,2016-01-19,2.4,7.950000000000024,5.400000000000034,11.5,86.5,101565.0,4.3875,1.0,8,8
07630,2016-01-20,0.0,7.387500000000031,3.7000000000000455,11.800000000000011,82.125,101746.25,1.3875,0.0,8,8
07630,2016-01-21,0.0,3.9375000000000284,1.7000000000000455,7.300000000000011,94.75,102210.0,1.325,0.0,8,8
07630,2016-01-22,0.8,6.687500000000028,1.8000000000000114,9.400000000000034,85.625,102777.5,2.8625,0.0,8,8
07630,2016-01-23,1.0,10.325000000000024,6.400000000000034,14.400000000000034,90.75,103357.5,0.7875,0.0,8,8
07630,2016-01-24,0.0,8.062500000000028,3.900000000000034,12.900000000000034,84.5,103292.5,3.7,0.0,8,8
07630,2016-01-25,0.0,10.537500000000023,8.900000000000034,12.600000000000023,86.25,103026.25,4.5875,0.0,8,8
07630,2016-01-26,0.0,8.737500000000026,6.100000000000023,12.0,90.75,103147.5,1.575,0.0,8,8
07630,2016-01-27,0.0,10.375000000000028,8.800000000000011,13.700000000000045,84.375,102758.75,4.575,0.0,8,8
07630,2016-01-28,0.0,11.325000000000024,8.900000000000034,14.5,81.125,102700.0,2.35,0.0,8,8
07630,2016-01-29,0.2,9.600000000000023,7.600000000000023,10.5,91.5,103432.5,2.7125,0.0,8,8
07630,2016-01-30,0.0,7.975000000000016,2.0,13.100000000000023,79.5,103157.5,3.0375,0.0,8,8
07630,2016-01-31,0.2,12.050000000000018,9.700000000000045,13.5,82.375,102873.75,5.9625,0.0,8,8
07630,2016-02-01,0.2,12.787500000000016,11.800000000000011,14.200000000000045,88.0,103351.25,3.8875,0.0,8,8
07630,2016-02-02,0.0,11.812500000000028,11.200000000000045,12.800000000000011,81.0,102971.25,1.8,0.0,8,8
07630,2016-02-03,1.8,9.112500000000011,5.600000000000023,10.5,77.25,103136.25,5.9875,1.0,8,8
07630,2016-02-04,0.0,6.58750000000002,1.8000000000000114,11.400000000000034,68.875,103826.25,3.1875,0.0,8,8
07630,2016-02-05,0.0,8.087500000000013,1.0,16.80000000000001,72.625,102772.5,2.05,0.0,8,8
07630,2016-02-06,0.0,11.050000000000026,7.300000000000011,15.700000000000045,70.375,101575.0,5.4875,0.0,8,8
07630,2016-02-07,6.6,8.487500000000018,6.0,11.400000000000034,79.625,101388.75,6.975,1.0,8,8
07630,2016-02-08,0.0,10.987500000000026,5.800000000000011,17.80000000000001,63.875,101893.75,2.8625,0.0,8,8
07630,2016-02-09,12.9,7.537500000000016,5.600000000000023,10.0,85.375,101051.25,3.8499999999999996,1.0,8,8
07630,2016-02-10,11.399999999999999,6.112500000000026,5.5,6.900000000000034,86.5,101117.5,4.175,1.0,8,8
07630,2016-02-11,0.4,8.012500000000024,5.7000000000000455,10.800000000000011,83.875,101063.75,3.975,0.0,8,8
07630,2016-02-12,16.1,9.41250000000003,6.400000000000034,12.900000000000034,85.25,100337.5,5.2125,1.0,8,8
07630,2016-02-13,7.5,12.400000000000013,9.0,16.700000000000045,75.625,100012.5,6.9,1.0,8,8
07630,2016-02-14,6.5,8.525000000000027,5.7000000000000455,12.700000000000045,81.25,99778.75,6.5,1.0,8,8
07630,2016-02-15,0.0,5.450000000000024,3.900000000000034,6.800000000000011,76.25,101476.25,6.4625,0.0,8,8
07630,2016-02-16,0.0,3.0125000000000313,0.9000000000000341,4.300000000000011,71.25,102993.75,5.825,0.0,8,8
07630,2016-02-17,0.0,2.387500000000017,-1.3999999999999773,7.0,69.0,102197.5,1.6375,0.0,8,8
07630,2016-02-18,0.4,4.825000000000031,0.10000000000002274,10.100000000000023,78.5,101878.75,3.5375,0.0,8,8
07630,2016-02-19,0.0,5.03750000000003,0.7000000000000455,10.700000000000045,76.125,102778.75,1.875,0.0,8,8
07630,2016-02-20,0.0,6.787500000000023,-0.39999999999997726,15.600000000000023,67.75,103098.75,2.075,0.0,8,8
07630,2016-02-21,0.0,9.925000000000026,2.1000000000000227,18.5,69.375,102655.0,1.8,0.0,8,8
07630,2016-02-22,12.100000000000001,8.037500000000023,5.0,9.900000000000034,89.375,102080.0,2.05,1.0,8,8
07630,2016-02-23,0.8,10.450000000000024,9.300000000000011,12.100000000000023,85.375,102275.0,6.699999999999999,0.0,8,8
07630,2016-02-24,0.0,11.162500000000023,9.200000000000045,14.0,75.75,101687.5,2.425,0.0,8,8
07630,2016-02-25,0.4,9.962500000000013,7.5,13.800000000000011,80.875,101402.5,5.2,0.0,8,8
07630,2016-02-26,0.0,6.937500000000014,3.3000000000000114,9.700000000000045,73.0,100893.75,3.6714285714285713,0.0,8,8
07630,2016-02-27,14.7,7.762500000000024,5.400000000000034,10.5,80.875,99168.75,4.15,1.0,8,8
07630,2016-02-28,3.0,6.312500000000028,4.900000000000034,8.200000000000045,87.0,100440.0,2.7375,1.0,8,8
07630,2016-02-29,0.0,4.887500000000017,3.0,7.600000000000023,74.125,101871.25,7.75,0.0,8,8
07630,2016-03-01,0.0,7.037500000000023,3.0,11.900000000000034,70.375,102796.25,5.6000000000000005,0.0,8,8
07630,2016-03-02,6.0,9.08750000000002,7.2000000000000455,11.5,82.625,101970.0,7.050000000000001,1.0,8,8
07630,2016-03-03,7.4,7.712500000000027,6.300000000000011,9.900000000000034,81.5,101672.5,7.725,1.0,8,8
07630,2016-03-04,8.7,10.537500000000023,7.600000000000023,16.600000000000023,77.875,100465.0,5.0875,1.0,8,8
07630,2016-03-05,1.6,6.450000000000017,4.300000000000011,9.5,81.125,100313.75,7.2,1.0,8,8
07630,2016-03-06,2.0,5.287500000000016,3.3000000000000114,8.800000000000011,79.75,101062.5,5.1,1.0,8,8
07630,2016-03-07,1.0,5.412500000000023,3.1000000000000227,8.400000000000034,85.5,100803.75,2.825,0.0,8,8
07630,2016-03-08,0.0,5.52500000000002,0.8000000000000114,9.5,61.625,101990.0,4.0125,0.0,8,8
07630,2016-03-09,8.1,6.350000000000023,4.400000000000034,8.400000000000034,78.5,101188.75,4.0,1.0,8,8
07630,2016-03-10,0.0,6.975000000000016,4.0,10.400000000000034,71.375,101493.75,3.5125,0.0,8,8
07630,2016-03-11,0.0,7.712500000000027,5.7000000000000455,10.0,67.75,102293.75,5.2,0.0,8,8
07630,2016-03-12,0.0,7.212500000000027,2.7000000000000455,10.300000000000011,62.5,102543.75,4.4875,0.0,8,8
07630,2016-03-13,0.0,8.687500000000021,5.100000000000023,12.900000000000034,59.875,102240.0,4.4125,0.0,8,8
07630,2016-03-14,0.0,9.575000000000024,4.7000000000000455,15.100000000000023,61.0,101921.25,3.6875,0.0,8,8
07630,2016-03-15,0.0,9.275000000000034,2.7000000000000455,15.200000000000045,68.5,102027.5,3.125,0.0,8,8
07630,2016-03-16,0.0,7.650000000000034,6.100000000000023,9.700000000000045,74.125,101696.25,4.8500000000000005,0.0,8,8
07630,2016-03-17,0.0,6.250000000000021,4.400000000000034,8.5,80.875,102183.75,2.4625,0.0,8,8
07630,2016-03-18,5.6,7.225000000000023,5.2000000000000455,10.700000000000045,86.875,101992.5,1.75,1.0,8,8
07630,2016-03-19,0.0,9.662500000000023,4.300000000000011,14.400000000000034,77.0,101500.0,3.5,0.0,8,8
07630,2016-03-20,0.2,12.137500000000024,10.300000000000011,15.800000000000011,76.25,101426.25,4.6125,0.0,8,8
07630,2016-03-21,0.0,11.700000000000024,8.200000000000045,15.100000000000023,75.25,101441.25,2.275,0.0,8,8
07630,2016-03-22,0.0,9.825000000000024,5.400000000000034,15.300000000000011,72.625,100947.5,4.6875,0.0,8,8
07630,2016-03-23,0.0,10.150000000000027,5.7000000000000455,16.200000000000045,61.0,100963.75,7.0125,0.0,8,8
07630,2016-03-24,0.0,9.52500000000002,5.400000000000034,14.0,60.125,101847.5,4.6125,0.0,8,8
07630,2016-03-25,0.0,10.325000000000031,7.100000000000023,12.700000000000045,69.625,102265.0,3.5375,0.0,8,8
07630,2016-03-26,0.0,14.675000000000018,7.800000000000011,21.5,63.75,101753.75,3.025,0.0,8,8
07630,2016-03-27,2.2,11.27500000000002,7.800000000000011,14.900000000000034,71.125,101758.75,2.5875,1.0,8,8
07630,2016-03-28,0.0,13.33750000000002,8.100000000000023,19.0,60.75,101282.5,3.0875,0.0,8,8
07630,2016-03-29,0.0,13.662500000000023,8.300000000000011,18.200000000000045,70.0,101503.75,1.9875,0.0,8,8
07630,2016-03-30,0.0,14.475000000000016,11.100000000000023,19.30000000000001,68.0,101150.0,6.1375,0.0,8,8
07630,2016-03-31,0.4,11.187500000000028,7.100000000000023,13.700000000000045,81.625,100887.5,7.975,0.0,8,8
07630,2016-04-01,0.4,7.975000000000016,6.2000000000000455,10.0,76.875,101916.25,4.4714285714285715,0.0,8,8
07630,2016-04-02,0.0,10.675000000000033,5.400000000000034,17.700000000000045,79.75,101192.5,3.8125,0.0,8,8
07630,2016-04-03,0.0,14.650000000000034,10.700000000000045,19.200000000000045,72.0,100823.75,5.6625,0.0,8,8
07630,2016-04-04,1.4,13.400000000000027,11.0,16.600000000000023,76.75,100536.25,3.25,1.0,8,8
07630,2016-04-05,17.8,11.250000000000028,9.800000000000011,12.100000000000023,87.75,101070.0,4.15,1.0,8,8
07630,2016-04-06,0.0,12.03750000000003,8.900000000000034,15.400000000000034,68.75,101908.75,4.725,0.0,8,8
07630,2016-04-07,2.6,9.500000000000021,7.7000000000000455,12.300000000000011,82.0,101842.5,4.5375,1.0,8,8
07630,2016-04-08,0.0,8.712500000000027,5.5,12.600000000000023,71.5,101591.25,6.3875,0.0,8,8
07630,2016-04-09,2.2,9.425000000000018,6.0,12.600000000000023,82.0,101241.25,4.7125,1.0,8,8
07630,2016-04-10,0.0,13.375000000000028,6.100000000000023,19.700000000000045,70.0,100422.5,5.25,0.0,8,8
07630,2016-04-11,0.0,14.800000000000018,10.200000000000045,20.700000000000045,62.375,100672.5,3.5625,0.0,8,8
07630,2016-04-12,8.3,14.562500000000021,10.0,21.200000000000045,69.875,100867.5,3.2125,1.0,8,8
07630,2016-04-13,0.0,14.15000000000002,9.700000000000045,19.600000000000023,67.125,101075.0,3.1875,0.0,8,8
07630,2016-04-14,0.0,15.000000000000014,7.800000000000011,22.700000000000045,58.125,101195.0,3.525,0.0,8,8
07630,2016-04-15,0.0,16.487500000000026,11.300000000000011,23.30000000000001,64.125,100886.25,4.2,0.0,8,8
07630,2016-04-16,6.5,15.987500000000018,11.600000000000023,22.0,72.125,100722.5,3.6999999999999997,1.0,8,8
07630,2016-04-17,2.0,13.71250000000002,11.600000000000023,17.400000000000034,72.875,101358.75,3.9625,1.0,8,8
07630,2016-04-18,0.0,12.250000000000021,9.200000000000045,15.800000000000011,55.75,102226.25,2.9375,0.0,8,8
07630,2016-04-19,0.0,13.575000000000017,6.400000000000034,21.400000000000034,44.625,101998.75,3.375,0.0,8,8
07630,2016-04-20,0.0,16.92500000000002,13.600000000000023,21.5,40.625,101561.25,6.9375,0.0,8,8
07630,2016-04-21,9.7,13.637500000000017,12.0,15.300000000000011,80.0,101905.0,4.725,1.0,8,8
07630,2016-04-22,0.0,12.187500000000021,8.300000000000011,15.400000000000034,84.125,101972.5,2.7375,0.0,8,8
07630,2016-04-23,0.6000000000000001,13.312500000000036,11.200000000000045,16.900000000000034,75.25,101633.75,5.0875,0.0,8,8
07630,2016-04-24,0.6,10.500000000000021,8.900000000000034,12.600000000000023,65.625,101882.5,6.8875,0.0,8,8
07630,2016-04-25,0.0,10.58750000000002,6.300000000000011,14.5,62.75,101915.0,4.7625,0.0,8,8
07630,2016-04-26,0.0,11.437500000000028,8.800000000000011,15.600000000000023,66.375,101448.75,5.3875,0.0,8,8
07630,2016-04-27,0.0,11.425000000000026,8.700000000000045,15.0,63.875,101455.0,2.9,0.0,8,8
07630,2016-04-28,0.0,11.600000000000023,8.600000000000023,14.600000000000023,49.625,101660.0,3.55,0.0,8,8
07630,2016-04-29,0.0,12.650000000000027,7.900000000000034,17.0,52.875,101898.75,1.65,0.0,8,8
07630,2016-04-30,1.0,9.887500000000024,8.100000000000023,12.0,68.5,102088.75,7.3,0.0,8,8
07630,2016-05-01,0.2,9.950000000000024,5.400000000000034,14.200000000000045,57.25,102786.25,7.8125,0.0,8,8
07630,2016-05-02,0.0,12.237500000000026,6.100000000000023,18.200000000000045,55.5,102617.5,5.5625,0.0,8,8
07630,2016-05-03,0.0,12.862500000000033,8.700000000000045,17.700000000000045,68.0,102620.0,3.8375,0.0,8,8
07630,2016-05-04,0.0,15.262500000000031,6.900000000000034,23.0,51.5,102097.5,2.4125,0.0,8,8
07630,2016-05-05,0.0,17.13750000000003,10.700000000000045,23.400000000000034,42.25,101325.0,6.2375,0.0,8,8
07630,2016-05-06,0.0,17.100000000000023,13.600000000000023,21.100000000000023,56.0,100988.75,8.6375,0.0,8,8
07630,2016-05-07,0.0,17.575000000000024,14.5,21.600000000000023,51.5,100631.25,8.1875,0.0,8,8
07630,2016-05-08,0.0,16.12500000000003,14.0,18.200000000000045,70.75,100328.75,9.825000000000001,0.0,8,8
07630,2016-05-09,2.6,15.875000000000021,15.5,16.200000000000045,80.875,100330.0,11.0625,1.0,8,8
07630,2016-05-10,2.6,15.912500000000023,11.5,20.700000000000045,79.125,100643.75,3.7,1.0,8,8
07630,2016-05-11,9.0,12.675000000000018,11.0,14.200000000000045,87.25,100441.25,2.3875,1.0,8,8
07630,2016-05-12,1.8,13.412500000000016,7.7000000000000455,19.80000000000001,78.875,100486.25,3.7375,1.0,8,8
07630,2016-05-13,1.0,14.062500000000021,11.800000000000011,17.0,79.875,100932.5,5.25,0.0,8,8
07630,2016-05-14,4.2,14.500000000000014,12.800000000000011,18.400000000000034,85.375,101542.5,5.9875,1.0,8,8
07630,2016-05-15,0.6000000000000001,15.112500000000018,12.200000000000045,18.0,68.375,102152.5,5.5375,0.0,8,8
07630,2016-05-16,0.0,14.425000000000026,9.900000000000034,18.5,65.75,102382.5,4.725,0.0,8,8
07630,2016-05-17,0.0,15.85000000000003,10.700000000000045,20.600000000000023,63.125,102010.0,2.375,0.0,8,8
07630,2016-05-18,0.0,14.96250000000002,9.300000000000011,20.100000000000023,71.75,101591.25,3.4625,0.0,8,8
07630,2016-05-19,1.7999999999999998,14.575000000000031,12.100000000000023,17.700000000000045,71.5,101995.0,5.95,1.0,8,8
07630,2016-05-20,0.0,15.737500000000033,9.600000000000023,21.200000000000045,69.75,102265.0,2.15,0.0,8,8
07630,2016-05-21,0.0,19.925000000000026,11.5,28.100000000000023,62.375,101437.5,5.025,0.0,8,8
07630,2016-05-22,12.8,14.012500000000024,11.300000000000011,16.400000000000034,79.875,101517.5,5.55,1.0,8,8
07630,2016-05-23,3.2,13.237500000000018,9.100000000000023,16.80000000000001,69.75,102322.5,5.0,1.0,8,8
07630,2016-05-24,0.0,15.037500000000023,8.900000000000034,21.200000000000045,61.5,101472.5,2.6625,0.0,8,8
07630,2016-05-25,0.0,17.85000000000003,15.100000000000023,21.200000000000045,64.375,101086.25,5.775,0.0,8,8
07630,2016-05-26,0.0,17.86250000000002,14.600000000000023,22.30000000000001,64.625,101235.0,5.125,0.0,8,8
07630,2016-05-27,0.0,19.81250000000002,13.700000000000045,26.700000000000045,59.125,101298.75,3.375,0.0,8,8
07630,2016-05-28,15.2,19.200000000000024,14.900000000000034,23.80000000000001,75.25,101120.0,3.9875,1.0,8,8
07630,2016-05-29,11.700000000000001,16.200000000000024,14.5,20.900000000000034,78.25,101276.25,6.175,1.0,8,8
07630,2016-05-30,3.2,16.137500000000017,13.100000000000023,20.0,73.125,101645.0,6.15,1.0,8,8
07630,2016-05-31,11.7,14.937500000000028,13.300000000000011,17.200000000000045,83.5,101902.5,6.9,1.0,8,8
07630,2016-06-01,0.8,14.53750000000003,13.5,15.900000000000034,77.75,101942.5,7.2875,0.0,8,8
07630,2016-06-02,3.0,17.25000000000003,13.700000000000045,22.200000000000045,78.375,101616.25,3.9625,1.0,8,8
07630,2016-06-03,0.0,18.637500000000017,14.700000000000045,21.600000000000023,75.375,101227.5,2.1,0.0,8,8
07630,2016-06-04,0.0,19.262500000000024,15.100000000000023,23.600000000000023,74.25,101365.0,3.3875,0.0,8,8
07630,2016-06-05,0.0,20.02500000000002,16.600000000000023,24.0,64.5,101751.25,2.8125,0.0,8,8
07630,2016-06-06,0.4,20.687500000000007,14.5,27.30000000000001,68.625,101743.75,2.45,0.0,8,8
07630,2016-06-07,0.0,19.962500000000027,17.100000000000023,23.400000000000034,74.625,102301.25,2.7875,0.0,8,8
07630,2016-06-08,0.0,22.05000000000002,15.400000000000034,27.600000000000023,63.75,102038.75,2.2375000000000003,0.0,8,8
07630,2016-06-09,0.0,22.850000000000023,16.900000000000034,27.80000000000001,55.625,101573.75,2.375,0.0,8,8
07630,2016-06-10,3.4,19.737500000000033,17.400000000000034,24.200000000000045,75.375,101255.0,3.0250000000000004,1.0,8,8
07630,2016-06-11,0.0,18.38750000000003,16.100000000000023,20.900000000000034,72.625,101591.25,4.25,0.0,8,8
07630,2016-06-12,0.0,17.95000000000003,14.100000000000023,20.900000000000034,69.5,101700.0,4.25,0.0,8,8
07630,2016-06-13,4.4,18.63750000000003,16.900000000000034,22.100000000000023,78.0,101243.75,6.775,1.0,8,8
07630,2016-06-14,0.2,17.837500000000027,15.5,21.0,66.875,100975.0,6.7,0.0,8,8
07630,2016-06-15,19.9,17.23750000000002,13.300000000000011,21.600000000000023,72.375,100410.0,2.25,1.0,8,8
07630,2016-06-16,2.0,15.537500000000016,11.5,19.600000000000023,72.0,100655.0,4.3125,1.0,8,8
07630,2016-06-17,0.4,16.525000000000027,13.0,21.200000000000045,68.0,101501.25,4.925,0.0,8,8
07630,2016-06-18,7.0,15.600000000000009,12.800000000000011,19.600000000000023,76.875,102321.25,5.7125,1.0,8,8
07630,2016-06-19,0.0,15.97500000000003,12.600000000000023,19.200000000000045,72.75,102781.25,5.275,0.0,8,8
07630,2016-06-20,0.0,18.575000000000024,12.400000000000034,23.600000000000023,66.125,102491.25,2.7875,0.0,8,8
07630,2016-06-21,0.0,23.337500000000027,15.600000000000023,29.400000000000034,57.875,102141.25,1.6875,0.0,8,8
07630,2016-06-22,0.0,25.662500000000023,19.700000000000045,31.700000000000045,46.5,101806.25,5.5625,0.0,8,8
07630,2016-06-23,0.0,25.97142857142859,21.5,30.900000000000034,43.57142857142857,101670.0,4.685714285714285,,7,7
07630,2016-06-24,0.8,22.150000000000027,19.100000000000023,25.700000000000045,74.875,101955.0,3.775,0.0,8,8
07630,2016-06-25,0.4,19.712500000000013,16.400000000000034,22.100000000000023,71.375,102003.75,4.825,0.0,8,8
07630,2016-06-26,0.0,19.412500000000023,15.900000000000034,22.900000000000034,56.0,102186.25,4.175,0.0,8,8
07630,2016-06-27,0.0,19.58750000000002,14.300000000000011,24.5,60.5,102386.25,4.1625,0.0,8,8
07630,2016-06-28,0.0,21.62500000000003,15.100000000000023,28.0,62.125,101945.0,2.1375,0.0,8,8
07630,2016-06-29,3.6,21.312500000000014,18.30000000000001,25.0,69.5,101696.25,3.775,1.0,8,8
07630,2016-06-30,0.2,21.237500000000033,17.900000000000034,25.700000000000045,68.625,101812.5,2.525,0.0,8,8
07630,2016-07-01,0.0,22.950000000000024,16.5,29.0,66.375,101801.25,2.9,0.0,8,8
07630,2016-07-02,0.0,20.112500000000026,18.200000000000045,21.5,70.5,102206.25,4.3,0.0,8,8
07630,2016-07-03,0.0,19.85000000000003,14.100000000000023,24.900000000000034,59.5,102388.75,3.25,0.0,8,8
07630,2016-07-04,0.6,23.06250000000002,15.800000000000011,30.200000000000045,59.25,101937.5,1.9,0.0,8,8
07630,2016-07-05,3.1999999999999997,23.162500000000016,19.900000000000034,27.5,71.25,101962.5,3.625,1.0,8,8
07630,2016-07-06,0.0,24.31250000000003,20.100000000000023,29.400000000000034,57.75,102023.75,3.1125,0.0,8,8
07630,2016-07-07,0.0,25.87500000000003,17.900000000000034,32.200000000000045,48.5,101833.75,1.6625,0.0,8,8
07630,2016-07-08,0.0,25.287500000000023,20.80000000000001,30.80000000000001,64.625,102013.75,4.3,0.0,8,8
07630,2016-07-09,0.0,24.28750000000003,19.200000000000045,29.900000000000034,60.25,102103.75,2.4625,0.0,8,8
07630,2016-07-10,0.0,27.275000000000027,19.0,34.80000000000001,53.625,101488.75,2.575,0.0,8,8
07630,2016-07-11,19.8,20.81250000000003,17.900000000000034,22.900000000000034,78.25,101705.0,4.325,1.0,8,8
07630,2016-07-12,25.9,17.25000000000002,16.100000000000023,18.600000000000023,86.5,101890.0,3.6875,1.0,8,8
07630,2016-07-13,0.2,17.92500000000001,15.300000000000011,21.5,64.0,102255.0,6.35,0.0,8,8
07630,2016-07-14,0.0,17.112500000000026,13.200000000000045,21.0,59.5,102527.5,6.025,0.0,8,8
07630,2016-07-15,0.0,18.737500000000026,12.800000000000011,24.400000000000034,50.75,102633.75,2.9625,0.0,8,8
07630,2016-07-16,0.0,20.775000000000027,13.200000000000045,27.700000000000045,47.875,102260.0,1.5375,0.0,8,8
07630,2016-07-17,0.0,23.812500000000014,14.800000000000011,31.700000000000045,46.125,101882.5,2.675,0.0,8,8
07630,2016-07-18,0.0,25.61250000000001,18.80000000000001,33.0,45.0,101768.75,5.45,0.0,8,8
07630,2016-07-19,0.0,25.037500000000023,18.5,32.80000000000001,58.25,101578.75,5.55,0.0,8,8
07630,2016-07-20,0.0,22.700000000000017,19.400000000000034,26.100000000000023,71.75,101618.75,4.6375,0.0,8,8
07630,2016-07-21,0.0,23.287500000000016,19.700000000000045,28.30000000000001,66.625,101723.75,3.5875,0.0,8,8
07630,2016-07-22,19.5,20.787500000000023,17.600000000000023,23.5,79.75,101768.75,4.0,1.0,8,8
07630,2016-07-23,1.2,21.400000000000027,17.400000000000034,26.30000000000001,72.875,102095.0,5.475,1.0,8,8
07630,2016-07-24,0.0,22.350000000000023,17.100000000000023,27.600000000000023,64.5,102138.75,3.95,0.0,8,8
07630,2016-07-25,0.0,23.737500000000026,18.600000000000023,29.0,62.0,102072.5,3.6,0.0,8,8
07630,2016-07-26,0.0,23.95000000000001,18.900000000000034,28.0,63.25,102097.5,3.3875,0.0,8,8
07630,2016-07-27,0.0,22.40000000000002,18.900000000000034,26.200000000000045,62.0,102108.75,4.5,0.0,8,8
07630,2016-07-28,0.0,21.37500000000002,17.600000000000023,25.5,66.75,102097.5,3.9125,0.0,8,8
07630,2016-07-29,0.0,23.81250000000003,16.200000000000045,30.5,64.0,101678.75,1.6125,0.0,8,8
07630,2016-07-30,0.6,25.837500000000013,20.80000000000001,32.5,67.0,101343.75,2.5625,0.0,8,8
07630,2016-07-31,0.4,20.96250000000002,18.80000000000001,23.0,71.875,101841.25,4.2625,0.0,8,8
07630,2016-08-01,0.0,21.16250000000003,17.100000000000023,25.30000000000001,60.625,102181.25,3.875,0.0,8,8
07630,2016-08-02,0.0,22.012500000000017,15.900000000000034,27.600000000000023,59.375,102146.25,2.6625,0.0,8,8
07630,2016-08-03,0.4,24.61250000000002,16.30000000000001,32.400000000000034,55.0,101688.75,1.9625,0.0,8,8
07630,2016-08-04,0.8,21.86250000000002,18.600000000000023,25.100000000000023,70.25,101565.0,4.4125,0.0,8,8
07630,2016-08-05,0.4,20.212500000000027,15.600000000000023,24.80000000000001,64.125,102353.75,4.575,0.0,8,8
07630,2016-08-06,0.0,21.662500000000016,15.400000000000034,27.5,53.75,102696.25,3.7375,0.0,8,8
07630,2016-08-07,0.0,23.262500000000024,16.600000000000023,29.600000000000023,49.25,102652.5,2.85,0.0,8,8
07630,2016-08-08,0.0,24.837500000000027,19.0,31.700000000000045,54.875,102347.5,3.6875,0.0,8,8
07630,2016-08-09,0.0,21.087500000000027,17.600000000000023,24.200000000000045,65.375,102225.0,4.9875,0.0,8,8
07630,2016-08-10,0.0,19.837500000000027,14.100000000000023,25.200000000000045,49.75,102318.75,5.1375,0.0,8,8
07630,2016-08-11,0.0,19.112500000000026,13.600000000000023,24.80000000000001,48.125,102593.75,4.4125,0.0,8,8
07630,2016-08-12,0.0,21.675000000000026,13.400000000000034,28.900000000000034,49.5,102542.5,1.95,0.0,8,8
07630,2016-08-13,0.0,24.700000000000024,16.600000000000023,33.400000000000034,44.125,102157.5,3.1625,0.0,8,8
07630,2016-08-14,0.0,25.200000000000024,17.80000000000001,33.30000000000001,45.125,101966.25,3.8625,0.0,8,8
07630,2016-08-15,0.0,25.187500000000007,18.80000000000001,33.10000000000002,57.875,101668.75,4.3125,0.0,8,8
07630,2016-08-16,0.0,26.575000000000024,20.900000000000034,34.0,56.375,101386.25,2.725,0.0,8,8
07630,2016-08-17,0.0,24.412500000000023,20.900000000000034,28.5,65.375,101342.5,3.3625,0.0,8,8
07630,2016-08-18,0.0,22.13750000000003,20.400000000000034,24.200000000000045,69.75,101402.5,3.725,0.0,8,8
07630,2016-08-19,0.0,24.225000000000023,16.400000000000034,33.10000000000002,58.625,101128.75,2.525,0.0,8,8
07630,2016-08-20,22.7,19.025000000000027,16.200000000000045,21.700000000000045,76.125,101916.25,3.4625,1.0,8,8
07630,2016-08-21,0.2,20.237500000000033,16.100000000000023,24.600000000000023,63.25,102527.5,4.1375,0.0,8,8
07630,2016-08-22,0.0,21.987500000000026,13.800000000000011,30.200000000000045,55.375,102465.0,2.1625,0.0,8,8
07630,2016-08-23,0.0,25.48750000000002,18.200000000000045,33.10000000000002,39.125,102018.75,4.0625,0.0,8,8
07630,2016-08-24,0.0,25.825000000000024,17.700000000000045,34.30000000000001,44.125,101802.5,3.7625,0.0,8,8
07630,2016-08-25,0.0,26.81250000000002,19.30000000000001,35.0,39.25,101523.75,4.725,0.0,8,8
07630,2016-08-26,0.0,24.87500000000003,17.80000000000001,32.400000000000034,50.875,101662.5,2.8625,0.0,8,8
07630,2016-08-27,0.0,26.087500000000027,20.5,33.700000000000045,46.625,101660.0,4.85,0.0,8,8
07630,2016-08-28,0.2,23.62500000000002,21.0,26.30000000000001,69.125,102032.5,3.4125,0.0,8,8
07630,2016-08-29,0.4,21.262500000000017,18.80000000000001,23.400000000000034,66.0,102318.75,4.5375,0.0,8,8
07630,2016-08-30,0.0,21.450000000000017,15.600000000000023,27.30000000000001,58.25,102080.0,2.125,0.0,8,8
07630,2016-08-31,0.0,22.63750000000001,15.0,30.200000000000045,55.5,102028.75,2.2125,0.0,8,8
07630,2016-09-01,0.0,24.737500000000026,19.0,30.700000000000045,49.875,102207.5,2.3875,0.0,8,8
07630,2016-09-02,0.0,24.62500000000003,16.200000000000045,32.30000000000001,50.625,102036.25,2.0875,0.0,8,8
07630,2016-09-03,0.0,25.700000000000024,18.700000000000045,32.60000000000002,50.25,101923.75,1.5875,0.0,8,8
07630,2016-09-04,0.0,24.537500000000023,18.80000000000001,30.400000000000034,55.5,101893.75,2.55,0.0,8,8
07630,2016-09-05,0.0,22.93750000000002,18.200000000000045,27.100000000000023,57.75,102265.0,3.875,0.0,8,8
07630,2016-09-06,0.0,24.637500000000024,17.200000000000045,31.700000000000045,59.125,102028.75,2.7375,0.0,8,8
07630,2016-09-07,0.0,25.337500000000027,20.80000000000001,31.400000000000034,47.875,101400.0,4.9125,0.0,8,8
07630,2016-09-08,0.0,22.36250000000002,20.100000000000023,25.600000000000023,69.125,101740.0,3.75,0.0,8,8
07630,2016-09-09,0.4,22.37500000000002,16.200000000000045,28.80000000000001,51.625,101737.5,2.2875,0.0,8,8
07630,2016-09-10,0.2,22.475000000000016,16.30000000000001,29.100000000000023,58.0,101723.75,2.45,0.0,8,8
07630,2016-09-11,0.0,23.037500000000023,15.700000000000045,30.0,54.5,101676.25,1.65,0.0,8,8
07630,2016-09-12,0.0,25.325000000000017,17.80000000000001,33.60000000000002,55.75,101307.5,4.9624999999999995,0.0,8,8
07630,2016-09-13,0.0,25.450000000000024,20.400000000000034,31.0,58.5,100927.5,7.625,0.0,8,8
07630,2016-09-14,11.4,16.212500000000027,14.900000000000034,18.5,85.75,101260.0,3.0875,1.0,8,8
07630,2016-09-15,0.0,17.525000000000013,12.0,23.700000000000045,68.5,101248.75,2.9125,0.0,8,8
07630,2016-09-16,3.0,16.937500000000014,13.900000000000034,21.30000000000001,79.5,101807.5,4.475,1.0,8,8
07630,2016-09-17,0.0,17.162500000000023,14.200000000000045,20.600000000000023,66.125,102177.5,5.6499999999999995,0.0,8,8
07630,2016-09-18,0.0,15.787500000000023,12.300000000000011,18.5,72.25,102147.5,4.85,0.0,8,8
07630,2016-09-19,0.0,18.075000000000017,15.0,21.80000000000001,68.375,102100.0,4.875,0.0,8,8
07630,2016-09-20,0.0,19.275000000000027,15.300000000000011,23.900000000000034,64.5,101712.5,3.3625,0.0,8,8
07630,2016-09-21,0.0,18.88750000000003,12.900000000000034,24.700000000000045,62.875,101697.5,2.3875,0.0,8,8
07630,2016-09-22,0.0,18.637500000000017,10.800000000000011,26.0,57.375,101970.0,1.425,0.0,8,8
07630,2016-09-23,0.0,19.350000000000016,13.100000000000023,25.5,61.75,102376.25,1.6625,0.0,8,8
07630,2016-09-24,0.0,20.225000000000016,12.800000000000011,27.700000000000045,63.375,102076.25,4.55,0.0,8,8
07630,2016-09-25,0.0,19.000000000000014,16.400000000000034,22.30000000000001,75.375,102100.0,4.45,0.0,8,8
07630,2016-09-26,0.2,17.375000000000036,12.900000000000034,22.900000000000034,64.75,102240.0,1.4875,0.0,8,8
07630,2016-09-27,0.0,18.037500000000023,11.300000000000011,24.900000000000034,59.75,102616.25,2.6,0.0,8,8
07630,2016-09-28,0.0,19.73750000000002,12.400000000000034,27.0,54.375,102900.0,1.25,0.0,8,8
07630,2016-09-29,0.0,19.787500000000023,11.200000000000045,28.600000000000023,59.5,102375.0,3.2875,0.0,8,8
07630,2016-09-30,0.0,21.50000000000003,17.700000000000045,27.600000000000023,68.5,101631.25,4.675,0.0,8,8
07630,2016-10-01,0.6000000000000001,18.912500000000023,17.100000000000023,20.600000000000023,75.375,101421.25,2.875,0.0,8,8
07630,2016-10-02,0.7999999999999999,17.825000000000017,15.400000000000034,21.5,67.125,101822.5,1.9500000000000002,0.0,8,8
07630,2016-10-03,0.0,17.55000000000002,10.700000000000045,24.400000000000034,58.25,102171.25,1.5375,0.0,8,8
07630,2016-10-04,0.0,19.87500000000003,12.600000000000023,27.700000000000045,50.75,102020.0,1.8250000000000002,0.0,8,8
07630,2016-10-05,0.0,19.887500000000024,17.600000000000023,22.900000000000034,67.5,102016.25,2.8125,0.0,8,8
07630,2016-10-06,0.0,18.62857142857144,16.30000000000001,22.5,60.857142857142854,101318.57142857143,3.142857142857143,,7,7
07630,2016-10-07,0.0,14.66250000000003,9.700000000000045,19.100000000000023,67.375,101550.0,2.0625,0.0,8,8
07630,2016-10-08,0.0,13.487500000000026,9.400000000000034,18.200000000000045,59.625,102142.5,3.825,0.0,8,8
07630,2016-10-09,0.0,13.362500000000011,9.0,18.5,56.125,102258.75,2.7375,0.0,8,8
07630,2016-10-10,0.0,11.312500000000021,6.2000000000000455,17.30000000000001,52.5,102152.5,3.0625,0.0,8,8
07630,2016-10-11,0.0,12.200000000000017,7.800000000000011,16.0,46.75,101632.5,2.1875,0.0,8,8
07630,2016-10-12,0.0,13.675000000000026,10.700000000000045,15.900000000000034,57.625,100848.75,4.825,0.0,8,8
07630,2016-10-13,2.0,16.612500000000026,14.400000000000034,20.100000000000023,78.25,100122.5,4.225,1.0,8,8
07630,2016-10-14,15.299999999999999,13.52500000000002,11.900000000000034,15.200000000000045,88.625,100438.75,4.075,1.0,8,8
07630,2016-10-15,0.0,14.40000000000002,8.700000000000045,22.100000000000023,72.875,101368.75,3.625,0.0,8,8
07630,2016-10-16,0.0,14.83750000000002,10.600000000000023,19.0,79.625,101810.0,1.5750000000000002,0.0,8,8
07630,2016-10-17,0.2,16.925000000000033,13.900000000000034,21.200000000000045,81.25,102235.0,1.5,0.0,8,8
07630,2016-10-18,0.8,16.225000000000023,13.600000000000023,19.400000000000034,73.0,102627.5,2.4,0.0,8,8
07630,2016-10-19,0.0,13.625000000000021,9.100000000000023,18.200000000000045,66.0,102375.0,2.45,0.0,8,8
07630,2016-10-20,0.0,13.075000000000024,11.600000000000023,15.5,59.25,101911.25,2.8875,0.0,8,8
07630,2016-10-21,0.0,10.375000000000014,4.2000000000000455,16.0,64.375,101756.25,1.625,0.0,8,8
07630,2016-10-22,0.0,10.52500000000002,4.5,16.900000000000034,77.125,101105.0,3.8499999999999996,0.0,8,8
07630,2016-10-23,0.0,17.82500000000003,14.300000000000011,23.100000000000023,77.25,100451.25,7.15,0.0,8,8
07630,2016-10-24,0.8,17.31250000000002,14.200000000000045,20.0,81.5,101088.75,2.7875,0.0,8,8
07630,2016-10-25,20.599999999999998,16.87500000000002,14.900000000000034,19.600000000000023,87.375,101915.0,1.3875,1.0,8,8
07630,2016-10-26,0.4,16.225000000000016,14.5,17.80000000000001,92.625,102520.0,2.325,0.0,8,8
07630,2016-10-27,0.2,11.287500000000023,8.700000000000045,13.5,92.625,103068.75,2.2375,0.0,8,8
07630,2016-10-28,0.0,9.400000000000027,7.7000000000000455,14.300000000000011,92.375,103186.25,1.4,0.0,8,8
07630,2016-10-29,0.0,10.375000000000021,6.600000000000023,18.5,87.125,102822.5,1.05,0.0,8,8
07630,2016-10-30,0.0,12.175000000000026,4.5,21.5,75.375,102291.25,1.3,0.0,8,8
07630,2016-10-31,0.0,14.200000000000024,9.600000000000023,19.80000000000001,74.0,102163.75,4.55,0.0,8,8
07630,2016-11-01,0.0,15.037500000000023,10.600000000000023,21.30000000000001,77.5,102148.75,2.875,0.0,8,8
07630,2016-11-02,0.0,12.725000000000023,7.2000000000000455,19.200000000000045,79.75,102053.75,1.7,0.0,8,8
07630,2016-11-03,0.2,10.21250000000002,8.600000000000023,11.600000000000023,92.125,101918.75,1.475,0.0,8,8
07630,2016-11-04,0.0,11.050000000000026,5.800000000000011,17.0,84.125,101581.25,2.6375,0.0,8,8
07630,2016-11-05,5.8,11.437500000000014,9.0,12.5,89.625,100738.75,3.35,1.0,8,8
07630,2016-11-06,1.8,8.062500000000021,5.400000000000034,10.800000000000011,83.5,100891.25,4.2125,1.0,8,8
07630,2016-11-07,0.0,6.412500000000023,4.900000000000034,9.0,81.375,101246.25,2.4125,0.0,8,8
07630,2016-11-08,0.0,7.450000000000031,5.5,9.700000000000045,77.875,101657.5,6.025,0.0,8,8
07630,2016-11-09,7.3999999999999995,9.962500000000027,7.600000000000023,13.100000000000023,82.5,101478.75,5.6375,1.0,8,8
07630,2016-11-10,4.4,11.137500000000024,9.700000000000045,13.600000000000023,86.25,102047.5,6.05,1.0,8,8
07630,2016-11-11,3.0,11.225000000000016,10.100000000000023,12.5,84.375,102288.75,4.6625000000000005,1.0,8,8
07630,2016-11-12,0.0,10.075000000000031,6.400000000000034,13.800000000000011,75.875,102292.5,0.95,0.0,8,8
07630,2016-11-13,9.4,11.150000000000027,9.100000000000023,13.400000000000034,90.0,102385.0,3.725,1.0,8,8
07630,2016-11-14,1.0,9.800000000000026,7.600000000000023,11.300000000000011,82.375,102985.0,4.4125,0.0,8,8
07630,2016-11-15,0.0,8.58750000000002,7.300000000000011,11.0,74.625,103318.75,3.1375,0.0,8,8
07630,2016-11-16,0.0,10.037500000000016,8.200000000000045,11.800000000000011,83.0,102856.25,1.35,0.0,8,8
07630,2016-11-17,0.0,11.625000000000021,9.300000000000011,15.5,81.25,102037.5,1.2375,0.0,8,8
07630,2016-11-18,0.8,10.750000000000014,7.5,12.900000000000034,87.75,101428.75,2.075,0.0,8,8
07630,2016-11-19,0.4,10.58750000000002,9.0,12.800000000000011,76.625,101391.25,3.0250000000000004,0.0,8,8
07630,2016-11-20,0.0,12.725000000000023,9.600000000000023,17.0,72.125,100471.25,3.85,0.0,8,8
07630,2016-11-21,1.8,14.41250000000003,12.200000000000045,17.700000000000045,74.75,99868.75,3.75,1.0,8,8
07630,2016-11-22,0.0,11.35000000000003,10.400000000000034,12.900000000000034,86.625,100662.5,2.625,0.0,8,8
07630,2016-11-23,14.1,10.625000000000014,8.800000000000011,16.200000000000045,90.875,100523.75,3.6125,1.0,8,8
07630,2016-11-24,3.8000000000000003,10.325000000000024,8.800000000000011,11.900000000000034,86.25,100740.0,1.9625,1.0,8,8
07630,2016-11-25,0.0,9.637500000000017,6.800000000000011,13.400000000000034,80.5,101155.0,1.6375,0.0,8,8
07630,2016-11-26,0.0,7.20000000000001,1.0,13.0,86.0,101282.5,1.975,0.0,8,8
07630,2016-11-27,0.0,11.662500000000016,7.800000000000011,16.30000000000001,77.375,101232.5,2.575,0.0,8,8
07630,2016-11-28,0.0,6.500000000000021,4.900000000000034,8.200000000000045,94.875,101450.0,2.2125,0.0,8,8
07630,2016-11-29,0.0,8.162500000000023,6.5,10.600000000000023,86.125,102343.75,2.3875,0.0,8,8
07630,2016-11-30,0.0,9.850000000000023,6.7000000000000455,13.800000000000011,72.5,103081.25,3.4875,0.0,8,8
07630,2016-12-01,0.0,5.725000000000016,2.0,13.0,79.875,102783.75,0.675,0.0,8,8
07630,2016-12-02,0.0,2.637500000000024,-0.5,9.700000000000045,89.125,102062.5,0.9625,0.0,8,8
07630,2016-12-03,0.0,4.700000000000017,-1.5,10.600000000000023,80.25,101573.75,3.35,0.0,8,8
07630,2016-12-04,0.0,13.137500000000024,10.0,15.800000000000011,75.875,101467.5,6.7125,0.0,8,8
07630,2016-12-05,0.0,12.650000000000027,10.100000000000023,15.5,77.375,102113.75,5.1125,0.0,8,8
07630,2016-12-06,0.0,8.537500000000023,2.7000000000000455,15.100000000000023,82.25,102766.25,0.825,0.0,8,8
07630,2016-12-07,0.0,8.000000000000028,2.7000000000000455,15.0,79.875,103056.25,2.2625,0.0,8,8
07630,2016-12-08,0.0,9.962500000000027,4.600000000000023,14.200000000000045,79.375,103232.5,4.45,0.0,8,8
07630,2016-12-09,0.0,8.900000000000027,4.800000000000011,14.200000000000045,84.0,103147.5,2.3875,0.0,8,8
07630,2016-12-10,0.0,5.675000000000026,3.6000000000000227,8.0,96.75,102905.0,1.175,0.0,8,8
07630,2016-12-11,0.0,5.312500000000028,0.7000000000000455,10.700000000000045,87.625,102772.5,0.9625,0.0,8,8
07630,2016-12-12,0.0,4.637500000000024,2.5,8.100000000000023,93.0,102671.25,0.8625,0.0,8,8
07630,2016-12-13,0.0,5.47500000000003,0.20000000000004547,13.100000000000023,82.875,102473.75,1.875,0.0,8,8
07630,2016-12-14,0.0,9.187500000000021,5.800000000000011,13.700000000000045,82.625,102045.0,3.0875,0.0,8,8
07630,2016-12-15,0.0,6.6125000000000185,1.0,12.400000000000034,75.75,102197.5,1.8375,0.0,8,8
07630,2016-12-16,0.0,8.637500000000017,4.0,14.5,82.625,102170.0,2.9875,0.0,8,8
07630,2016-12-17,0.0,9.550000000000011,5.5,13.300000000000011,79.5,103471.25,2.475,0.0,8,8
07630,2016-12-18,0.0,3.90000000000002,0.5,9.5,89.25,103323.75,1.2999999999999998,0.0,8,8
07630,2016-12-19,1.2,2.8625000000000256,-1.099999999999966,6.100000000000023,89.0,102236.25,1.5375,1.0,8,8
07630,2016-12-20,0.0,5.16250000000003,3.7000000000000455,7.300000000000011,87.75,102186.25,1.6125,0.0,8,8
07630,2016-12-21,0.0,3.2375000000000185,-0.6999999999999886,8.300000000000011,83.625,103052.5,1.2,0.0,8,8
07630,2016-12-22,1.8,3.200000000000024,-0.8999999999999773,6.900000000000034,90.375,103462.5,1.0625,1.0,8,8
07630,2016-12-23,1.8,10.712500000000027,7.400000000000034,13.100000000000023,93.0,103600.0,1.75,1.0,8,8
07630,2016-12-24,0.6,11.625000000000028,10.100000000000023,13.100000000000023,89.625,103777.5,3.275,0.0,8,8
07630,2016-12-25,0.0,11.362500000000018,9.5,13.0,88.25,103592.5,2.4625,0.0,8,8
07630,2016-12-26,0.2,9.912500000000009,8.300000000000011,11.5,86.625,103500.0,1.675,0.0,8,8
07630,2016-12-27,0.0,8.350000000000016,5.5,10.5,89.875,103607.5,1.5625,0.0,8,8
07630,2016-12-28,0.0,5.662500000000023,1.5,13.0,84.25,103606.25,1.05,0.0,8,8
07630,2016-12-29,0.0,2.7250000000000156,-1.1999999999999886,7.600000000000023,89.5,103580.0,1.6375,0.0,8,8
07630,2016-12-30,0.0,2.137500000000017,1.5,2.6000000000000227,96.875,103696.25,0.9875,0.0,8,8
07630,2016-12-31,0.0,3.250000000000014,0.7000000000000455,5.7000000000000455,97.25,103280.0,1.3625,0.0,8,8
07630,2017-01-01,0.0,1.5750000000000242,-1.6999999999999886,4.400000000000034,95.375,102610.0,0.8875,0.0,8,8
07630,2017-01-02,0.0,1.6750000000000185,0.9000000000000341,2.2000000000000455,96.125,102345.0,1.6875,0.0,8,8
07630,2017-01-03,0.0,1.6250000000000142,1.0,2.7000000000000455,92.25,102697.5,1.6125,0.0,8,8
07630,2017-01-04,0.0,0.22500000000002274,-0.6999999999999886,2.3000000000000114,90.625,102920.0,2.05,0.0,8,8
07630,2017-01-05,0.2,1.3500000000000227,-1.1999999999999886,4.900000000000034,84.875,103138.75,2.9166666666666665,0.0,8,8
07630,2017-01-06,0.0,-1.0857142857142728,-4.599999999999966,4.5,77.57142857142857,103425.71428571429,1.6142857142857143,,8,7
07630,2017-01-07,0.0,-0.9833333333333106,-4.399999999999977,5.5,75.16666666666667,103428.33333333333,1.1800000000000002,,8,5
07630,2017-01-08,0.0,0.9500000000000313,-3.7999999999999545,5.400000000000034,82.625,103321.25,2.7625,0.0,8,8
07630,2017-01-09,0.0,4.8625000000000185,2.0,7.5,78.625,102992.5,3.5625,0.0,8,8
07630,2017-01-10,10.5,6.825000000000024,5.2000000000000455,8.200000000000045,86.25,101740.0,5.675,1.0,8,8
07630,2017-01-11,1.0,8.125000000000021,5.400000000000034,11.100000000000023,89.875,102253.75,3.45,0.0,8,8
07630,2017-01-12,3.2,10.600000000000016,9.200000000000045,12.100000000000023,91.875,102011.25,3.025,1.0,8,8
07630,2017-01-13,3.0,5.837500000000027,3.6000000000000227,9.400000000000034,76.5,101975.0,7.5625,1.0,8,8
07630,2017-01-14,0.2,3.7375000000000256,2.3000000000000114,6.100000000000023,76.5,102577.5,6.3875,0.0,8,8
07630,2017-01-15,0.0,4.487500000000026,2.900000000000034,5.900000000000034,83.125,102631.25,5.5375,0.0,8,8
07630,2017-01-16,2.0,6.100000000000023,1.0,8.700000000000045,80.375,102218.75,6.0625,1.0,8,8
07630,2017-01-17,0.0,-0.8833333333333163,-1.599999999999966,0.5,68.33333333333333,102566.66666666667,5.833333333333333,,8,6
07630,2017-01-18,0.0,-2.924999999999983,-5.5,0.5,67.125,102723.75,2.8,0.0,8,8
07630,2017-01-19,0.0,-2.612499999999983,-6.5,1.8000000000000114,69.75,102835.0,1.4125,0.0,8,8
07630,2017-01-20,0.0,1.1875000000000213,-4.0,8.700000000000045,74.125,102581.25,1.8875,0.0,8,8
07630,2017-01-21,0.0,4.462500000000034,-0.7999999999999545,10.700000000000045,66.375,102312.5,2.0,0.0,8,8
07630,2017-01-22,0.2,2.575000000000024,-1.7999999999999545,6.0,86.875,102212.5,1.425,0.0,8,8
07630,2017-01-23,0.6,5.412500000000023,3.400000000000034,8.800000000000011,79.875,102277.5,2.1,0.0,8,8
07630,2017-01-24,0.0,2.8125000000000284,0.20000000000004547,6.100000000000023,71.5,102543.75,4.55,0.0,8,8
07630,2017-01-25,0.0,-0.474999999999973,-2.599999999999966,1.7000000000000455,77.25,102408.75,1.7625,0.0,8,8
07630,2017-01-26,0.0,1.5000000000000284,-5.099999999999966,9.200000000000045,77.5,101696.25,2.3375,0.0,8,8
07630,2017-01-27,0.0,10.700000000000024,7.300000000000011,12.700000000000045,60.125,100983.75,8.8,0.0,8,8
07630,2017-01-28,0.0,8.137500000000017,4.0,10.800000000000011,79.25,101917.5,3.1375,0.0,8,8
07630,2017-01-29,0.0,6.700000000000038,1.7000000000000455,13.900000000000034,73.625,102316.25,2.7625,0.0,8,8
07630,2017-01-30,0.0,8.800000000000026,6.0,12.200000000000045,81.75,102050.0,2.85,0.0,8,8
07630,2017-01-31,0.0,10.375000000000028,8.200000000000045,13.600000000000023,81.5,101653.75,5.45,0.0,8,8
07630,2017-02-01,0.0,11.487500000000018,9.600000000000023,14.800000000000011,79.625,101521.25,6.275,0.0,8,8
07630,2017-02-02,1.5999999999999999,11.312500000000014,9.5,14.0,79.25,100927.5,5.9125,1.0,8,8
07630,2017-02-03,1.4,7.937500000000014,4.5,12.5,78.625,101157.5,3.5125,1.0,8,8
07630,2017-02-04,6.6,9.975000000000016,8.5,12.300000000000011,74.75,100817.5,6.0125,1.0,8,8
07630,2017-02-05,15.1,8.08750000000002,7.100000000000023,9.100000000000023,83.0,100798.75,7.05,1.0,8,8
07630,2017-02-06,0.0,7.4875000000000185,5.800000000000011,10.0,73.875,102183.75,6.625,0.0,8,8
07630,2017-02-07,6.4,9.887500000000031,6.7000000000000455,13.400000000000034,86.875,102031.25,3.975,1.0,8,8
07630,2017-02-08,1.0,5.837500000000027,4.2000000000000455,7.2000000000000455,84.75,102380.0,5.85,0.0,8,8
07630,2017-02-09,0.0,5.375000000000021,3.0,9.0,74.25,102191.25,2.5625,0.0,8,8
07630,2017-02-10,0.0,6.15000000000002,1.400000000000034,12.0,71.25,101428.75,3.475,0.0,8,8
07630,2017-02-11,0.0,6.2375000000000185,1.5,11.800000000000011,77.875,101560.0,1.2375,0.0,8,8
07630,2017-02-12,0.0,12.212500000000027,11.300000000000011,13.100000000000023,72.0,101020.0,12.0625,0.0,8,8
07630,2017-02-13,0.0,13.062500000000021,12.600000000000023,13.700000000000045,70.125,101033.75,13.7875,0.0,8,8
07630,2017-02-14,0.8,12.200000000000031,10.300000000000011,14.700000000000045,80.625,102177.5,4.2,0.0,8,8
07630,2017-02-15,0.0,12.637500000000024,10.700000000000045,16.400000000000034,77.625,103108.75,4.9625,0.0,8,8
07630,2017-02-16,0.0,12.162500000000023,7.900000000000034,17.200000000000045,74.75,103156.25,2.1999999999999997,0.0,8,8
07630,2017-02-17,0.0,9.77500000000002,3.5,17.0,72.75,102806.25,1.2875,0.0,8,8
07630,2017-02-18,0.0,8.675000000000018,3.0,16.0,70.125,102285.0,1.3875000000000002,0.0,8,8
07630,2017-02-19,0.0,8.262500000000017,2.5,13.900000000000034,76.875,102693.75,1.6875,0.0,8,8
07630,2017-02-20,0.0,8.550000000000026,5.7000000000000455,10.900000000000034,77.875,102911.25,3.0,0.0,8,8
07630,2017-02-21,0.0,10.200000000000031,5.5,14.700000000000045,73.5,102718.75,1.3875,0.0,8,8
07630,2017-02-22,0.0,10.950000000000024,6.0,17.400000000000034,72.5,102298.75,1.825,0.0,8,8
07630,2017-02-23,0.0,8.875000000000021,2.900000000000034,16.30000000000001,79.25,101650.0,2.4625,0.0,8,8
07630,2017-02-24,0.6,9.175000000000026,7.2000000000000455,10.600000000000023,68.375,101913.75,5.2875,0.0,8,8
07630,2017-02-25,0.0,7.112500000000033,0.6000000000000227,13.200000000000045,55.375,102212.5,1.875,0.0,8,8
07630,2017-02-26,0.0,7.062500000000021,0.8000000000000114,13.100000000000023,73.75,102106.25,1.6,0.0,8,8
07630,2017-02-27,0.0,9.000000000000021,1.3000000000000114,16.600000000000023,75.625,101206.25,2.9875,0.0,8,8
07630,2017-02-28,3.2,9.325000000000031,6.100000000000023,11.200000000000045,73.0,101011.25,6.3125,1.0,8,8
07630,2017-03-01,0.0,8.812500000000014,1.900000000000034,17.0,69.5,101795.0,2.65,0.0,8,8
07630,2017-03-02,0.0,11.725000000000023,7.2000000000000455,17.200000000000045,71.625,101842.5,1.8375000000000001,0.0,8,8
07630,2017-03-03,0.0,12.33750000000002,10.0,15.200000000000045,70.125,100392.5,8.3375,0.0,8,8
07630,2017-03-04,28.1,7.700000000000031,6.100000000000023,9.900000000000034,77.75,100195.0,7.862500000000001,1.0,8,8
07630,2017-03-05,2.4,7.887500000000024,3.400000000000034,13.800000000000011,75.125,101383.75,4.025,1.0,8,8
07630,2017-03-06,2.2,11.412500000000023,8.5,15.200000000000045,70.75,101777.5,9.0,1.0,8,8
07630,2017-03-07,15.9,8.887500000000024,7.900000000000034,9.800000000000011,85.125,102433.75,4.5625,1.0,8,8
07630,2017-03-08,4.7,12.325000000000017,10.0,15.100000000000023,82.75,102752.5,5.0875,1.0,8,8
07630,2017-03-09,0.0,11.237500000000026,6.600000000000023,16.30000000000001,77.5,102788.75,1.7,0.0,8,8
07630,2017-03-10,0.0,11.225000000000016,3.6000000000000227,19.0,71.375,102377.5,0.9874999999999999,0.0,8,8
07630,2017-03-11,0.0,13.062500000000014,4.0,22.200000000000045,64.5,101730.0,3.425,0.0,8,8
07630,2017-03-12,0.4,12.100000000000009,9.800000000000011,13.5,80.25,101750.0,5.8,0.0,8,8
07630,2017-03-13,0.2,10.837500000000027,9.200000000000045,13.400000000000034,88.375,102485.0,3.625,0.0,8,8
07630,2017-03-14,0.0,10.712500000000027,7.7000000000000455,15.400000000000034,82.25,103208.75,2.925,0.0,8,8
07630,2017-03-15,0.0,10.162500000000016,4.600000000000023,16.0,78.25,102880.0,2.0625,0.0,8,8
07630,2017-03-16,0.0,12.41250000000003,3.2000000000000455,22.600000000000023,67.0,102287.5,1.675,0.0,8,8
07630,2017-03-17,0.0,12.90000000000002,5.900000000000034,19.30000000000001,66.625,102237.5,2.9625000000000004,0.0,8,8
07630,2017-03-18,0.0,10.712500000000027,9.700000000000045,12.700000000000045,68.125,102521.25,4.2,0.0,8,8
07630,2017-03-19,0.0,10.387500000000017,4.5,16.600000000000023,75.25,102155.0,2.625,0.0,8,8
07630,2017-03-20,0.0,11.187500000000014,8.0,13.900000000000034,78.0,101787.5,2.8125,0.0,8,8
07630,2017-03-21,0.8,10.08750000000002,7.900000000000034,12.700000000000045,78.25,101708.75,4.0625,0.0,8,8
07630,2017-03-22,0.0,9.800000000000026,5.300000000000011,15.700000000000045,71.375,101162.5,2.375,0.0,8,8
07630,2017-03-23,2.8,7.662500000000023,5.100000000000023,12.400000000000034,74.125,101075.0,2.65,1.0,8,8
07630,2017-03-24,6.3,6.812500000000028,3.2000000000000455,10.600000000000023,82.125,101635.0,2.0125,1.0,8,8
07630,2017-03-25,8.3,9.062500000000014,5.5,16.600000000000023,77.875,101217.5,4.125,1.0,8,8
07630,2017-03-26,0.0,12.000000000000036,6.2000000000000455,19.400000000000034,65.0,101673.75,4.1625,0.0,8,8
07630,2017-03-27,0.0,12.875000000000028,9.700000000000045,16.5,67.875,101801.25,6.025,0.0,8,8
07630,2017-03-28,0.0,13.362500000000026,7.5,18.900000000000034,68.375,102556.25,2.0875,0.0,8,8
07630,2017-03-29,0.0,14.287500000000023,6.400000000000034,21.5,57.75,102627.5,1.55,0.0,8,8
07630,2017-03-30,0.0,15.175000000000011,7.0,22.80000000000001,57.125,102222.5,3.525,0.0,8,8
07630,2017-03-31,12.7,14.375000000000021,11.600000000000023,19.200000000000045,65.0,101822.5,4.6000000000000005,1.0,8,8
07630,2017-04-01,13.3,10.737500000000018,8.700000000000045,13.600000000000023,78.875,101820.0,5.7375,1.0,8,8
07630,2017-04-02,2.4,11.237500000000026,8.800000000000011,15.100000000000023,76.0,102130.0,6.0625,1.0,8,8
07630,2017-04-03,0.0,12.812500000000021,8.400000000000034,17.400000000000034,70.5,102475.0,3.6875,0.0,8,8
07630,2017-04-04,0.0,14.362500000000026,10.700000000000045,18.600000000000023,61.0,102437.5,4.8875,0.0,8,8
07630,2017-04-05,0.0,12.700000000000024,9.900000000000034,17.80000000000001,70.25,102408.75,5.4625,0.0,8,8
07630,2017-04-06,0.0,11.950000000000024,6.7000000000000455,17.900000000000034,60.125,102348.75,4.3374999999999995,0.0,8,8
07630,2017-04-07,0.0,12.437500000000028,5.100000000000023,19.200000000000045,56.875,102188.75,1.4625,0.0,8,8
07630,2017-04-08,0.0,15.237500000000026,6.300000000000011,24.700000000000045,56.875,102012.5,2.8,0.0,8,8
07630,2017-04-09,0.0,16.38750000000003,11.700000000000045,23.400000000000034,58.5,102190.0,4.325,0.0,8,8
07630,2017-04-10,0.0,17.425000000000033,9.700000000000045,24.900000000000034,59.0,102328.75,2.4,0.0,8,8
07630,2017-04-11,0.0,14.562500000000028,11.900000000000034,18.80000000000001,63.375,102432.5,5.5125,0.0,8,8
07630,2017-04-12,0.0,14.46250000000002,7.300000000000011,21.30000000000001,57.25,102130.0,2.1,0.0,8,8
07630,2017-04-13,0.0,15.58750000000002,8.0,22.80000000000001,52.625,101811.25,2.4875,0.0,8,8
07630,2017-04-14,0.0,14.825000000000024,11.300000000000011,19.5,58.625,101883.75,4.5125,0.0,8,8
07630,2017-04-15,0.0,12.337500000000027,10.900000000000034,14.400000000000034,72.875,102321.25,4.3375,0.0,8,8
07630,2017-04-16,0.0,12.925000000000018,9.0,16.900000000000034,68.0,102515.0,3.925,0.0,8,8
07630,2017-04-17,0.0,13.375000000000028,6.5,20.30000000000001,61.375,102087.5,2.8875,0.0,8,8
07630,2017-04-18,0.0,13.325000000000017,8.800000000000011,18.100000000000023,47.5,102142.5,4.4,0.0,8,8
07630,2017-04-19,0.0,10.90000000000002,5.600000000000023,16.0,34.625,102583.75,3.0,0.0,8,8
07630,2017-04-20,0.0,10.46250000000002,3.6000000000000227,17.30000000000001,32.875,102805.0,2.2125,0.0,8,8
07630,2017-04-21,0.0,12.475000000000023,3.400000000000034,20.400000000000034,37.5,102713.75,1.975,0.0,8,8
07630,2017-04-22,0.0,15.775000000000013,7.400000000000034,23.600000000000023,31.5,102268.75,2.15,0.0,8,8
07630,2017-04-23,0.0,16.237500000000033,7.400000000000034,24.400000000000034,45.0,101792.5,2.0375,0.0,8,8
07630,2017-04-24,0.0,15.77500000000002,9.100000000000023,22.80000000000001,57.875,101468.75,4.6375,0.0,8,8
07630,2017-04-25,5.4,14.262500000000024,10.400000000000034,18.30000000000001,76.0,100908.75,4.6125,1.0,8,8
07630,2017-04-26,0.2,8.52500000000002,6.600000000000023,10.5,80.625,101300.0,4.8625,0.0,8,8
07630,2017-04-27,0.0,8.062500000000021,5.0,11.900000000000034,57.375,101788.75,3.8375000000000004,0.0,8,8
07630,2017-04-28,0.0,9.187500000000021,4.100000000000023,13.600000000000023,51.75,102001.25,2.7375,0.0,8,8
07630,2017-04-29,0.0,11.150000000000013,3.3000000000000114,19.600000000000023,53.75,101367.5,3.8625000000000003,0.0,8,8
07630,2017-04-30,4.4,12.225000000000016,6.300000000000011,21.80000000000001,72.625,100795.0,7.0125,1.0,8,8
07630,2017-05-01,0.4,10.587500000000027,6.7000000000000455,14.5,66.0,101892.5,5.8625,0.0,8,8
07630,2017-05-02,15.9,12.225000000000009,10.0,15.0,84.25,101892.5,4.7625,1.0,8,8
07630,2017-05-03,0.6000000000000001,14.02500000000002,10.0,19.100000000000023,70.375,101765.0,1.475,0.0,8,8
07630,2017-05-04,0.0,15.487500000000018,10.0,20.100000000000023,69.0,101355.0,2.6125,0.0,8,8
07630,2017-05-05,0.0,15.512500000000024,13.200000000000045,18.600000000000023,66.625,100998.75,8.8125,0.0,8,8
07630,2017-05-06,13.9,14.912500000000016,12.300000000000011,18.100000000000023,71.125,101521.25,4.675,1.0,8,8
07630,2017-05-07,0.0,14.825000000000031,9.700000000000045,20.200000000000045,62.125,102225.0,3.65,0.0,8,8
07630,2017-05-08,0.0,15.712500000000027,10.300000000000011,20.900000000000034,61.75,102006.25,3.45,0.0,8,8
07630,2017-05-09,0.0,15.600000000000023,9.0,21.600000000000023,52.625,101167.5,3.1625,0.0,8,8
07630,2017-05-10,3.8,16.45000000000003,13.700000000000045,19.30000000000001,61.5,100367.5,6.9125,1.0,8,8
07630,2017-05-11,8.8,16.612500000000033,13.700000000000045,21.600000000000023,70.5,99815.0,5.4,1.0,8,8
07630,2017-05-12,0.0,18.075000000000017,13.600000000000023,23.5,66.125,100410.0,2.1625,0.0,8,8
07630,2017-05-13,6.3,17.237500000000026,14.200000000000045,20.900000000000034,69.25,101470.0,2.625,1.0,8,8
07630,2017-05-14,0.6,18.37500000000002,12.200000000000045,24.30000000000001,61.25,102332.5,1.8375000000000001,0.0,8,8
07630,2017-05-15,0.0,20.537500000000023,13.0,26.900000000000034,56.25,102680.0,1.9125,0.0,8,8
07630,2017-05-16,0.0,22.18750000000002,14.400000000000034,29.0,50.875,102460.0,2.2875,0.0,8,8
07630,2017-05-17,0.0,21.48750000000001,16.80000000000001,26.5,52.875,101838.75,4.9375,0.0,8,8
07630,2017-05-18,17.7,14.625000000000007,9.5,19.900000000000034,84.875,101616.25,3.8125,1.0,8,8
07630,2017-05-19,0.2,12.550000000000033,8.600000000000023,16.100000000000023,72.125,102098.75,4.7875,0.0,8,8
07630,2017-05-20,0.0,14.425000000000026,8.700000000000045,20.30000000000001,60.875,102460.0,3.8125,0.0,8,8
07630,2017-05-21,0.0,17.825000000000017,8.900000000000034,25.0,51.375,102037.5,3.1875,0.0,8,8
07630,2017-05-22,5.3,19.73750000000001,15.800000000000011,25.80000000000001,58.0,101672.5,4.4875,1.0,8,8
07630,2017-05-23,0.6000000000000001,16.11250000000002,13.800000000000011,18.200000000000045,81.375,102377.5,2.9625,0.0,8,8
07630,2017-05-24,0.0,19.93750000000003,13.600000000000023,27.200000000000045,68.75,102118.75,1.65,0.0,8,8
07630,2017-05-25,0.0,23.31250000000002,15.400000000000034,30.5,56.0,101463.75,2.3125,0.0,8,8
07630,2017-05-26,0.0,23.062500000000014,18.600000000000023,28.5,50.375,101337.5,6.05,0.0,8,8
07630,2017-05-27,0.0,22.52500000000002,18.5,28.200000000000045,58.0,101622.5,6.3,0.0,8,8
07630,2017-05-28,0.0,23.63750000000003,19.100000000000023,29.200000000000045,41.875,101522.5,6.7,0.0,8,8
07630,2017-05-29,0.6,20.975000000000023,18.80000000000001,24.100000000000023,61.875,101473.75,3.5875,0.0,8,8
07630,2017-05-30,31.299999999999997,18.11250000000001,16.30000000000001,19.600000000000023,87.625,101775.0,2.325,1.0,8,8
07630,2017-05-31,10.899999999999999,19.87500000000003,16.400000000000034,24.200000000000045,72.375,101968.75,1.9124999999999999,1.0,8,8
07630,2017-06-01,0.0,22.00000000000002,16.5,27.600000000000023,61.125,101871.25,1.925,0.0,8,8
07630,2017-06-02,0.0,22.825000000000024,17.400000000000034,27.700000000000045,64.5,101705.0,3.025,0.0,8,8
07630,2017-06-03,2.0,18.61250000000002,17.0,20.400000000000034,82.625,101770.0,3.75,1.0,8,8
07630,2017-06-04,5.5,15.912500000000023,12.5,18.400000000000034,74.5,101996.25,3.725,1.0,8,8
07630,2017-06-05,0.0,17.900000000000027,13.900000000000034,22.900000000000034,64.0,101628.75,3.875,0.0,8,8
07630,2017-06-06,0.2,17.700000000000024,14.5,21.400000000000034,58.625,101596.25,6.3625,0.0,8,8
07630,2017-06-07,0.0,16.850000000000023,11.900000000000034,21.80000000000001,55.875,102276.25,2.7875,0.0,8,8
07630,2017-06-08,0.0,21.262500000000017,13.700000000000045,29.0,48.125,101573.75,4.7625,0.0,8,8
07630,2017-06-09,3.8000000000000003,20.86250000000002,17.900000000000034,24.30000000000001,74.0,101710.0,2.4,1.0,8,8
07630,2017-06-10,0.0,24.56250000000003,17.900000000000034,30.400000000000034,54.5,101795.0,1.7,0.0,8,8
07630,2017-06-11,0.0,26.550000000000026,19.400000000000034,34.200000000000045,53.625,101677.5,2.55,0.0,8,8
07630,2017-06-12,0.0,22.475000000000016,19.0,26.5,69.0,101912.5,3.1375,0.0,8,8
07630,2017-06-13,0.0,27.100000000000016,20.5,34.5,61.125,101343.75,2.5,0.0,8,8
07630,2017-06-14,0.0,27.950000000000024,22.400000000000034,33.200000000000045,53.25,101350.0,2.6625,0.0,8,8
07630,2017-06-15,0.0,24.012500000000024,19.900000000000034,28.100000000000023,68.375,101852.5,4.575,0.0,8,8
07630,2017-06-16,0.0,23.950000000000024,19.5,29.400000000000034,53.75,102345.0,4.1625,0.0,8,8
07630,2017-06-17,0.0,24.675000000000033,18.600000000000023,30.400000000000034,45.0,102043.75,3.1375,0.0,8,8
07630,2017-06-18,0.0,26.525000000000027,18.200000000000045,34.700000000000045,41.125,101541.25,3.1125,0.0,8,8
07630,2017-06-19,0.0,26.812500000000014,22.30000000000001,32.60000000000002,53.875,101550.0,7.7,0.0,8,8
07630,2017-06-20,0.0,27.30000000000001,21.600000000000023,33.5,56.875,101645.0,3.6875,0.0,8,8
07630,2017-06-21,0.0,28.90000000000002,21.80000000000001,35.900000000000034,51.75,101472.5,2.35,0.0,8,8
07630,2017-06-22,0.0,30.00000000000002,22.700000000000045,38.0,47.625,101576.25,3.0875,0.0,8,8
07630,2017-06-23,0.0,22.350000000000023,20.100000000000023,23.80000000000001,74.125,102206.25,3.5,0.0,8,8
07630,2017-06-24,0.0,22.61250000000002,20.80000000000001,25.100000000000023,61.125,102108.75,4.0625,0.0,8,8
07630,2017-06-25,0.0,23.11250000000002,18.400000000000034,28.700000000000045,55.125,101810.0,2.475,0.0,8,8
07630,2017-06-26,1.6,22.67500000000001,20.0,27.900000000000034,69.5,101087.5,2.875,1.0,8,8
07630,2017-06-27,20.8,21.67500000000002,17.30000000000001,29.200000000000045,75.5,100813.75,2.6375,1.0,8,8
07630,2017-06-28,2.6,18.80000000000002,16.900000000000034,24.80000000000001,77.57142857142857,100600.0,3.771428571428572,,7,7
07630,2017-06-29,0.0,17.95000000000001,14.800000000000011,21.5,55.875,100905.0,8.625,0.0,8,8
07630,2017-06-30,1.5999999999999999,15.550000000000026,11.600000000000023,20.80000000000001,68.625,101450.0,6.4125000000000005,1.0,8,8
07630,2017-07-01,5.3,15.437500000000021,13.600000000000023,18.400000000000034,78.75,102191.25,7.2375,1.0,8,8
07630,2017-07-02,0.4,17.900000000000027,13.700000000000045,22.100000000000023,69.75,102685.0,5.3375,0.0,8,8
07630,2017-07-03,0.2,21.68750000000002,17.900000000000034,26.900000000000034,64.375,102437.5,2.7375,0.0,8,8
07630,2017-07-04,0.0,24.350000000000023,16.600000000000023,32.400000000000034,53.75,101781.25,3.35,0.0,8,8
07630,2017-07-05,0.0,24.762500000000024,20.400000000000034,30.600000000000023,53.875,101451.25,7.225,0.0,8,8
07630,2017-07-06,0.0,24.76250000000001,20.5,31.5,59.625,101667.5,5.8125,0.0,8,8
07630,2017-07-07,0.0,27.450000000000024,19.5,35.400000000000034,47.125,101683.75,3.3375000000000004,0.0,8,8
07630,2017-07-08,1.0,23.925000000000026,22.100000000000023,26.900000000000034,73.0,101523.75,2.9125,0.0,8,8
07630,2017-07-09,12.1,21.262500000000017,18.400000000000034,25.100000000000023,76.875,101373.75,3.6625,1.0,8,8
07630,2017-07-10,1.4,20.462500000000013,17.700000000000045,23.5,73.5,101586.25,3.4625,1.0,8,8
07630,2017-07-11,0.0,21.87500000000003,18.200000000000045,26.30000000000001,67.25,101687.5,2.1,0.0,8,8
07630,2017-07-12,0.0,21.925000000000033,18.400000000000034,24.700000000000045,67.875,101986.25,3.275,0.0,8,8
07630,2017-07-13,0.0,21.912500000000016,19.0,25.400000000000034,63.125,102135.0,4.25,0.0,8,8
07630,2017-07-14,0.0,21.475000000000023,18.5,25.5,60.25,102225.0,4.3875,0.0,8,8
07630,2017-07-15,0.0,23.21250000000002,17.5,28.700000000000045,51.625,102192.5,3.125,0.0,8,8
07630,2017-07-16,0.0,25.50000000000003,16.600000000000023,32.60000000000002,45.875,102031.25,1.85,0.0,8,8
07630,2017-07-17,0.0,26.35000000000003,22.100000000000023,31.600000000000023,39.375,101611.25,5.9125,0.0,8,8
07630,2017-07-18,0.0,25.900000000000027,21.400000000000034,31.900000000000034,56.125,101257.5,7.975,0.0,8,8
07630,2017-07-19,0.0,24.73750000000002,21.600000000000023,28.900000000000034,67.625,101182.5,5.5125,0.0,8,8
07630,2017-07-20,26.7,19.76250000000003,18.600000000000023,21.600000000000023,84.25,101603.75,3.3375,1.0,8,8
07630,2017-07-21,3.9,20.112500000000026,17.200000000000045,24.200000000000045,72.75,101323.75,3.2875,1.0,8,8
07630,2017-07-22,0.0,21.43750000000002,17.80000000000001,25.100000000000023,61.875,101565.0,2.3875,0.0,8,8
07630,2017-07-23,0.0,20.837500000000013,18.600000000000023,23.100000000000023,61.0,102056.25,4.05,,8,7
07630,2017-07-24,4.2,19.600000000000023,17.400000000000034,22.700000000000045,75.875,101878.75,6.1375,1.0,8,8
07630,2017-07-25,0.0,19.487500000000026,16.200000000000045,24.200000000000045,65.125,101913.75,6.2625,0.0,8,8
07630,2017-07-26,0.0,20.150000000000034,15.900000000000034,24.700000000000045,63.25,101742.5,3.9,0.0,8,8
07630,2017-07-27,0.0,22.725000000000016,16.0,29.100000000000023,64.0,101528.75,2.7375000000000003,0.0,8,8
07630,2017-07-28,0.0,23.06250000000002,20.200000000000045,26.5,66.375,101763.75,2.5375,0.0,8,8
07630,2017-07-29,0.0,25.325000000000024,18.200000000000045,32.80000000000001,56.875,101498.75,1.8624999999999998,0.0,8,8
07630,2017-07-30,0.0,24.06250000000003,20.80000000000001,26.700000000000045,65.25,101347.5,2.25,0.0,8,8
07630,2017-07-31,0.0,24.325000000000017,20.80000000000001,29.900000000000034,64.5,101156.25,2.75,0.0,8,8
07630,2017-08-01,0.0,24.150000000000034,19.900000000000034,28.100000000000023,62.0,101467.5,2.325,0.0,8,8
07630,2017-08-02,0.0,26.200000000000014,20.200000000000045,34.0,59.42857142857143,101731.42857142857,2.2285714285714286,,7,7
07630,2017-08-03,0.0,26.21250000000002,20.0,31.700000000000045,54.875,101720.0,3.475,0.0,8,8
07630,2017-08-04,0.0,26.72500000000003,20.900000000000034,32.0,54.75,101678.75,3.2,0.0,8,8
07630,2017-08-05,0.0,23.037500000000023,21.30000000000001,25.600000000000023,65.0,101867.5,4.4,0.0,8,8
07630,2017-08-06,3.9,21.587500000000013,16.80000000000001,27.30000000000001,53.5,102095.0,3.4,1.0,8,8
07630,2017-08-07,0.4,23.787500000000023,16.0,32.30000000000001,51.125,101360.0,2.5,0.0,8,8
07630,2017-08-08,5.6000000000000005,19.10000000000003,16.900000000000034,21.400000000000034,69.125,101658.75,5.525,1.0,8,8
07630,2017-08-09,0.0,16.887500000000017,14.0,19.100000000000023,67.25,102010.0,3.9,0.0,8,8
07630,2017-08-10,0.2,16.912500000000023,13.5,20.80000000000001,67.625,102277.5,5.575,0.0,8,8
07630,2017-08-11,1.0,18.00000000000003,14.100000000000023,22.600000000000023,61.75,102357.5,4.9625,0.0,8,8
07630,2017-08-12,0.0,19.137500000000017,12.600000000000023,24.600000000000023,55.875,102357.5,2.8,0.0,8,8
07630,2017-08-13,0.0,22.287500000000016,14.800000000000011,28.30000000000001,55.0,101988.75,1.5125,0.0,8,8
07630,2017-08-14,0.0,24.887500000000024,17.30000000000001,32.30000000000001,53.125,101528.75,5.0249999999999995,0.0,8,8
07630,2017-08-15,1.2,23.66250000000003,20.80000000000001,27.200000000000045,71.5,101836.25,4.25,1.0,8,8
07630,2017-08-16,2.6,23.275000000000027,20.200000000000045,26.600000000000023,72.0,102058.75,3.1125,1.0,8,8
07630,2017-08-17,0.0,24.475000000000016,18.600000000000023,29.900000000000034,58.25,102007.5,2.0875,0.0,8,8
07630,2017-08-18,0.0,23.012500000000024,19.400000000000034,29.200000000000045,63.375,101852.5,4.1875,0.0,8,8
07630,2017-08-19,0.0,20.762500000000024,17.700000000000045,25.100000000000023,55.875,102265.0,4.15,0.0,8,8
07630,2017-08-20,0.0,19.97500000000003,13.900000000000034,26.200000000000045,41.375,102451.25,2.9125,0.0,8,8
07630,2017-08-21,0.0,23.62500000000002,13.300000000000011,33.200000000000045,41.75,101986.25,1.7374999999999998,0.0,8,8
07630,2017-08-22,0.0,26.73750000000002,19.600000000000023,34.80000000000001,31.875,101501.25,3.725,0.0,8,8
07630,2017-08-23,0.0,23.325000000000017,20.100000000000023,30.0,64.5,101790.0,3.1374999999999997,0.0,8,8
07630,2017-08-24,0.0,25.600000000000023,20.600000000000023,32.900000000000034,63.0,101516.25,4.3375,0.0,8,8
07630,2017-08-25,0.0,24.862500000000026,20.100000000000023,29.600000000000023,67.375,101552.5,4.9,0.0,8,8
07630,2017-08-26,0.0,25.61250000000002,21.900000000000034,30.400000000000034,64.25,101456.25,6.2,0.0,8,8
07630,2017-08-27,1.6,26.275000000000027,21.80000000000001,33.900000000000034,59.75,101517.5,4.2625,1.0,8,8
07630,2017-08-28,0.2,26.56250000000002,19.30000000000001,34.200000000000045,58.875,101386.25,1.6875,0.0,8,8
07630,2017-08-29,0.0,25.23333333333335,21.30000000000001,30.30000000000001,58.666666666666664,101288.33333333333,2.1,,6,6
07630,2017-08-30,7.5,23.342857142857174,18.200000000000045,29.100000000000023,71.0,101245.71428571429,3.1000000000000005,,7,7
07630,2017-08-31,4.0,17.712500000000027,15.800000000000011,19.900000000000034,73.25,102057.5,3.4375,1.0,8,8
07630,2017-09-01,0.6,18.100000000000016,13.5,23.100000000000023,60.714285714285715,102135.71428571429,4.3428571428571425,,7,7
07630,2017-09-02,2.6,17.487500000000026,13.300000000000011,22.200000000000045,64.125,102270.0,5.1375,1.0,8,8
07630,2017-09-03,0.0,18.11250000000002,11.300000000000011,24.600000000000023,54.0,101656.25,1.5875,0.0,8,8
07630,2017-09-04,1.2,21.06250000000002,15.300000000000011,25.600000000000023,62.125,101680.0,1.625,1.0,8,8
07630,2017-09-05,0.0,22.650000000000027,17.100000000000023,28.100000000000023,67.0,102152.5,2.7625,0.0,8,8
07630,2017-09-06,0.2,20.25000000000003,17.200000000000045,24.400000000000034,62.75,102446.25,4.7625,0.0,8,8
07630,2017-09-07,0.0,17.887500000000024,15.300000000000011,20.5,53.375,102191.25,4.05,0.0,8,8
07630,2017-09-08,0.0,19.23750000000002,16.600000000000023,22.30000000000001,54.125,101510.0,2.275,0.0,8,8
07630,2017-09-09,16.3,16.487500000000026,13.800000000000011,19.700000000000045,74.125,100792.5,4.8,1.0,8,8
07630,2017-09-10,0.4,15.65000000000002,12.100000000000023,19.80000000000001,71.5,101182.5,5.6375,0.0,8,8
07630,2017-09-11,0.2,18.237500000000033,15.600000000000023,22.200000000000045,64.875,101202.5,5.975,,8,7
07630,2017-09-12,0.8,16.862500000000026,13.900000000000034,21.200000000000045,67.375,101803.75,4.425,0.0,8,8
07630,2017-09-13,0.0,20.18750000000003,13.900000000000034,26.900000000000034,61.875,102043.75,2.3,0.0,8,8
07630,2017-09-14,0.6000000000000001,16.75000000000003,13.700000000000045,19.5,71.25,102030.0,4.75,0.0,8,8
07630,2017-09-15,2.4,14.100000000000023,10.700000000000045,17.80000000000001,67.75,101690.0,2.25,1.0,8,8
07630,2017-09-16,0.6000000000000001,13.425000000000011,9.5,17.600000000000023,68.875,101553.75,4.0,0.0,8,8
07630,2017-09-17,0.4,12.562500000000021,8.900000000000034,16.0,77.375,101788.75,3.0125,0.0,8,8
07630,2017-09-18,5.0,14.400000000000027,12.700000000000045,16.700000000000045,83.0,101901.25,2.9250000000000003,1.0,8,8
07630,2017-09-19,0.0,15.037500000000023,11.100000000000023,20.100000000000023,64.875,102350.0,4.9125,0.0,8,8
07630,2017-09-20,0.0,14.525000000000027,8.300000000000011,20.200000000000045,58.375,102222.5,1.5,0.0,8,8
07630,2017-09-21,0.0,17.06250000000003,8.800000000000011,26.100000000000023,54.75,101778.75,1.75,0.0,8,8
07630,2017-09-22,0.0,17.312500000000014,13.100000000000023,21.5,70.0,102146.25,2.025,0.0,8,8
07630,2017-09-23,0.0,18.81250000000002,12.0,26.600000000000023,63.25,101997.5,1.775,0.0,8,8
07630,2017-09-24,0.2,20.012500000000017,12.200000000000045,27.900000000000034,60.5,101900.0,1.325,0.0,8,8
07630,2017-09-25,7.9,17.012500000000017,14.600000000000023,19.30000000000001,79.625,102022.5,3.0625,1.0,8,8
07630,2017-09-26,0.2,16.287500000000016,12.400000000000034,20.30000000000001,71.0,102246.25,2.1999999999999997,0.0,8,8
07630,2017-09-27,0.0,17.45000000000001,9.400000000000034,26.5,66.625,102078.75,2.7,0.0,8,8
07630,2017-09-28,0.0,19.68750000000002,15.400000000000034,25.900000000000034,71.125,102291.25,4.1125,0.0,8,8
07630,2017-09-29,0.0,20.325000000000017,13.700000000000045,27.600000000000023,64.375,102105.0,2.7875,0.0,8,8
07630,2017-09-30,9.7,15.375000000000028,12.700000000000045,18.400000000000034,86.125,102210.0,3.3,1.0,8,8
07630,2017-10-01,1.0,14.437500000000028,11.100000000000023,18.400000000000034,86.875,102312.5,1.05,0.0,8,8
07630,2017-10-02,5.6,18.93750000000003,17.30000000000001,21.200000000000045,89.0,102386.25,3.6375,1.0,8,8
07630,2017-10-03,0.4,19.825000000000024,18.400000000000034,22.700000000000045,84.375,102282.5,2.55,0.0,8,8
07630,2017-10-04,0.2,17.51250000000003,13.900000000000034,22.200000000000045,81.5,102441.25,1.45,0.0,8,8
07630,2017-10-05,0.0,17.262500000000024,10.5,24.30000000000001,73.75,102292.5,2.3125,0.0,8,8
07630,2017-10-06,0.4,15.325000000000031,12.900000000000034,19.700000000000045,68.75,102418.75,5.8,0.0,8,8
07630,2017-10-07,0.0,12.70000000000001,7.300000000000011,18.5,57.5,102540.0,1.425,0.0,8,8
07630,2017-10-08,0.0,12.762500000000024,5.800000000000011,20.100000000000023,63.875,102298.75,1.9625,0.0,8,8
07630,2017-10-09,0.0,14.050000000000018,9.600000000000023,20.100000000000023,72.375,102256.25,2.6125,0.0,8,8
07630,2017-10-10,0.0,14.487500000000026,9.800000000000011,21.30000000000001,77.125,102175.0,1.5625,0.0,8,8
07630,2017-10-11,0.0,16.725000000000023,8.5,26.600000000000023,67.5,102116.25,2.6125,0.0,8,8
07630,2017-10-12,0.0,17.52500000000002,14.600000000000023,21.900000000000034,67.5,102595.0,1.5125,0.0,8,8
07630,2017-10-13,0.0,17.887500000000024,9.600000000000023,27.80000000000001,64.75,102493.75,2.425,0.0,8,8
07630,2017-10-14,0.0,17.425000000000033,13.200000000000045,22.200000000000045,77.25,102510.0,4.7,0.0,8,8
07630,2017-10-15,0.0,20.450000000000017,18.0,24.700000000000045,72.5,102407.5,7.375,0.0,8,8
07630,2017-10-16,0.0,20.075000000000024,17.80000000000001,23.900000000000034,69.125,102333.75,6.975,0.0,8,8
07630,2017-10-17,0.0,19.337500000000013,17.0,22.80000000000001,70.125,101940.0,7.25,0.0,8,8
07630,2017-10-18,0.2,19.762500000000024,17.400000000000034,24.5,71.5,101107.5,5.8875,0.0,8,8
07630,2017-10-19,0.0,15.825000000000017,14.100000000000023,19.100000000000023,78.75,101151.25,2.1125,0.0,8,8
07630,2017-10-20,0.2,16.100000000000023,10.900000000000034,21.900000000000034,75.0,101733.75,1.825,0.0,8,8
07630,2017-10-21,0.2,15.000000000000021,13.800000000000011,17.400000000000034,83.625,102230.0,4.125,0.0,8,8
07630,2017-10-22,2.0,13.062500000000036,11.0,15.700000000000045,72.0,102725.0,5.3625,1.0,8,8
07630,2017-10-23,0.0,13.987500000000026,11.0,17.600000000000023,68.125,102766.25,2.0125,0.0,8,8
07630,2017-10-24,0.0,14.950000000000024,9.700000000000045,21.5,69.125,102578.75,1.425,0.0,8,8
07630,2017-10-25,0.0,16.775000000000013,8.800000000000011,26.5,64.25,102327.5,2.025,0.0,8,8
07630,2017-10-26,0.0,18.950000000000017,11.5,27.5,51.5,102528.75,2.65,0.0,8,8
07630,2017-10-27,0.0,16.550000000000033,14.100000000000023,19.700000000000045,73.125,103013.75,4.4875,0.0,8,8
07630,2017-10-28,0.0,13.412500000000023,10.400000000000034,17.200000000000045,65.25,102982.5,4.6625,0.0,8,8
07630,2017-10-29,0.6,10.862500000000011,4.800000000000011,15.300000000000011,74.5,102645.0,3.9000000000000004,0.0,8,8
07630,2017-10-30,0.8,11.750000000000028,7.400000000000034,14.700000000000045,76.125,102220.0,3.625,0.0,8,8
07630,2017-10-31,0.0,8.27500000000002,1.7000000000000455,14.700000000000045,60.75,102377.5,1.0375,0.0,8,8
07630,2017-11-01,0.0,11.250000000000028,2.900000000000034,18.600000000000023,69.125,102107.5,3.5125,0.0,8,8
07630,2017-11-02,0.0,15.250000000000021,11.5,19.700000000000045,78.25,101826.25,4.325,0.0,8,8
07630,2017-11-03,0.0,13.887500000000017,9.600000000000023,19.100000000000023,78.125,101381.25,3.3,0.0,8,8
07630,2017-11-04,0.4,13.562500000000021,9.600000000000023,18.600000000000023,82.25,101143.75,2.1625,0.0,8,8
07630,2017-11-05,3.2,10.562500000000028,6.600000000000023,13.400000000000034,76.875,101908.75,5.875,1.0,8,8
07630,2017-11-06,0.0,6.887500000000024,4.400000000000034,10.200000000000045,71.875,102425.0,6.6625,0.0,8,8
07630,2017-11-07,0.0,6.0500000000000185,3.0,10.600000000000023,63.75,102225.0,4.2,0.0,8,8
07630,2017-11-08,1.2,6.787500000000016,3.0,11.800000000000011,77.0,102237.5,4.8625,1.0,8,8
07630,2017-11-09,4.2,7.275000000000027,6.400000000000034,8.300000000000011,88.375,102648.75,4.6875,1.0,8,8
07630,2017-11-10,0.0,9.425000000000026,6.2000000000000455,12.100000000000023,80.625,102921.25,3.55,0.0,8,8
07630,2017-11-11,0.8,12.387500000000024,10.900000000000034,14.400000000000034,86.375,102605.0,5.775,0.0,8,8
07630,2017-11-12,2.2,12.875000000000028,11.900000000000034,14.600000000000023,84.375,101871.25,7.725,1.0,8,8
07630,2017-11-13,0.0,6.750000000000021,3.6000000000000227,9.200000000000045,67.5,102325.0,6.8,0.0,8,8
07630,2017-11-14,0.0,6.933333333333356,4.5,9.700000000000045,67.16666666666667,102588.33333333333,4.8,,6,6
07630,2017-11-15,0.0,3.4125000000000227,-0.6999999999999886,8.100000000000023,81.0,102326.25,1.4875,0.0,8,8
07630,2017-11-16,0.0,4.012500000000024,-0.19999999999998863,9.600000000000023,83.625,102265.0,1.4375,0.0,8,8
07630,2017-11-17,0.0,6.125000000000028,0.20000000000004547,13.600000000000023,80.0,102366.25,1.45,0.0,8,8
07630,2017-11-18,0.0,4.912500000000016,2.5,9.300000000000011,87.75,102468.75,1.425,0.0,8,8
07630,2017-11-19,0.0,2.8000000000000185,0.0,8.0,89.625,102630.0,0.9625,0.0,8,8
07630,2017-11-20,0.0,3.7875000000000156,0.5,7.100000000000023,93.0,102553.75,1.0,0.0,8,8
07630,2017-11-21,0.0,7.250000000000007,2.0,17.100000000000023,79.75,102136.25,0.675,0.0,8,8
07630,2017-11-22,0.0,10.112500000000018,2.0,15.600000000000023,80.75,101445.0,5.375,0.0,8,8
07630,2017-11-23,0.0,14.262500000000017,12.700000000000045,17.30000000000001,76.875,101475.0,6.2625,0.0,8,8
07630,2017-11-24,0.0,14.262500000000017,12.300000000000011,16.5,81.125,101677.5,4.85,0.0,8,8
07630,2017-11-25,5.2,10.112500000000026,5.600000000000023,12.0,78.25,102132.5,5.5125,1.0,8,8
07630,2017-11-26,0.0,5.65000000000002,2.8000000000000114,9.400000000000034,71.625,103183.75,2.65,0.0,8,8
07630,2017-11-27,0.0,3.8875000000000313,-0.7999999999999545,9.900000000000034,72.75,102996.25,1.225,0.0,8,8
07630,2017-11-28,0.8,5.800000000000033,-1.099999999999966,11.800000000000011,73.875,101713.75,2.35,0.0,8,8
07630,2017-11-29,0.4,5.485714285714315,2.900000000000034,7.2000000000000455,88.42857142857143,101112.85714285714,2.314285714285714,,7,7
07630,2017-11-30,0.0,4.250000000000021,2.2000000000000455,7.0,74.75,101642.5,4.0375,0.0,8,8
07630,2017-12-01,0.6,3.6250000000000213,1.8000000000000114,5.100000000000023,76.0,101647.5,6.2125,0.0,8,8
07630,2017-12-02,0.0,1.6125000000000185,0.5,2.7000000000000455,74.75,102302.5,7.1125,0.0,8,8
07630,2017-12-03,0.0,1.2500000000000213,-1.1999999999999886,4.900000000000034,69.375,103155.0,3.775,0.0,8,8
07630,2017-12-04,0.0,3.78750000000003,-0.0999999999999659,9.200000000000045,64.25,103670.0,1.55,0.0,8,8
07630,2017-12-05,0.0,2.287500000000037,0.5,3.900000000000034,86.375,103817.5,1.6375,0.0,8,8
07630,2017-12-06,0.0,3.250000000000014,0.9000000000000341,8.0,86.25,103438.75,1.175,0.0,8,8
07630,2017-12-07,0.0,3.762500000000024,-2.7999999999999545,11.100000000000023,78.0,102897.5,1.55,0.0,8,8
07630,2017-12-08,1.0,8.162500000000016,5.600000000000023,10.400000000000034,77.625,102465.0,4.0,0.0,8,8
07630,2017-12-09,0.0,5.90000000000002,4.300000000000011,8.400000000000034,63.125,102403.75,3.0,0.0,8,8
07630,2017-12-10,17.3,6.6125000000000185,3.5,8.5,91.625,100422.5,3.4125,1.0,8,8
07630,2017-12-11,10.3,8.050000000000026,6.600000000000023,9.0,82.25,99030.0,4.875,1.0,8,8
07630,2017-12-12,0.0,5.450000000000024,0.8000000000000114,8.400000000000034,73.125,101483.75,3.8,0.0,8,8
07630,2017-12-13,0.6,3.9375000000000213,-1.0,11.0,79.375,102013.75,2.275,,8,7
07630,2017-12-14,6.2,11.275000000000006,9.5,13.0,81.25,101371.25,5.4625,1.0,8,8
07630,2017-12-15,11.8,7.437500000000028,5.7000000000000455,10.200000000000045,80.0,100876.25,6.5375,1.0,8,8
07630,2017-12-16,0.0,4.687500000000028,2.8000000000000114,6.900000000000034,80.25,102033.75,4.6,0.0,8,8
07630,2017-12-17,0.2,5.27500000000002,2.1000000000000227,8.100000000000023,77.75,103051.25,4.3,0.0,8,8
07630,2017-12-18,4.800000000000001,7.837500000000027,6.400000000000034,9.200000000000045,83.5,102830.0,6.125,1.0,8,8
07630,2017-12-19,0.0,3.8125000000000213,-0.0999999999999659,7.2000000000000455,82.75,103442.5,2.4625,0.0,8,8
07630,2017-12-20,0.0,4.750000000000028,1.0,7.2000000000000455,79.625,103691.25,3.825,0.0,8,8
07630,2017-12-21,0.0,6.571428571428588,5.600000000000023,7.600000000000023,87.85714285714286,104021.42857142857,3.3714285714285714,,7,7
07630,2017-12-22,0.0,7.300000000000011,6.900000000000034,7.800000000000011,92.625,103957.5,4.0,0.0,8,8
07630,2017-12-23,0.0,8.325000000000024,7.2000000000000455,9.700000000000045,86.5,103763.75,2.725,0.0,8,8
07630,2017-12-24,0.0,7.212500000000027,5.100000000000023,9.400000000000034,74.125,103240.0,1.5,0.0,8,8
07630,2017-12-25,0.0,6.712500000000027,3.0,11.300000000000011,84.375,102275.0,4.1875,0.0,8,8
07630,2017-12-26,0.6,7.487500000000026,3.400000000000034,10.5,78.875,101380.0,3.175,0.0,8,8
07630,2017-12-27,9.2,6.600000000000023,4.5,8.100000000000023,74.625,100070.0,7.75,1.0,8,8
07630,2017-12-28,0.6,4.937500000000021,3.3000000000000114,6.600000000000023,81.625,101065.0,4.0,0.0,8,8
07630,2017-12-29,8.7,7.3000000000000185,3.2000000000000455,12.300000000000011,89.875,101685.0,2.8000000000000003,1.0,8,8
07630,2017-12-30,0.0,12.712500000000034,8.400000000000034,16.400000000000034,69.875,102140.0,4.5375,0.0,8,8
07630,2017-12-31,0.6,8.650000000000027,3.6000000000000227,14.600000000000023,78.875,101836.25,3.9875,0.0,8,8
07630,2018-01-01,8.100000000000001,9.96250000000002,7.100000000000023,15.300000000000011,70.25,102175.0,6.7,1.0,8,8
07630,2018-01-02,2.6,11.175000000000011,8.0,13.900000000000034,86.125,102425.0,6.1875,1.0,8,8
07630,2018-01-03,0.8,14.450000000000031,12.700000000000045,15.400000000000034,77.25,102366.25,7.6625000000000005,0.0,8,8
07630,2018-01-04,0.2,15.437500000000021,13.800000000000011,16.700000000000045,68.5,101918.75,7.1875,0.0,8,8
07630,2018-01-05,0.0,11.362500000000026,7.0,15.900000000000034,73.375,100852.5,2.1125,0.0,8,8
07630,2018-01-06,3.0,7.812500000000014,6.900000000000034,9.100000000000023,92.0,100348.75,2.8875,1.0,8,8
07630,2018-01-07,23.6,10.950000000000017,7.800000000000011,14.200000000000045,82.0,100225.0,5.4125,1.0,8,8
07630,2018-01-08,8.5,7.2500000000000355,5.5,9.200000000000045,87.625,101111.25,2.1125,1.0,8,8
07630,2018-01-09,0.2,7.637500000000024,3.900000000000034,12.0,83.75,101296.25,2.7375,0.0,8,8
07630,2018-01-10,3.2,8.537500000000016,5.900000000000034,13.0,82.5,101385.0,2.7,1.0,8,8
07630,2018-01-11,0.6000000000000001,6.762500000000024,5.400000000000034,8.200000000000045,79.125,101808.75,5.375,0.0,8,8
07630,2018-01-12,0.0,5.637500000000031,2.3000000000000114,8.0,88.875,102506.25,3.325,0.0,8,8
07630,2018-01-13,0.0,3.7875000000000156,-0.5,8.600000000000023,86.0,101772.5,2.3125,0.0,8,8
07630,2018-01-14,0.0,6.35000000000003,4.900000000000034,8.200000000000045,82.125,101717.5,1.9875,0.0,8,8
07630,2018-01-15,0.0,7.9250000000000185,4.600000000000023,10.800000000000011,76.375,102228.75,2.975,0.0,8,8
07630,2018-01-16,6.6,11.837500000000027,11.300000000000011,12.400000000000034,85.75,101940.0,7.6375,1.0,8,8
07630,2018-01-17,3.2,9.262500000000024,7.600000000000023,12.400000000000034,78.5,102358.75,7.6,1.0,8,8
07630,2018-01-18,0.0,8.83750000000002,5.600000000000023,13.300000000000011,74.75,102377.5,3.9375,0.0,8,8
07630,2018-01-19,2.4,10.08750000000002,8.700000000000045,11.900000000000034,82.375,102080.0,5.9,1.0,8,8
07630,2018-01-20,4.2,9.150000000000027,7.100000000000023,12.100000000000023,86.75,102011.25,7.3,1.0,8,8
07630,2018-01-21,3.4000000000000004,12.550000000000026,12.100000000000023,13.400000000000034,91.625,102300.0,8.525,1.0,8,8
07630,2018-01-22,1.6,12.237500000000033,10.800000000000011,13.600000000000023,86.875,102637.5,6.825,1.0,8,8
07630,2018-01-23,0.2,10.862500000000011,8.300000000000011,12.5,89.125,102980.0,1.6,0.0,8,8
07630,2018-01-24,0.0,10.562500000000021,6.5,14.200000000000045,83.25,102542.5,4.4,0.0,8,8
07630,2018-01-25,0.4,11.575000000000024,9.100000000000023,12.400000000000034,80.125,101777.5,5.2,0.0,8,8
07630,2018-01-26,11.9,7.187500000000021,6.600000000000023,8.100000000000023,86.0,102101.25,4.4875,1.0,8,8
07630,2018-01-27,0.2,5.087500000000027,2.6000000000000227,8.100000000000023,86.5,103231.25,3.325,0.0,8,8
07630,2018-01-28,0.0,2.7375000000000256,-0.2999999999999545,5.400000000000034,93.5,104073.75,1.4625,0.0,8,8
07630,2018-01-29,0.0,4.700000000000031,3.2000000000000455,8.400000000000034,88.0,103728.75,1.3375,0.0,8,8
07630,2018-01-30,0.0,5.450000000000024,3.8000000000000114,7.100000000000023,92.375,103227.5,1.3625,0.0,8,8
07630,2018-01-31,0.0,6.587500000000027,5.2000000000000455,9.200000000000045,82.75,102387.5,1.75,0.0,8,8
07630,2018-02-01,3.8000000000000003,6.40000000000002,4.300000000000011,8.0,84.375,101205.0,3.5500000000000003,1.0,8,8
07630,2018-02-02,0.0,4.58750000000002,3.1000000000000227,6.800000000000011,79.125,101321.25,4.7,0.0,8,8
07630,2018-02-03,2.0,5.275000000000027,3.400000000000034,8.100000000000023,79.375,101316.25,5.275,1.0,8,8
07630,2018-02-04,0.0,5.562500000000021,3.900000000000034,7.300000000000011,83.75,101306.25,1.6125,0.0,8,8
07630,2018-02-05,4.6,4.750000000000028,4.100000000000023,5.400000000000034,91.375,101183.75,1.5625,1.0,8,8
07630,2018-02-06,0.6000000000000001,2.512500000000024,0.5,4.400000000000034,79.75,101461.25,3.975,0.0,8,8
07630,2018-02-07,0.0,1.4625000000000128,-1.099999999999966,3.0,73.375,101777.5,4.7625,0.0,8,8
07630,2018-02-08,0.8,0.16250000000002274,-0.6999999999999886,1.3000000000000114,84.5,102211.25,3.525,0.0,8,8
07630,2018-02-09,0.2,0.5500000000000185,-3.5,5.2000000000000455,82.375,102048.75,2.3125,0.0,8,8
07630,2018-02-10,0.0,3.02500000000002,-0.0999999999999659,7.400000000000034,71.125,102327.5,4.3625,0.0,8,8
07630,2018-02-11,7.8,6.287500000000023,1.2000000000000455,12.5,85.75,101708.75,3.0625,1.0,8,8
07630,2018-02-12,3.0,5.4250000000000185,2.5,7.5,70.5,102093.75,4.5625,1.0,8,8
07630,2018-02-13,4.8,1.8000000000000256,-2.5,5.400000000000034,78.25,101615.0,3.0625,1.0,8,8
07630,2018-02-14,9.5,6.000000000000028,3.7000000000000455,7.7000000000000455,89.625,101627.5,2.8625000000000003,1.0,8,8
07630,2018-02-15,1.8,13.325000000000024,10.800000000000011,17.30000000000001,82.125,102062.5,2.6875,1.0,8,8
07630,2018-02-16,0.0,13.062500000000021,9.300000000000011,18.900000000000034,80.25,102195.0,1.65,0.0,8,8
07630,2018-02-17,2.0,10.287500000000037,8.400000000000034,11.600000000000023,77.25,102318.75,5.1125,1.0,8,8
07630,2018-02-18,1.8,6.800000000000026,4.400000000000034,9.200000000000045,82.625,102520.0,2.5375,1.0,8,8
07630,2018-02-19,0.2,7.112500000000026,5.900000000000034,8.200000000000045,92.125,101915.0,2.0125,0.0,8,8
07630,2018-02-20,10.3,9.100000000000023,7.900000000000034,10.200000000000045,92.0,101590.0,5.6625,1.0,8,8
07630,2018-02-21,0.6000000000000001,6.0500000000000185,4.600000000000023,7.5,67.25,101403.75,5.5625,0.0,8,8
07630,2018-02-22,0.0,2.6375000000000313,1.2000000000000455,4.7000000000000455,68.25,101205.0,4.975,0.0,8,8
07630,2018-02-23,0.0,3.187500000000014,2.0,4.600000000000023,62.0,101025.0,2.125,0.0,8,8
07630,2018-02-24,0.0,2.4375000000000284,-2.6999999999999886,7.800000000000011,70.0,101055.0,1.2750000000000001,0.0,8,8
07630,2018-02-25,0.0,5.400000000000027,2.400000000000034,9.600000000000023,68.0,101248.75,3.3625,0.0,8,8
07630,2018-02-26,0.0,1.4875000000000256,-2.099999999999966,5.900000000000034,52.25,101352.5,4.325,0.0,8,8
07630,2018-02-27,0.0,-2.249999999999986,-6.699999999999989,1.6000000000000227,41.875,101293.75,2.1125000000000003,0.0,8,8
07630,2018-02-28,0.2,1.6125000000000185,-3.3999999999999773,7.300000000000011,67.25,100072.5,7.5625,0.0,8,8
07630,2018-03-01,0.0,10.237500000000026,8.400000000000034,12.100000000000023,78.25,98791.25,10.025,0.0,8,8
07630,2018-03-02,11.799999999999999,9.675000000000018,6.5,12.800000000000011,63.125,99427.5,5.725,1.0,8,8
07630,2018-03-03,0.6,11.012500000000017,4.300000000000011,17.80000000000001,62.0,99520.0,3.1875,0.0,8,8
07630,2018-03-04,0.0,10.150000000000013,7.5,11.800000000000011,71.625,99637.5,3.3375,0.0,8,8
07630,2018-03-05,0.2,8.637500000000017,6.0,11.0,84.5,99236.25,2.6375,0.0,8,8
07630,2018-03-06,0.4,9.412500000000023,6.0,14.200000000000045,71.25,99658.75,4.0875,0.0,8,8
07630,2018-03-07,0.4,7.437500000000007,5.0,10.800000000000011,73.0,100676.25,5.425,0.0,8,8
07630,2018-03-08,0.0,8.562500000000021,2.1000000000000227,15.300000000000011,70.625,100797.5,3.45,0.0,8,8
07630,2018-03-09,0.0,11.887500000000017,9.100000000000023,15.0,76.0,100865.0,7.625,0.0,8,8
07630,2018-03-10,3.1999999999999997,14.100000000000023,11.400000000000034,18.0,79.75,100217.5,6.325,1.0,8,8
07630,2018-03-11,0.0,14.312500000000028,11.200000000000045,19.200000000000045,68.75,99581.25,3.3125,0.0,8,8
07630,2018-03-12,0.8,11.21250000000002,8.700000000000045,12.900000000000034,62.0,100847.5,6.325,0.0,8,8
07630,2018-03-13,0.0,10.312500000000028,6.300000000000011,13.800000000000011,65.375,101523.75,2.175,0.0,8,8
07630,2018-03-14,0.0,9.95000000000001,4.600000000000023,15.600000000000023,69.0,100657.5,5.675,0.0,8,8
07630,2018-03-15,0.4,13.312500000000014,9.800000000000011,17.80000000000001,62.875,99652.5,2.9125,0.0,8,8
07630,2018-03-16,0.4,9.950000000000031,8.200000000000045,13.700000000000045,69.5,100376.25,1.6625,0.0,8,8
07630,2018-03-17,2.8,6.1750000000000185,2.5,11.300000000000011,82.75,100008.75,3.55,1.0,8,8
07630,2018-03-18,2.2,7.025000000000034,4.7000000000000455,11.100000000000023,78.25,100211.25,5.1625,1.0,8,8
07630,2018-03-19,6.2,5.612500000000026,3.1000000000000227,10.300000000000011,82.125,100602.5,3.0,1.0,8,8
07630,2018-03-20,0.0,3.6250000000000284,2.5,4.600000000000023,72.75,101511.25,6.65,0.0,8,8
07630,2018-03-21,0.0,5.212500000000027,0.8000000000000114,9.800000000000011,53.5,102622.5,7.1375,0.0,8,8
07630,2018-03-22,0.0,5.075000000000031,-0.2999999999999545,10.100000000000023,57.25,102473.75,5.5375,0.0,8,8
07630,2018-03-23,0.0,6.787500000000016,1.5,11.5,63.375,101172.5,3.35,0.0,8,8
07630,2018-03-24,7.2,7.550000000000026,5.5,9.100000000000023,81.0,99993.75,3.5125,1.0,8,8
07630,2018-03-25,1.2000000000000002,9.050000000000018,6.300000000000011,12.800000000000011,76.0,100781.25,3.9375,1.0,8,8
07630,2018-03-26,0.8,9.187500000000028,8.200000000000045,10.600000000000023,77.875,101943.75,5.55,0.0,8,8
07630,2018-03-27,6.2,8.987500000000026,5.600000000000023,12.400000000000034,87.75,102190.0,5.85,1.0,8,8
07630,2018-03-28,0.4,13.437500000000014,10.300000000000011,17.5,72.125,101607.5,5.3375,0.0,8,8
07630,2018-03-29,6.3,10.812500000000028,7.5,14.400000000000034,72.125,101015.0,1.9,1.0,8,8
07630,2018-03-30,0.0,9.850000000000016,6.5,13.700000000000045,62.25,100157.5,3.6875,0.0,8,8
07630,2018-03-31,8.0,7.537500000000023,6.2000000000000455,8.700000000000045,75.25,100588.75,4.9125,1.0,8,8
07630,2018-04-01,0.0,9.850000000000023,3.0,15.300000000000011,65.625,101612.5,2.2125,0.0,8,8
07630,2018-04-02,0.0,12.312500000000021,10.100000000000023,15.900000000000034,63.625,100675.0,7.3,0.0,8,8
07630,2018-04-03,0.0,13.950000000000024,11.800000000000011,17.5,74.875,100445.0,7.7124999999999995,0.0,8,8
07630,2018-04-04,0.0,14.675000000000018,9.100000000000023,20.600000000000023,64.75,100782.5,4.425,0.0,8,8
07630,2018-04-05,0.4,12.612500000000018,8.600000000000023,16.600000000000023,62.0,101913.75,3.3875,0.0,8,8
07630,2018-04-06,0.0,14.037500000000023,10.900000000000034,18.100000000000023,62.0,101108.75,8.325,0.0,8,8
07630,2018-04-07,0.0,14.762500000000017,12.5,17.600000000000023,57.75,100661.25,10.6625,0.0,8,8
07630,2018-04-08,23.6,11.487500000000018,10.0,13.600000000000023,84.625,100553.75,3.975,1.0,8,8
07630,2018-04-09,17.2,11.825000000000024,7.900000000000034,17.30000000000001,79.875,100512.5,3.5125,1.0,8,8
07630,2018-04-10,12.3,11.475000000000016,7.300000000000011,15.600000000000023,70.75,99957.5,5.725,1.0,8,8
07630,2018-04-11,7.5,11.21250000000002,9.100000000000023,12.5,70.75,99553.75,5.5375,1.0,8,8
07630,2018-04-12,0.0,10.500000000000028,6.100000000000023,14.200000000000045,73.375,100107.5,2.3,0.0,8,8
07630,2018-04-13,0.0,12.250000000000036,8.300000000000011,16.700000000000045,74.0,100707.5,5.6875,0.0,8,8
07630,2018-04-14,0.0,12.437500000000007,9.300000000000011,15.5,78.625,101676.25,2.425,0.0,8,8
07630,2018-04-15,0.0,13.187500000000028,5.800000000000011,20.400000000000034,72.375,101455.0,2.7375,0.0,8,8
07630,2018-04-16,0.0,12.412500000000023,10.200000000000045,14.400000000000034,72.75,101757.5,4.0125,0.0,8,8
07630,2018-04-17,0.0,15.325000000000031,7.0,23.700000000000045,64.125,102305.0,1.7125,0.0,8,8
07630,2018-04-18,0.0,17.937500000000014,10.100000000000023,26.0,56.75,102343.75,3.3875,0.0,8,8
07630,2018-04-19,0.0,19.93750000000002,15.600000000000023,24.30000000000001,43.25,102285.0,6.15,0.0,8,8
07630,2018-04-20,0.0,19.40000000000002,13.0,25.200000000000045,46.0,102105.0,4.9875,0.0,8,8
07630,2018-04-21,0.0,19.300000000000026,12.200000000000045,25.900000000000034,51.125,101801.25,4.0125,0.0,8,8
07630,2018-04-22,0.0,18.875000000000014,14.100000000000023,25.30000000000001,56.875,101602.5,2.6,0.0,8,8
07630,2018-04-23,0.0,17.712500000000027,13.900000000000034,21.700000000000045,72.375,101965.0,1.675,,8,7
07630,2018-04-24,0.0,18.21250000000002,12.100000000000023,24.900000000000034,75.5,101911.25,1.3625,0.0,8,8
07630,2018-04-25,0.0,15.137500000000017,13.600000000000023,16.0,79.625,102075.0,3.8625,0.0,8,8
07630,2018-04-26,0.0,14.762500000000024,11.100000000000023,18.5,59.25,102123.75,3.525,0.0,8,8
07630,2018-04-27,0.0,13.812500000000014,7.5,18.400000000000034,69.5,101392.5,3.575,0.0,8,8
07630,2018-04-28,1.2,14.46250000000002,11.600000000000023,18.200000000000045,66.125,101065.0,2.625,1.0,8,8
07630,2018-04-29,12.9,11.387500000000031,8.900000000000034,12.400000000000034,87.125,100553.75,3.6125,1.0,8,8
07630,2018-04-30,7.3,10.200000000000017,7.400000000000034,15.400000000000034,79.25,101260.0,2.15,1.0,8,8
07630,2018-05-01,1.2,9.987500000000018,7.800000000000011,12.900000000000034,73.625,101582.5,4.675,1.0,8,8
07630,2018-05-02,0.0,11.562500000000028,5.2000000000000455,17.900000000000034,67.25,101401.25,3.0875000000000004,0.0,8,8
07630,2018-05-03,2.0,11.375000000000021,10.100000000000023,12.800000000000011,86.75,101567.5,6.112500000000001,1.0,8,8
07630,2018-05-04,0.0,11.650000000000013,9.700000000000045,13.800000000000011,75.0,101770.0,6.8,0.0,8,8
07630,2018-05-05,0.0,14.250000000000021,11.800000000000011,16.900000000000034,73.25,101880.0,3.2375,0.0,8,8
07630,2018-05-06,0.0,17.10000000000003,9.700000000000045,24.30000000000001,73.75,101830.0,1.5875,0.0,8,8
07630,2018-05-07,33.2,20.487500000000026,14.800000000000011,26.900000000000034,70.25,101428.75,2.4,1.0,8,8
07630,2018-05-08,10.2,16.025000000000027,15.200000000000045,17.900000000000034,85.5,101323.75,4.175,1.0,8,8
07630,2018-05-09,0.0,14.912500000000023,12.600000000000023,17.200000000000045,77.375,101322.5,5.025,0.0,8,8
07630,2018-05-10,0.0,14.875000000000028,11.600000000000023,18.900000000000034,66.875,101835.0,4.3375,0.0,8,8
07630,2018-05-11,0.0,16.93750000000002,9.600000000000023,24.0,61.875,101635.0,1.975,0.0,8,8
07630,2018-05-12,7.5,12.250000000000036,8.800000000000011,15.5,84.0,101630.0,4.275,1.0,8,8
07630,2018-05-13,18.8,9.125000000000028,7.400000000000034,12.700000000000045,80.875,101941.25,5.65,1.0,8,8
07630,2018-05-14,6.6000000000000005,9.325000000000024,7.400000000000034,11.100000000000023,87.5,101967.5,7.0,1.0,8,8
07630,2018-05-15,3.4,11.200000000000031,9.700000000000045,12.700000000000045,89.0,102042.5,6.3,1.0,8,8
07630,2018-05-16,2.0,13.83750000000002,11.600000000000023,17.30000000000001,78.625,102007.5,4.0125,1.0,8,8
07630,2018-05-17,0.4,14.500000000000021,11.900000000000034,18.30000000000001,81.875,101831.25,2.3625,0.0,8,8
07630,2018-05-18,0.2,16.37500000000002,10.900000000000034,22.5,79.0,101772.5,2.2,0.0,8,8
07630,2018-05-19,0.0,17.487500000000026,14.200000000000045,22.600000000000023,72.625,101733.75,2.825,0.0,8,8
07630,2018-05-20,0.4,17.31250000000002,11.5,23.100000000000023,70.5,101540.0,1.8375,0.0,8,8
07630,2018-05-21,0.0,19.33750000000002,15.100000000000023,24.0,64.75,101148.75,3.15,0.0,8,8
07630,2018-05-22,1.0,18.70000000000003,14.700000000000045,23.400000000000034,68.375,101412.5,2.5125,0.0,8,8
07630,2018-05-23,0.0,19.687500000000014,14.600000000000023,25.400000000000034,65.25,101661.25,2.3875,0.0,8,8
07630,2018-05-24,0.0,20.237500000000026,15.900000000000034,24.900000000000034,70.375,101592.5,2.9625,0.0,8,8
07630,2018-05-25,0.2,19.925000000000026,16.600000000000023,24.600000000000023,67.75,101385.0,4.6625,0.0,8,8
07630,2018-05-26,0.0,21.53750000000003,17.700000000000045,26.200000000000045,55.125,101216.25,7.525,0.0,8,8
07630,2018-05-27,9.7,19.637500000000024,16.5,25.0,73.875,101428.75,3.7,1.0,8,8
07630,2018-05-28,6.8,16.875000000000014,15.900000000000034,19.0,92.25,101417.5,2.475,1.0,8,8
07630,2018-05-29,0.0,18.400000000000027,15.400000000000034,22.200000000000045,79.875,101391.25,2.2285714285714286,0.0,8,8
07630,2018-05-30,8.5,17.850000000000016,15.800000000000011,20.80000000000001,82.875,101302.5,2.8875,1.0,8,8
07630,2018-05-31,1.0,18.475000000000023,15.100000000000023,22.400000000000034,76.125,101722.5,3.0875,0.0,8,8
07630,2018-06-01,0.0,21.512500000000024,16.700000000000045,25.400000000000034,63.75,101902.5,2.2125,0.0,8,8
07630,2018-06-02,2.7,20.72500000000003,17.30000000000001,25.80000000000001,70.875,101722.5,1.7,1.0,8,8
07630,2018-06-03,0.2,19.50000000000003,17.30000000000001,22.900000000000034,76.0,101387.5,4.7625,0.0,8,8
07630,2018-06-04,5.9,19.700000000000017,16.200000000000045,24.400000000000034,76.0,101157.5,2.525,1.0,8,8
07630,2018-06-05,14.700000000000001,17.66250000000003,15.700000000000045,21.0,88.875,101095.0,4.0875,1.0,8,8
07630,2018-06-06,0.2,16.925000000000026,15.100000000000023,19.0,79.375,101387.5,2.875,0.0,8,8
07630,2018-06-07,0.4,19.00000000000002,15.200000000000045,23.30000000000001,72.875,101582.5,2.0375,0.0,8,8
07630,2018-06-08,0.0,20.71250000000002,14.5,25.30000000000001,66.875,101257.5,2.5,0.0,8,8
07630,2018-06-09,0.0,22.137500000000024,18.600000000000023,26.400000000000034,71.25,101107.5,3.925,0.0,8,8
07630,2018-06-10,2.2,19.87500000000003,18.0,21.400000000000034,79.5,101157.5,3.175,1.0,8,8
07630,2018-06-11,25.3,17.825000000000024,15.800000000000011,20.600000000000023,83.875,101155.0,3.6624999999999996,1.0,8,8
07630,2018-06-12,3.5999999999999996,16.68750000000003,15.400000000000034,18.600000000000023,83.375,101198.75,3.4625,1.0,8,8
07630,2018-06-13,1.2,19.287500000000023,16.5,22.900000000000034,73.625,101622.5,6.725,1.0,8,8
07630,2018-06-14,0.0,18.68750000000002,15.0,23.0,72.625,101841.25,4.975,0.0,8,8
07630,2018-06-15,0.4,18.11250000000001,15.400000000000034,21.5,75.375,101827.5,4.4125,0.0,8,8
07630,2018-06-16,6.9,18.63750000000003,15.700000000000045,21.400000000000034,75.375,101928.75,4.4625,1.0,8,8
07630,2018-06-17,0.0,17.76250000000003,13.900000000000034,20.900000000000034,70.25,102361.25,4.475,0.0,8,8
07630,2018-06-18,0.0,18.35000000000003,13.900000000000034,22.600000000000023,74.375,102558.75,3.9375,0.0,8,8
07630,2018-06-19,0.0,22.25000000000002,17.600000000000023,27.400000000000034,67.0,102242.5,2.7,0.0,8,8
07630,2018-06-20,0.0,24.475000000000016,16.80000000000001,30.80000000000001,65.625,101800.0,2.7,0.0,8,8
07630,2018-06-21,0.0,23.712500000000027,19.30000000000001,29.400000000000034,72.75,101842.5,3.975,0.0,8,8
07630,2018-06-22,0.0,22.67500000000002,19.30000000000001,26.700000000000045,63.875,101975.0,5.3,0.0,8,8
07630,2018-06-23,0.0,20.637500000000017,13.300000000000011,26.5,49.875,102008.75,2.825,0.0,8,8
07630,2018-06-24,0.0,21.512500000000024,14.200000000000045,27.700000000000045,58.625,101748.75,2.8875,0.0,8,8
07630,2018-06-25,0.0,22.98750000000002,16.5,28.900000000000034,52.625,101682.5,2.6,0.0,8,8
07630,2018-06-26,0.0,24.962500000000027,17.5,30.80000000000001,49.0,101670.0,1.9625,0.0,8,8
07630,2018-06-27,0.0,24.925000000000033,18.400000000000034,30.900000000000034,60.375,101597.5,3.975,0.0,8,8
07630,2018-06-28,0.0,23.037500000000023,18.900000000000034,28.30000000000001,65.0,101335.0,4.55,0.0,8,8
07630,2018-06-29,0.0,23.80000000000002,19.0,30.0,64.25,101055.0,2.8375,0.0,8,8
07630,2018-06-30,0.0,25.362500000000026,20.200000000000045,30.80000000000001,52.125,100835.0,5.6375,0.0,8,8
07630,2018-07-01,0.0,25.150000000000027,19.30000000000001,31.700000000000045,53.875,100862.5,4.0375,0.0,8,8
07630,2018-07-02,0.0,25.025000000000027,20.5,29.600000000000023,59.125,101240.0,3.3,0.0,8,8
07630,2018-07-03,0.0,25.95000000000001,20.5,30.600000000000023,58.875,101486.25,2.3625,0.0,8,8
07630,2018-07-04,7.7,23.33750000000002,17.5,32.200000000000045,70.75,101398.75,3.925,1.0,8,8
07630,2018-07-05,1.6,19.737500000000033,16.400000000000034,22.900000000000034,79.0,101970.0,4.0875,1.0,8,8
07630,2018-07-06,0.0,21.512500000000017,17.30000000000001,25.5,66.75,102221.25,3.45,0.0,8,8
07630,2018-07-07,0.0,24.025000000000013,17.5,30.0,58.5,102005.0,2.25,0.0,8,8
07630,2018-07-08,0.0,25.787500000000023,20.200000000000045,31.30000000000001,51.75,101910.0,3.375,0.0,8,8
07630,2018-07-09,0.0,25.487500000000026,20.200000000000045,30.200000000000045,51.125,101885.0,4.2,0.0,8,8
07630,2018-07-10,0.0,24.937500000000007,20.100000000000023,29.5,53.875,101702.5,5.1625,0.0,8,8
07630,2018-07-11,0.0,24.537500000000016,19.400000000000034,29.30000000000001,49.375,101522.5,4.25,0.0,8,8
07630,2018-07-12,0.0,24.225000000000016,18.900000000000034,28.5,48.25,101557.5,3.0625,0.0,8,8
07630,2018-07-13,0.0,28.04000000000002,26.0,30.5,44.0,101696.0,3.04,,5,5
07630,2018-07-14,3.8000000000000003,25.525000000000027,19.700000000000045,31.600000000000023,63.625,101592.5,2.5375,1.0,8,8
07630,2018-07-15,15.5,25.18750000000002,18.400000000000034,32.400000000000034,59.375,101420.0,3.05,1.0,8,8
07630,2018-07-16,27.7,20.662500000000023,17.80000000000001,23.200000000000045,84.5,101582.5,5.2875,1.0,8,8
07630,2018-07-17,0.0,22.100000000000016,18.30000000000001,26.5,67.75,101962.5,2.6374999999999997,0.0,8,8
07630,2018-07-18,2.2,23.300000000000026,17.900000000000034,30.80000000000001,68.875,101511.25,2.925,1.0,8,8
07630,2018-07-19,0.0,23.814285714285727,17.5,31.30000000000001,68.14285714285714,101518.57142857143,2.1,,7,7
07630,2018-07-20,3.2,21.950000000000024,19.200000000000045,25.400000000000034,76.375,101517.5,4.35,1.0,8,8
07630,2018-07-21,1.4,19.87500000000002,17.200000000000045,23.600000000000023,71.125,101656.25,3.475,1.0,8,8
07630,2018-07-22,0.0,21.525000000000013,16.5,26.600000000000023,61.75,101671.25,3.7,0.0,8,8
07630,2018-07-23,0.0,23.775000000000027,16.400000000000034,30.30000000000001,57.75,101632.5,1.7,0.0,8,8
07630,2018-07-24,0.0,24.837500000000034,18.30000000000001,29.900000000000034,59.25,101355.0,2.2625,0.0,8,8
07630,2018-07-25,0.0,26.50000000000002,21.200000000000045,31.5,57.875,101493.75,2.775,0.0,8,8
07630,2018-07-26,0.0,27.350000000000016,20.0,34.80000000000001,57.75,101202.5,2.6375,0.0,8,8
07630,2018-07-27,0.0,25.787500000000037,20.80000000000001,30.700000000000045,66.125,101170.0,3.5,0.0,8,8
07630,2018-07-28,0.0,23.237500000000026,20.900000000000034,26.0,66.875,101446.25,3.7375,0.0,8,8
07630,2018-07-29,0.0,25.02500000000002,18.100000000000023,32.0,65.125,101373.75,3.275,0.0,8,8
07630,2018-07-30,0.0,26.000000000000014,20.0,31.30000000000001,60.625,101582.5,3.3125,0.0,8,8
07630,2018-07-31,0.0,26.75000000000003,22.200000000000045,30.600000000000023,60.375,101641.25,3.8000000000000003,0.0,8,8
07630,2018-08-01,0.0,26.900000000000034,22.200000000000045,31.900000000000034,58.75,101801.25,3.9,0.0,8,8
07630,2018-08-02,0.0,28.200000000000024,22.30000000000001,33.900000000000034,53.375,101801.25,2.8875,0.0,8,8
07630,2018-08-03,0.0,29.06250000000003,21.700000000000045,35.200000000000045,51.75,101682.5,2.85,0.0,8,8
07630,2018-08-04,0.0,29.200000000000024,24.0,34.80000000000001,54.0,101763.75,5.4125,0.0,8,8
07630,2018-08-05,0.0,27.87500000000003,22.200000000000045,33.900000000000034,60.5,101662.5,3.6875,0.0,8,8
07630,2018-08-06,0.0,28.52500000000002,22.100000000000023,35.30000000000001,58.75,101347.5,2.4375,0.0,8,8
07630,2018-08-07,0.0,26.175000000000026,22.600000000000023,30.700000000000045,69.5,101168.75,4.7375,0.0,8,8
07630,2018-08-08,0.0,24.825000000000024,20.0,30.600000000000023,65.375,101370.0,2.875,0.0,8,8
07630,2018-08-09,0.6,21.43750000000002,19.100000000000023,25.100000000000023,74.75,101670.0,4.7625,0.0,8,8
07630,2018-08-10,0.0,21.37500000000002,17.0,26.5,57.5,102460.0,3.05,0.0,8,8
07630,2018-08-11,0.0,23.262500000000024,16.100000000000023,29.80000000000001,50.5,102227.5,1.3,0.0,8,8
07630,2018-08-12,8.9,24.412500000000016,17.900000000000034,33.900000000000034,58.875,101473.75,5.5,1.0,8,8
07630,2018-08-13,0.0,21.637500000000017,19.600000000000023,23.600000000000023,76.0,101528.75,3.45,0.0,8,8
07630,2018-08-14,0.0,21.40000000000002,18.5,25.0,65.375,101980.0,5.0,0.0,8,8
07630,2018-08-15,0.0,22.58750000000002,16.200000000000045,28.5,59.25,101946.25,2.6750000000000003,0.0,8,8
07630,2018-08-16,0.0,24.15000000000002,17.0,31.80000000000001,60.75,101521.25,3.0875,0.0,8,8
07630,2018-08-17,0.0,22.100000000000023,19.400000000000034,25.30000000000001,64.0,101952.5,5.875,0.0,8,8
07630,2018-08-18,0.0,20.975000000000023,16.100000000000023,25.700000000000045,60.625,102233.75,4.2125,0.0,8,8
07630,2018-08-19,0.0,23.462500000000027,16.80000000000001,30.100000000000023,54.25,102178.75,3.4125,0.0,8,8
07630,2018-08-20,0.0,24.25000000000002,17.0,30.5,50.375,102027.5,3.9124999999999996,0.0,8,8
07630,2018-08-21,0.0,25.137500000000024,18.0,32.0,57.0,101720.0,2.325,0.0,8,8
07630,2018-08-22,0.0,26.41250000000003,19.30000000000001,33.200000000000045,55.75,101548.75,2.1,0.0,8,8
07630,2018-08-23,0.0,25.412500000000023,21.400000000000034,31.30000000000001,63.75,101663.75,4.7,0.0,8,8
07630,2018-08-24,0.0,21.550000000000026,19.200000000000045,24.700000000000045,64.75,101943.75,5.449999999999999,0.0,8,8
07630,2018-08-25,0.0,17.86250000000002,15.800000000000011,19.600000000000023,63.875,101930.0,3.2375,0.0,8,8
07630,2018-08-26,0.0,19.825000000000024,12.800000000000011,25.5,59.875,101723.75,2.4,0.0,8,8
07630,2018-08-27,0.0,22.52500000000002,15.0,29.700000000000045,58.5,101676.25,2.0375,0.0,8,8
07630,2018-08-28,0.2,24.77500000000002,17.400000000000034,32.30000000000001,58.125,101441.25,4.4,0.0,8,8
07630,2018-08-29,2.0,22.962500000000027,19.100000000000023,27.200000000000045,70.625,101851.25,4.6375,1.0,8,8
07630,2018-08-30,0.0,20.475000000000037,15.600000000000023,25.700000000000045,57.375,102170.0,3.7375,0.0,8,8
07630,2018-08-31,0.0,21.225000000000023,14.900000000000034,27.100000000000023,54.75,102052.5,3.5875,0.0,8,8
07630,2018-09-01,0.0,22.025000000000013,17.200000000000045,27.0,46.125,102091.25,3.725,0.0,8,8
07630,2018-09-02,0.0,20.37500000000003,11.800000000000011,27.100000000000023,46.125,101777.5,1.9,0.0,8,8
07630,2018-09-03,0.0,20.887500000000024,11.600000000000023,29.400000000000034,48.25,101402.5,2.375,0.0,8,8
07630,2018-09-04,0.2,23.212500000000013,17.5,29.30000000000001,51.375,101352.5,2.175,0.0,8,8
07630,2018-09-05,5.4,21.742857142857172,18.30000000000001,27.700000000000045,66.0,101465.71428571429,2.6,,7,7
07630,2018-09-06,9.9,20.137500000000017,17.900000000000034,24.80000000000001,78.375,101511.25,3.95,1.0,8,8
07630,2018-09-07,0.4,20.975000000000023,18.0,25.600000000000023,69.75,101775.0,3.5374999999999996,0.0,8,8
07630,2018-09-08,0.0,21.18750000000002,13.900000000000034,29.30000000000001,60.375,101811.25,2.4125,0.0,8,8
07630,2018-09-09,0.0,21.937500000000014,16.900000000000034,27.900000000000034,63.0,101991.25,2.6875,0.0,8,8
07630,2018-09-10,0.0,22.075000000000024,18.0,27.30000000000001,69.5,102418.75,3.2375,0.0,8,8
07630,2018-09-11,0.0,23.537500000000023,17.0,31.600000000000023,61.875,102338.75,2.225,0.0,8,8
07630,2018-09-12,0.0,22.875000000000014,18.0,28.0,67.5,102093.75,3.375,0.0,8,8
07630,2018-09-13,0.0,20.93750000000003,18.200000000000045,23.600000000000023,71.5,102120.0,4.9375,0.0,8,8
07630,2018-09-14,0.0,20.412500000000023,16.600000000000023,24.5,71.375,102100.0,3.0,0.0,8,8
07630,2018-09-15,0.0,19.825000000000024,13.700000000000045,25.80000000000001,64.625,102163.75,2.3375,0.0,8,8
07630,2018-09-16,0.2,22.800000000000026,15.200000000000045,30.80000000000001,59.625,101948.75,2.6750000000000003,0.0,8,8
07630,2018-09-17,0.0,23.262500000000024,18.600000000000023,29.100000000000023,66.0,101753.75,5.2375,0.0,8,8
07630,2018-09-18,0.0,23.92500000000002,20.5,28.5,65.0,101640.0,5.4875,0.0,8,8
07630,2018-09-19,0.0,22.500000000000014,18.200000000000045,29.5,70.25,102018.75,1.5125,0.0,8,8
07630,2018-09-20,0.0,23.350000000000023,16.30000000000001,31.900000000000034,62.75,101857.5,1.8624999999999998,0.0,8,8
07630,2018-09-21,0.0,21.20000000000001,17.80000000000001,27.0,69.5,101967.5,4.7,0.0,8,8
07630,2018-09-22,0.0,20.87500000000003,15.400000000000034,27.600000000000023,62.75,102363.75,1.9625,0.0,8,8
07630,2018-09-23,0.0,22.63750000000003,16.400000000000034,29.900000000000034,65.375,102310.0,3.2375,0.0,8,8
07630,2018-09-24,2.2,17.887500000000017,14.600000000000023,20.900000000000034,65.875,102696.25,5.65,1.0,8,8
07630,2018-09-25,0.0,15.512500000000031,8.100000000000023,22.600000000000023,54.375,102792.5,1.8375,0.0,8,8
07630,2018-09-26,0.0,19.787500000000016,14.0,25.30000000000001,56.625,102880.0,6.15,0.0,8,8
07630,2018-09-27,0.0,20.72500000000003,15.600000000000023,27.700000000000045,56.5,102665.0,3.9375,0.0,8,8
07630,2018-09-28,0.0,21.350000000000023,13.900000000000034,29.100000000000023,60.5,102072.5,3.0625,0.0,8,8
07630,2018-09-29,0.0,19.62500000000002,15.100000000000023,24.900000000000034,57.625,101795.0,3.6,0.0,8,8
07630,2018-09-30,0.0,18.06250000000003,13.300000000000011,23.700000000000045,59.125,101863.75,3.35,0.0,8,8
07630,2018-10-01,0.0,14.200000000000024,11.400000000000034,17.80000000000001,56.75,102406.25,7.225,0.0,8,8
07630,2018-10-02,0.0,13.987500000000026,7.300000000000011,19.600000000000023,45.125,102765.0,4.85,0.0,8,8
07630,2018-10-03,0.0,17.012500000000017,12.200000000000045,22.80000000000001,53.375,102677.5,3.5375,0.0,8,8
07630,2018-10-04,0.0,17.37500000000003,9.700000000000045,25.200000000000045,61.5,102131.25,2.625,0.0,8,8
07630,2018-10-05,0.0,20.712500000000027,16.80000000000001,27.200000000000045,57.875,101655.0,5.6375,0.0,8,8
07630,2018-10-06,3.4,19.70000000000003,13.900000000000034,26.0,63.625,101390.0,6.3375,1.0,8,8
07630,2018-10-07,5.2,12.812500000000028,11.800000000000011,13.700000000000045,86.625,101747.5,5.125,1.0,8,8
07630,2018-10-08,0.0,13.612500000000018,11.900000000000034,15.800000000000011,83.375,101935.0,1.925,0.0,8,8
07630,2018-10-09,0.2,17.087500000000013,13.0,23.30000000000001,79.0,101533.75,3.8375,0.0,8,8
07630,2018-10-10,1.2,18.637500000000017,16.0,20.900000000000034,78.375,100877.5,6.025,1.0,8,8
07630,2018-10-11,0.0,19.86250000000002,17.200000000000045,23.600000000000023,77.5,101113.75,5.9875,0.0,8,8
07630,2018-10-12,0.0,21.400000000000027,19.5,24.600000000000023,76.125,101860.0,7.8,0.0,8,8
07630,2018-10-13,0.0,21.17500000000002,20.0,24.0,77.375,101622.5,7.3875,0.0,8,8
07630,2018-10-14,6.3,20.300000000000033,14.400000000000034,25.400000000000034,72.75,100681.25,7.775,1.0,8,8
07630,2018-10-15,26.6,14.787500000000023,13.300000000000011,16.600000000000023,86.75,100892.5,3.0500000000000003,1.0,8,8
07630,2018-10-16,0.0,16.900000000000027,14.200000000000045,20.30000000000001,83.5,101630.0,1.8875000000000002,0.0,8,8
07630,2018-10-17,0.0,17.33750000000002,14.200000000000045,21.0,80.25,101683.75,1.2375,0.0,8,8
07630,2018-10-18,6.7,16.412500000000016,14.600000000000023,19.0,86.75,101541.25,1.425,1.0,8,8
07630,2018-10-19,0.0,16.86250000000001,13.5,21.400000000000034,86.625,101817.5,1.2,0.0,8,8
07630,2018-10-20,0.0,15.175000000000026,13.400000000000034,17.30000000000001,91.625,102352.5,1.925,0.0,8,8
07630,2018-10-21,0.0,15.125000000000014,13.100000000000023,19.0,91.5,102317.5,2.15,0.0,8,8
07630,2018-10-22,0.0,13.875000000000028,10.200000000000045,18.30000000000001,79.5,102478.75,3.925,0.0,8,8
07630,2018-10-23,0.0,13.287500000000016,8.0,19.0,74.375,102922.5,2.8875,0.0,8,8
07630,2018-10-24,0.0,13.112500000000018,8.900000000000034,19.5,74.25,102748.75,3.4875,0.0,8,8
07630,2018-10-25,0.0,12.10000000000003,8.5,15.600000000000023,83.125,102043.75,2.3125,0.0,8,8
07630,2018-10-26,0.0,11.975000000000023,10.600000000000023,13.800000000000011,89.75,101500.0,2.1125,0.0,8,8
07630,2018-10-27,3.2,9.750000000000028,6.900000000000034,12.5,80.75,100861.25,4.45,1.0,8,8
07630,2018-10-28,0.2,5.350000000000013,4.0,6.900000000000034,82.83333333333333,100288.33333333333,3.983333333333334,,6,6
07630,2018-10-29,0.4,4.525000000000027,3.2000000000000455,5.5,88.5,99958.75,4.8,0.0,8,8
07630,2018-10-30,0.0,8.412500000000023,2.6000000000000227,13.100000000000023,71.875,100316.25,4.225,0.0,8,8
07630,2018-10-31,0.0,10.562500000000021,7.7000000000000455,13.400000000000034,75.75,100353.75,2.8,0.0,8,8
07630,2018-11-01,1.0,10.700000000000024,8.400000000000034,14.300000000000011,80.875,101363.75,2.4625,0.0,8,8
07630,2018-11-02,0.8,9.437500000000021,6.600000000000023,12.600000000000023,89.625,102200.0,2.4375,0.0,8,8
07630,2018-11-03,0.0,7.625000000000021,5.400000000000034,11.5,86.625,102467.5,2.7,0.0,8,8
07630,2018-11-04,0.0,9.112500000000018,4.300000000000011,15.100000000000023,80.875,101246.25,2.6,0.0,8,8
07630,2018-11-05,0.0,16.237500000000026,15.100000000000023,17.900000000000034,69.875,100058.75,8.6875,0.0,8,8
07630,2018-11-06,10.5,11.850000000000023,10.200000000000045,14.200000000000045,77.75,100676.25,2.3,1.0,8,8
07630,2018-11-07,2.4,11.97500000000003,8.400000000000034,15.100000000000023,79.375,101191.25,4.75,1.0,8,8
07630,2018-11-08,0.0,10.78750000000003,6.5,14.900000000000034,82.375,101670.0,2.45,0.0,8,8
07630,2018-11-09,2.0,10.325000000000024,8.100000000000023,13.0,90.25,101418.75,2.5875,1.0,8,8
07630,2018-11-10,0.0,13.112500000000018,8.400000000000034,16.700000000000045,80.0,100943.75,5.225,0.0,8,8
07630,2018-11-11,0.0,14.387500000000031,10.600000000000023,18.80000000000001,82.125,101116.25,4.625,0.0,8,8
07630,2018-11-12,0.0,17.725000000000023,15.900000000000034,20.200000000000045,71.75,101445.0,5.7875,0.0,8,8
07630,2018-11-13,0.0,13.83750000000002,12.400000000000034,15.400000000000034,84.0,102657.5,2.8375,0.0,8,8
07630,2018-11-14,0.0,14.475000000000016,10.600000000000023,18.5,86.875,102296.25,4.4750000000000005,0.0,8,8
07630,2018-11-15,0.0,15.987500000000018,14.0,19.0,79.125,101961.25,4.35,0.0,8,8
07630,2018-11-16,0.0,13.675000000000033,9.800000000000011,18.900000000000034,79.0,102065.0,2.9625,0.0,8,8
07630,2018-11-17,0.0,11.887500000000031,7.600000000000023,16.600000000000023,78.0,101690.0,4.4125,0.0,8,8
07630,2018-11-18,0.0,11.21250000000002,9.300000000000011,13.600000000000023,67.0,101195.0,8.075,0.0,8,8
07630,2018-11-19,0.0,7.862500000000026,4.100000000000023,11.5,74.0,100492.5,2.1875,0.0,8,8
07630,2018-11-20,1.0,5.537500000000016,4.0,7.0,82.375,100262.5,2.6125,0.0,8,8
07630,2018-11-21,0.0,6.825000000000024,2.6000000000000227,10.900000000000034,80.75,101050.0,2.2,0.0,8,8
07630,2018-11-22,0.0,9.450000000000017,5.900000000000034,14.5,84.875,101495.0,3.1125000000000003,0.0,8,8
07630,2018-11-23,0.0,8.125000000000021,4.900000000000034,11.800000000000011,90.75,101282.5,1.7000000000000002,0.0,8,8
07630,2018-11-24,0.0,6.90000000000002,1.5,13.900000000000034,79.125,101416.25,1.9375,0.0,8,8
07630,2018-11-25,6.2,8.550000000000018,4.7000000000000455,10.5,81.75,100778.75,4.0,1.0,8,8
07630,2018-11-26,0.0,7.5500000000000185,6.0,8.700000000000045,84.0,101090.0,4.65,0.0,8,8
07630,2018-11-27,0.0,7.137500000000024,4.400000000000034,10.800000000000011,81.5,102246.25,2.9000000000000004,0.0,8,8
07630,2018-11-28,0.0,8.46250000000002,3.5,14.200000000000045,78.0,102145.0,1.7875,0.0,8,8
07630,2018-11-29,0.0,12.100000000000023,9.900000000000034,15.5,75.0,101693.75,6.175,0.0,8,8
07630,2018-11-30,11.3,10.437500000000007,9.0,12.5,87.0,101875.0,3.7625,1.0,8,8
07630,2018-12-01,0.0,9.012500000000024,6.2000000000000455,12.900000000000034,83.625,102120.0,1.6375,0.0,8,8
07630,2018-12-02,8.9,11.487500000000018,8.700000000000045,14.300000000000011,92.0,101923.75,1.7999999999999998,1.0,8,8
07630,2018-12-03,1.6,13.200000000000024,11.300000000000011,16.400000000000034,88.5,101976.25,1.925,1.0,8,8
07630,2018-12-04,0.0,13.612500000000018,10.800000000000011,15.700000000000045,88.5,102377.5,2.4375,0.0,8,8
07630,2018-12-05,0.0,10.587500000000041,5.400000000000034,17.200000000000045,88.875,102335.0,1.575,0.0,8,8
07630,2018-12-06,0.2,12.587500000000027,10.0,14.800000000000011,81.5,102777.5,4.25,0.0,8,8
07630,2018-12-07,4.0,11.812500000000021,9.200000000000045,14.400000000000034,78.125,102541.25,4.25,1.0,8,8
07630,2018-12-08,0.2,10.400000000000027,8.400000000000034,12.5,77.5,102758.75,5.45,0.0,8,8
07630,2018-12-09,3.2,11.71250000000002,10.0,13.300000000000011,77.0,102797.5,7.550000000000001,1.0,8,8
07630,2018-12-10,0.0,9.262500000000024,5.800000000000011,11.600000000000023,82.0,103211.25,4.2875000000000005,0.0,8,8
07630,2018-12-11,0.0,4.325000000000024,2.6000000000000227,8.600000000000023,90.75,102446.25,1.2,0.0,8,8
07630,2018-12-12,2.6,5.687500000000021,1.900000000000034,9.5,93.5,101976.25,1.95,1.0,8,8
07630,2018-12-13,12.9,6.46250000000002,5.900000000000034,6.900000000000034,90.5,100895.0,2.85,1.0,8,8
07630,2018-12-14,3.4,7.012500000000024,4.100000000000023,8.800000000000011,90.625,101792.5,3.8125,1.0,8,8
07630,2018-12-15,3.0,6.02500000000002,2.900000000000034,9.300000000000011,82.625,102112.5,2.15,1.0,8,8
07630,2018-12-16,10.200000000000001,8.950000000000031,8.100000000000023,10.5,93.125,101682.5,3.025,1.0,8,8
07630,2018-12-17,0.4,8.662500000000016,7.0,11.800000000000011,79.625,102721.25,4.25,0.0,8,8
07630,2018-12-18,0.0,7.900000000000027,2.0,11.400000000000034,81.0,102043.75,5.6,0.0,8,8
07630,2018-12-19,0.4,9.225000000000023,6.400000000000034,13.400000000000034,81.375,101917.5,2.8375,0.0,8,8
07630,2018-12-20,0.0,7.900000000000027,3.400000000000034,14.0,78.375,102427.5,2.175,0.0,8,8
07630,2018-12-21,0.0,8.462500000000027,4.0,13.400000000000034,79.5,102645.0,2.1375,0.0,8,8
07630,2018-12-22,0.4,11.775000000000027,9.5,14.200000000000045,86.125,102950.0,1.9375,0.0,8,8
07630,2018-12-23,0.0,12.237500000000018,10.5,14.400000000000034,88.75,102970.0,1.5,0.0,8,8
07630,2018-12-24,0.0,9.750000000000028,7.600000000000023,12.5,94.125,103057.5,1.775,0.0,8,8
07630,2018-12-25,0.0,8.425000000000018,5.600000000000023,12.5,89.25,103057.5,1.275,0.0,8,8
07630,2018-12-26,0.0,6.53750000000003,1.7000000000000455,11.200000000000045,82.125,102862.5,3.0375,0.0,8,8
07630,2018-12-27,0.0,5.812500000000014,1.0,11.600000000000023,85.75,102783.75,1.4625000000000001,0.0,8,8
07630,2018-12-28,0.0,8.725000000000023,8.100000000000023,10.200000000000045,78.25,103096.25,3.175,0.0,8,8
07630,2018-12-29,0.0,5.637500000000017,3.0,7.0,88.625,103465.0,3.475,0.0,8,8
07630,2018-12-30,0.0,1.2000000000000242,0.6000000000000227,2.900000000000034,94.5,103656.25,2.225,0.0,8,8
07630,2018-12-31,0.0,1.2375000000000185,0.0,2.6000000000000227,97.125,103543.75,1.6125,0.0,8,8
07630,2019-01-01,0.0,2.58750000000002,1.3000000000000114,4.300000000000011,96.125,103492.5,2.6375,0.0,8,8
07630,2019-01-02,0.0,4.8625000000000185,4.0,6.900000000000034,85.75,103571.25,5.2125,0.0,8,8
07630,2019-01-03,0.0,1.387500000000017,-2.8999999999999773,6.7000000000000455,76.5,103527.5,1.8125,0.0,8,8
07630,2019-01-04,0.0,-0.29999999999998295,-5.0,5.800000000000011,78.125,103530.0,2.2125,0.0,8,8
07630,2019-01-05,0.0,0.9250000000000185,-4.0,6.900000000000034,76.5,103653.75,2.925,0.0,8,8
07630,2019-01-06,0.0,0.4000000000000199,-1.6999999999999886,2.5,86.375,103723.75,4.05,0.0,8,8
07630,2019-01-07,0.0,2.0000000000000213,0.9000000000000341,3.400000000000034,77.375,103761.25,5.1375,0.0,8,8
07630,2019-01-08,0.0,5.187500000000021,3.1000000000000227,7.800000000000011,83.25,103317.5,6.3125,,8,7
07630,2019-01-09,0.6,6.062500000000028,4.2000000000000455,7.0,80.375,102535.0,6.7375,0.0,8,8
07630,2019-01-10,0.0,2.3500000000000227,-0.19999999999998863,4.600000000000023,73.875,102580.0,6.3625,0.0,8,8
07630,2019-01-11,0.0,2.450000000000017,0.4000000000000341,4.300000000000011,70.25,103072.5,5.4375,0.0,8,8
07630,2019-01-12,0.2,5.33750000000002,2.900000000000034,8.0,81.0,103268.75,4.4625,0.0,8,8
07630,2019-01-13,0.0,8.562500000000028,6.300000000000011,10.700000000000045,82.0,102818.75,6.9875,0.0,8,8
07630,2019-01-14,2.8,9.112500000000018,8.5,10.0,91.0,102435.0,6.3374999999999995,1.0,8,8
07630,2019-01-15,0.0,6.58750000000002,3.3000000000000114,10.0,76.75,102371.25,1.7375,0.0,8,8
07630,2019-01-16,0.0,4.725000000000023,-1.099999999999966,11.600000000000023,81.75,101772.5,2.4,0.0,8,8
07630,2019-01-17,1.2,7.062500000000028,5.100000000000023,10.5,86.0,101831.25,4.3,1.0,8,8
07630,2019-01-18,0.0,4.8000000000000185,0.5,7.900000000000034,90.625,101917.5,2.1125,0.0,8,8
07630,2019-01-19,0.2,4.77500000000002,0.9000000000000341,10.700000000000045,87.5,101380.0,1.9500000000000002,0.0,8,8
07630,2019-01-20,1.0,6.025000000000027,3.7000000000000455,7.7000000000000455,90.375,101313.75,1.9875,0.0,8,8
07630,2019-01-21,0.0,5.237500000000033,3.2000000000000455,6.800000000000011,86.625,102080.0,5.2,0.0,8,8
07630,2019-01-22,2.0,3.27500000000002,-0.5999999999999659,6.600000000000023,84.125,101440.0,3.4625,1.0,8,8
07630,2019-01-23,7.1,4.950000000000031,3.2000000000000455,7.100000000000023,86.375,100176.25,7.8125,1.0,8,8
07630,2019-01-24,0.0,2.1125000000000327,0.7000000000000455,4.300000000000011,75.0,101277.5,6.65,0.0,8,8
07630,2019-01-25,1.2,3.212500000000034,0.20000000000004547,7.2000000000000455,90.125,101997.5,2.6,1.0,8,8
07630,2019-01-26,0.0,8.362500000000018,5.800000000000011,11.0,88.125,101952.5,2.8,0.0,8,8
07630,2019-01-27,5.8,7.200000000000017,5.400000000000034,9.0,85.375,101017.5,7.875,1.0,8,8
07630,2019-01-28,6.0,5.975000000000023,3.8000000000000114,8.300000000000011,86.75,101066.25,7.4875,1.0,8,8
07630,2019-01-29,4.6,5.725000000000016,2.8000000000000114,9.100000000000023,89.875,100917.5,5.0375,1.0,8,8
07630,2019-01-30,4.0,4.900000000000034,3.1000000000000227,6.2000000000000455,86.875,100686.25,5.3125,1.0,8,8
07630,2019-01-31,11.1,5.875000000000028,2.6000000000000227,9.400000000000034,89.125,99632.5,3.5125,1.0,8,8
07630,2019-02-01,18.2,8.600000000000023,5.5,12.900000000000034,86.25,98922.5,4.324999999999999,1.0,8,8
07630,2019-02-02,1.0,4.925000000000026,4.2000000000000455,5.400000000000034,88.5,100178.75,6.325,0.0,8,8
07630,2019-02-03,0.0,3.0000000000000213,0.9000000000000341,6.100000000000023,73.75,102455.0,7.225,0.0,8,8
07630,2019-02-04,0.8,2.6250000000000284,-2.8999999999999773,6.900000000000034,75.375,103010.0,1.375,0.0,8,8
07630,2019-02-05,13.3,7.562500000000021,3.900000000000034,11.600000000000023,98.25,102765.0,2.525,1.0,8,8
07630,2019-02-06,0.4,9.600000000000023,6.2000000000000455,11.700000000000045,96.375,102567.5,1.7875,0.0,8,8
07630,2019-02-07,0.0,8.037500000000023,4.600000000000023,12.100000000000023,89.125,102326.25,3.8,0.0,8,8
07630,2019-02-08,0.0,7.262500000000024,1.8000000000000114,13.700000000000045,83.375,102133.75,1.975,0.0,8,8
07630,2019-02-09,0.0,8.437500000000021,3.400000000000034,15.5,81.75,102013.75,2.225,0.0,8,8
07630,2019-02-10,0.6000000000000001,8.162500000000016,5.7000000000000455,10.0,88.75,101696.25,4.4,0.0,8,8
07630,2019-02-11,0.4,8.212500000000027,6.400000000000034,11.300000000000011,77.625,102910.0,5.8,0.0,8,8
07630,2019-02-12,0.0,6.650000000000027,1.7000000000000455,11.400000000000034,78.0,103472.5,2.3625,0.0,8,8
07630,2019-02-13,0.0,6.137500000000024,-0.5999999999999659,13.900000000000034,75.25,103218.75,4.0375,0.0,8,8
07630,2019-02-14,0.0,9.887500000000024,7.300000000000011,13.900000000000034,75.625,103111.25,6.8875,0.0,8,8
07630,2019-02-15,0.0,9.725000000000037,7.100000000000023,14.200000000000045,77.25,102838.75,5.7375,0.0,8,8
07630,2019-02-16,0.0,8.237500000000026,1.3000000000000114,15.400000000000034,78.75,102745.0,4.1625,0.0,8,8
07630,2019-02-17,0.0,10.737500000000018,8.0,14.800000000000011,75.0,102303.75,7.5,0.0,8,8
07630,2019-02-18,0.0,11.450000000000031,8.600000000000023,15.400000000000034,71.125,102026.25,7.0125,0.0,8,8
07630,2019-02-19,0.0,9.71250000000002,7.600000000000023,15.100000000000023,79.875,102200.0,2.55,0.0,8,8
07630,2019-02-20,0.0,8.650000000000027,1.8000000000000114,16.100000000000023,76.375,102398.75,2.575,0.0,8,8
07630,2019-02-21,0.0,9.40000000000002,1.900000000000034,19.5,73.75,102851.25,1.6375,0.0,8,8
07630,2019-02-22,0.0,10.437500000000014,2.3000000000000114,19.600000000000023,61.875,103103.75,2.0125,0.0,8,8
07630,2019-02-23,0.0,11.187500000000021,3.6000000000000227,18.600000000000023,63.5,102828.75,3.4,0.0,8,8
07630,2019-02-24,0.0,11.337500000000027,4.300000000000011,18.600000000000023,68.75,103125.0,2.175,0.0,8,8
07630,2019-02-25,0.0,10.587500000000027,4.300000000000011,18.700000000000045,74.375,103152.5,2.625,0.0,8,8
07630,2019-02-26,0.0,11.387500000000024,3.6000000000000227,21.900000000000034,68.625,102943.75,1.85,0.0,8,8
07630,2019-02-27,0.0,12.40000000000002,3.7000000000000455,23.700000000000045,60.375,102613.75,1.8625,0.0,8,8
07630,2019-02-28,0.0,11.737500000000018,7.5,15.300000000000011,73.0,102947.5,4.5874999999999995,0.0,8,8
07630,2019-03-01,0.0,10.900000000000027,8.300000000000011,13.100000000000023,73.125,102663.75,4.0875,0.0,8,8
07630,2019-03-02,0.0,10.90000000000002,7.7000000000000455,14.800000000000011,74.5,102477.5,4.7875,0.0,8,8
07630,2019-03-03,0.0,11.312500000000021,3.0,21.900000000000034,69.375,101875.0,3.2625,0.0,8,8
07630,2019-03-04,0.0,10.800000000000018,8.0,13.100000000000023,67.125,101610.0,5.2375,0.0,8,8
07630,2019-03-05,0.0,11.637500000000031,6.800000000000011,17.400000000000034,59.125,101560.0,3.2,0.0,8,8
07630,2019-03-06,1.0,13.45000000000001,10.300000000000011,19.0,71.625,100261.25,7.1125,0.0,8,8
07630,2019-03-07,0.0,10.975000000000016,8.0,15.100000000000023,61.625,101250.0,4.4375,0.0,8,8
07630,2019-03-08,0.0,8.725000000000023,5.300000000000011,13.100000000000023,70.625,102188.75,2.25,0.0,8,8
07630,2019-03-09,0.0,11.52500000000002,6.7000000000000455,16.30000000000001,79.5,102926.25,3.8,0.0,8,8
07630,2019-03-10,0.6000000000000001,12.300000000000018,9.900000000000034,16.30000000000001,88.25,102912.5,4.75,0.0,8,8
07630,2019-03-11,0.2,9.487500000000018,5.600000000000023,13.5,70.375,103311.25,4.275,0.0,8,8
07630,2019-03-12,0.0,10.325000000000024,1.8000000000000114,19.5,61.125,102488.75,3.45,0.0,8,8
07630,2019-03-13,3.6,8.400000000000027,6.900000000000034,11.0,83.25,102613.75,7.175000000000001,1.0,8,8
07630,2019-03-14,1.2,9.20000000000001,7.300000000000011,12.0,81.5,102881.25,8.225,1.0,8,8
07630,2019-03-15,0.0,10.987500000000026,8.800000000000011,13.700000000000045,77.0,102831.25,6.275,0.0,8,8
07630,2019-03-16,0.0,13.112500000000026,8.900000000000034,19.100000000000023,59.0,102108.75,2.05,0.0,8,8
07630,2019-03-17,0.0,10.325000000000017,7.300000000000011,13.600000000000023,72.0,101873.75,5.65,0.0,8,8
07630,2019-03-18,0.0,8.900000000000027,5.7000000000000455,13.300000000000011,66.75,102630.0,5.9375,0.0,8,8
07630,2019-03-19,1.0,8.187500000000014,5.800000000000011,10.5,76.625,102762.5,4.9,0.0,8,8
07630,2019-03-20,0.0,8.287500000000009,1.3000000000000114,14.5,57.25,103107.5,3.0,0.0,8,8
07630,2019-03-21,0.0,8.837500000000034,0.7000000000000455,15.900000000000034,55.125,102953.75,1.7,0.0,8,8
07630,2019-03-22,0.0,11.000000000000014,1.6000000000000227,19.5,56.375,102830.0,1.8375,0.0,8,8
07630,2019-03-23,0.0,13.362500000000018,4.300000000000011,21.900000000000034,55.0,102657.5,1.45,0.0,8,8
07630,2019-03-24,0.0,13.300000000000018,5.300000000000011,21.200000000000045,55.25,102460.0,2.7375,0.0,8,8
07630,2019-03-25,0.0,10.83750000000002,5.600000000000023,16.5,58.75,102510.0,5.075,0.0,8,8
07630,2019-03-26,0.0,9.225000000000023,2.7000000000000455,15.800000000000011,48.0,102760.0,4.125,0.0,8,8
07630,2019-03-27,0.0,10.150000000000034,3.7000000000000455,16.400000000000034,48.25,102757.5,3.375,0.0,8,8
07630,2019-03-28,0.0,11.000000000000014,2.5,18.0,54.5,102833.75,2.1875,0.0,8,8
07630,2019-03-29,0.0,11.800000000000026,4.5,19.600000000000023,56.0,102545.0,4.475,0.0,8,8
07630,2019-03-30,0.0,12.862500000000026,9.0,17.700000000000045,56.375,102145.0,7.1125,0.0,8,8
07630,2019-03-31,0.0,12.21250000000002,6.100000000000023,17.900000000000034,67.625,101686.25,4.3125,0.0,8,8
07630,2019-04-01,0.0,13.625000000000021,7.600000000000023,20.700000000000045,66.25,101445.0,1.8375,0.0,8,8
07630,2019-04-02,4.6,12.587500000000027,11.600000000000023,14.300000000000011,79.75,101433.75,3.0125,1.0,8,8
07630,2019-04-03,17.9,8.087500000000027,5.400000000000034,11.0,83.75,100740.0,3.85,1.0,8,8
07630,2019-04-04,0.0,7.262500000000017,3.7000000000000455,12.300000000000011,67.75,100351.25,4.9125,0.0,8,8
07630,2019-04-05,0.0,10.887500000000017,5.0,15.900000000000034,60.75,99890.0,4.3125,0.0,8,8
07630,2019-04-06,10.4,8.075000000000031,6.900000000000034,10.100000000000023,85.375,99971.25,3.6875,1.0,8,8
07630,2019-04-07,0.0,8.987500000000018,2.3000000000000114,15.5,78.625,100837.5,3.4375,0.0,8,8
07630,2019-04-08,1.2000000000000002,10.200000000000031,4.7000000000000455,16.200000000000045,80.875,101176.25,1.9749999999999999,1.0,8,8
07630,2019-04-09,3.8,12.412500000000023,8.900000000000034,16.600000000000023,71.25,101021.25,2.675,1.0,8,8
07630,2019-04-10,4.6,12.037500000000023,8.300000000000011,17.80000000000001,73.0,101195.0,6.6625,1.0,8,8
07630,2019-04-11,1.2000000000000002,10.725000000000037,8.700000000000045,13.200000000000045,83.0,101722.5,7.75,,8,7
07630,2019-04-12,0.0,11.600000000000023,7.100000000000023,16.400000000000034,64.5,101927.5,6.483333333333333,0.0,8,8
07630,2019-04-13,0.0,11.850000000000023,5.300000000000011,17.900000000000034,50.75,101912.5,3.55,0.0,8,8
07630,2019-04-14,0.0,10.28750000000003,4.300000000000011,15.200000000000045,59.5,101733.75,2.9499999999999997,0.0,8,8
07630,2019-04-15,0.0,11.350000000000016,6.100000000000023,16.5,59.75,101492.5,5.6375,0.0,8,8
07630,2019-04-16,5.0,13.200000000000024,9.600000000000023,17.200000000000045,76.5,101927.5,3.7,1.0,8,8
07630,2019-04-17,0.0,13.350000000000023,10.300000000000011,16.900000000000034,72.75,101577.5,8.325,0.0,8,8
07630,2019-04-18,0.0,15.075000000000024,12.700000000000045,17.80000000000001,61.75,101545.0,9.825,0.0,8,8
07630,2019-04-19,0.0,17.18750000000002,14.700000000000045,21.100000000000023,44.125,102100.0,8.237499999999999,0.0,8,8
07630,2019-04-20,0.0,16.025000000000027,10.400000000000034,21.400000000000034,44.625,102222.5,5.3625,0.0,8,8
07630,2019-04-21,1.0,13.712500000000027,11.5,16.100000000000023,70.75,101605.0,3.7875,0.0,8,8
07630,2019-04-22,0.0,15.27500000000002,10.700000000000045,19.900000000000034,60.25,100340.0,5.4875,0.0,8,8
07630,2019-04-23,1.0,15.125000000000028,13.400000000000034,18.100000000000023,75.875,99591.25,7.6000000000000005,0.0,8,8
07630,2019-04-24,8.4,14.737500000000026,9.700000000000045,20.600000000000023,66.0,100081.25,4.3375,1.0,8,8
07630,2019-04-25,9.8,13.47500000000003,10.900000000000034,17.5,69.25,100621.25,3.5375,1.0,8,8
07630,2019-04-26,2.8,11.000000000000021,7.800000000000011,14.400000000000034,80.5,102046.25,4.9,1.0,8,8
07630,2019-04-27,0.7999999999999999,12.062500000000021,8.300000000000011,16.5,75.25,102681.25,6.1375,0.0,8,8
07630,2019-04-28,0.0,12.175000000000018,9.100000000000023,15.5,66.375,102626.25,5.35,0.0,8,8
07630,2019-04-29,0.0,13.662500000000016,10.0,18.0,63.5,102156.25,3.0625,0.0,8,8
07630,2019-04-30,0.0,13.787500000000023,7.600000000000023,19.30000000000001,54.125,101892.5,3.025,0.0,8,8
07630,2019-05-01,0.0,15.062500000000036,7.400000000000034,21.700000000000045,62.5,101530.0,2.8625,0.0,8,8
07630,2019-05-02,1.2,15.27500000000002,12.5,18.80000000000001,67.125,101711.25,5.025,1.0,8,8
07630,2019-05-03,2.0,11.375000000000014,9.400000000000034,13.800000000000011,76.875,101503.75,4.5125,1.0,8,8
07630,2019-05-04,4.0,11.437500000000028,8.300000000000011,15.100000000000023,78.625,101473.75,7.3875,1.0,8,8
07630,2019-05-05,0.0,8.01250000000001,3.0,12.5,65.5,102217.5,6.7375,0.0,8,8
07630,2019-05-06,0.0,10.66250000000003,3.7000000000000455,16.80000000000001,52.875,102117.5,2.15,0.0,8,8
07630,2019-05-07,0.0,13.487500000000018,5.5,21.400000000000034,59.0,101526.25,3.7875,0.0,8,8
07630,2019-05-08,3.1999999999999997,14.650000000000027,12.0,18.80000000000001,81.75,100803.75,4.7875,1.0,8,8
07630,2019-05-09,0.4,15.250000000000028,10.800000000000011,19.700000000000045,65.5,101122.5,4.7,0.0,8,8
07630,2019-05-10,0.8,18.05000000000002,12.100000000000023,24.80000000000001,73.375,101223.75,2.6625,0.0,8,8
07630,2019-05-11,1.8,15.612500000000018,13.5,18.30000000000001,71.625,102228.75,6.9375,1.0,8,8
07630,2019-05-12,2.2,14.47500000000003,11.200000000000045,19.100000000000023,63.375,102872.5,5.975,1.0,8,8
07630,2019-05-13,0.0,14.712500000000027,8.0,21.200000000000045,46.5,102576.25,4.1625,0.0,8,8
07630,2019-05-14,0.0,16.175000000000033,9.400000000000034,23.400000000000034,45.875,101943.75,3.625,0.0,8,8
07630,2019-05-15,0.0,16.625000000000014,10.0,22.0,38.875,101481.25,3.25,0.0,8,8
07630,2019-05-16,0.0,16.58750000000002,9.0,23.30000000000001,48.0,100957.5,3.0,0.0,8,8
07630,2019-05-17,23.5,12.387500000000017,10.900000000000034,13.800000000000011,90.625,100473.75,5.4375,1.0,8,8
07630,2019-05-18,0.6000000000000001,12.437500000000021,10.300000000000011,16.200000000000045,76.375,100912.5,6.0125,0.0,8,8
07630,2019-05-19,0.8,12.050000000000026,8.800000000000011,15.5,79.75,101102.5,4.3625,0.0,8,8
07630,2019-05-20,0.0,14.725000000000023,10.700000000000045,19.80000000000001,70.875,101442.5,5.1,0.0,8,8
07630,2019-05-21,0.0,14.887500000000024,8.700000000000045,20.100000000000023,73.5,101776.25,3.4749999999999996,0.0,8,8
07630,2019-05-22,0.0,17.92500000000002,9.900000000000034,24.200000000000045,61.25,101858.75,2.3375,0.0,8,8
07630,2019-05-23,0.0,19.25000000000003,11.800000000000011,25.200000000000045,59.625,101663.75,3.325,0.0,8,8
07630,2019-05-24,13.3,15.412500000000023,13.700000000000045,17.5,90.375,101770.0,4.975,1.0,8,8
07630,2019-05-25,6.3999999999999995,16.275000000000027,13.5,20.5,78.5,101960.0,5.525,1.0,8,8
07630,2019-05-26,0.8,15.425000000000026,12.400000000000034,19.700000000000045,78.0,102031.25,5.6375,0.0,8,8
07630,2019-05-27,0.0,15.387500000000024,12.800000000000011,18.200000000000045,80.125,101632.5,5.95,0.0,8,8
07630,2019-05-28,5.4,12.90000000000002,11.800000000000011,14.100000000000023,86.625,101836.25,7.2875000000000005,1.0,8,8
07630,2019-05-29,0.0,14.77500000000002,10.700000000000045,18.80000000000001,71.375,102443.75,6.1625,0.0,8,8
07630,2019-05-30,0.0,17.012500000000024,10.5,22.200000000000045,67.5,102700.0,2.7,0.0,8,8
07630,2019-05-31,0.0,20.11250000000002,12.200000000000045,26.600000000000023,62.625,102360.0,1.7875,0.0,8,8
07630,2019-06-01,0.0,22.03750000000003,14.100000000000023,29.400000000000034,54.375,101938.75,3.8,0.0,8,8
07630,2019-06-02,0.0,22.912500000000023,14.200000000000045,31.0,48.875,101630.0,2.9,0.0,8,8
07630,2019-06-03,0.0,21.43750000000003,17.200000000000045,27.100000000000023,62.75,101543.75,2.7,0.0,8,8
07630,2019-06-04,4.1,22.22500000000003,17.100000000000023,28.5,62.5,100825.0,6.3125,1.0,8,8
07630,2019-06-05,8.7,13.312500000000028,12.0,15.900000000000034,90.25,101130.0,5.0375,1.0,8,8
07630,2019-06-06,0.0,16.22500000000003,10.100000000000023,23.200000000000045,71.75,101226.25,4.4625,0.0,8,8
07630,2019-06-07,0.6,17.350000000000023,15.5,19.900000000000034,55.625,101290.0,5.7,0.0,8,8
07630,2019-06-08,0.0,17.350000000000023,11.200000000000045,22.700000000000045,53.75,102371.25,2.4875,0.0,8,8
07630,2019-06-09,0.0,19.03750000000003,14.700000000000045,23.700000000000045,59.125,101641.25,3.4250000000000003,0.0,8,8
07630,2019-06-10,3.6,14.887500000000017,12.5,16.900000000000034,77.875,101782.5,6.0,1.0,8,8
07630,2019-06-11,4.6,13.362500000000026,10.800000000000011,17.100000000000023,73.375,101453.75,4.7,1.0,8,8
07630,2019-06-12,0.0,15.000000000000028,8.300000000000011,20.400000000000034,63.25,101450.0,3.7624999999999997,0.0,8,8
07630,2019-06-13,0.0,19.300000000000026,11.5,26.600000000000023,51.375,101148.75,4.8875,0.0,8,8
07630,2019-06-14,3.2,16.262500000000017,14.5,18.200000000000045,78.5,101317.5,3.5375,1.0,8,8
07630,2019-06-15,0.4,16.337500000000027,14.700000000000045,19.200000000000045,78.375,101960.0,4.025,0.0,8,8
07630,2019-06-16,0.0,18.71250000000002,11.0,25.0,63.5,102077.5,2.075,0.0,8,8
07630,2019-06-17,0.0,22.70000000000003,12.800000000000011,30.100000000000023,51.75,101567.5,1.875,0.0,8,8
07630,2019-06-18,0.0,25.37500000000003,19.200000000000045,32.80000000000001,44.875,101056.25,5.525,0.0,8,8
07630,2019-06-19,0.0,22.612500000000026,17.600000000000023,27.400000000000034,63.25,101217.5,3.25,0.0,8,8
07630,2019-06-20,5.3,19.38750000000004,17.400000000000034,22.200000000000045,79.0,101631.25,3.575,1.0,8,8
07630,2019-06-21,9.1,16.950000000000024,16.0,18.400000000000034,90.75,101777.5,3.6625,1.0,8,8
07630,2019-06-22,0.0,19.700000000000017,14.900000000000034,25.0,69.875,101713.75,2.0125,0.0,8,8
07630,2019-06-23,0.0,24.050000000000033,16.100000000000023,31.900000000000034,57.625,101245.0,4.3,0.0,8,8
07630,2019-06-24,0.0,24.600000000000023,20.30000000000001,29.5,54.75,101283.75,6.1625,0.0,8,8
07630,2019-06-25,0.0,25.600000000000023,18.700000000000045,33.400000000000034,55.375,101603.75,6.7375,0.0,8,8
07630,2019-06-26,0.0,29.725000000000016,23.80000000000001,36.0,37.125,101605.0,8.675,0.0,8,8
07630,2019-06-27,0.0,31.86250000000001,25.0,39.60000000000002,35.25,101687.5,4.7,0.0,8,8
07630,2019-06-28,0.0,26.55000000000002,20.700000000000045,32.80000000000001,57.875,101707.5,2.9875,0.0,8,8
07630,2019-06-29,0.0,30.012500000000024,21.700000000000045,39.700000000000045,59.5,101415.0,3.15,0.0,8,8
07630,2019-06-30,0.0,24.87500000000002,18.700000000000045,32.700000000000045,69.75,101758.75,3.0375,0.0,8,8
07630,2019-07-01,0.0,21.900000000000034,19.400000000000034,24.700000000000045,79.5,101947.5,4.5125,0.0,8,8
07630,2019-07-02,0.0,24.133333333333354,20.5,26.700000000000045,67.5,101765.0,3.733333333333333,,6,6
07630,2019-07-03,0.0,26.337500000000027,21.100000000000023,32.30000000000001,63.375,101497.5,2.05,0.0,8,8
07630,2019-07-04,0.0,28.262500000000024,19.900000000000034,35.700000000000045,47.125,101503.75,3.175,0.0,8,8
07630,2019-07-05,0.0,29.150000000000027,21.900000000000034,36.200000000000045,46.375,101367.5,3.4875,0.0,8,8
07630,2019-07-06,0.0,28.050000000000026,22.600000000000023,34.400000000000034,59.125,101223.75,3.775,0.0,8,8
07630,2019-07-07,0.0,25.950000000000024,20.80000000000001,31.200000000000045,57.0,101393.75,4.2625,0.0,8,8
07630,2019-07-08,0.0,25.200000000000017,21.100000000000023,30.100000000000023,63.75,101297.5,2.8375,0.0,8,8
07630,2019-07-09,2.6,20.887500000000017,19.200000000000045,22.30000000000001,80.375,101428.75,4.3375,1.0,8,8
07630,2019-07-10,0.0,23.462500000000027,18.200000000000045,29.700000000000045,59.375,101632.5,4.8375,0.0,8,8
07630,2019-07-11,0.0,25.43750000000002,17.600000000000023,31.900000000000034,54.625,101488.75,3.9,0.0,8,8
07630,2019-07-12,0.0,25.67500000000001,20.30000000000001,31.400000000000034,44.75,101673.75,4.475,0.0,8,8
07630,2019-07-13,0.0,25.61250000000002,20.600000000000023,30.100000000000023,54.375,101626.25,3.6875,0.0,8,8
07630,2019-07-14,0.0,25.350000000000016,20.5,30.80000000000001,44.125,101280.0,5.425,0.0,8,8
07630,2019-07-15,0.0,23.92500000000002,18.400000000000034,29.600000000000023,40.125,101480.0,4.5125,0.0,8,8
07630,2019-07-16,0.0,24.412500000000023,15.400000000000034,30.80000000000001,42.125,101603.75,2.95,0.0,8,8
07630,2019-07-17,0.0,24.812500000000014,18.0,29.900000000000034,50.75,101507.5,4.475,0.0,8,8
07630,2019-07-18,0.0,22.662500000000023,19.100000000000023,27.100000000000023,54.0,101755.0,4.5625,0.0,8,8
07630,2019-07-19,0.0,24.812500000000014,17.80000000000001,31.700000000000045,51.875,101573.75,2.9,0.0,8,8
07630,2019-07-20,0.0,24.762500000000024,22.100000000000023,28.5,68.5,101526.25,4.2375,0.0,8,8
07630,2019-07-21,1.0,26.06250000000002,20.30000000000001,31.80000000000001,65.75,102038.75,2.3625,0.0,8,8
07630,2019-07-22,0.0,30.08750000000002,22.900000000000034,36.80000000000001,50.625,101962.5,2.8125,0.0,8,8
07630,2019-07-23,0.4,31.037500000000023,25.0,38.400000000000034,44.75,101512.5,5.5,0.0,8,8
07630,2019-07-24,0.0,30.162500000000023,23.5,38.30000000000001,46.125,101411.25,3.9125,0.0,8,8
07630,2019-07-25,0.0,29.37500000000002,24.80000000000001,35.80000000000001,47.125,101118.75,6.1125,0.0,8,8
07630,2019-07-26,2.8,23.63750000000003,21.400000000000034,25.100000000000023,72.5,101240.0,4.5875,1.0,8,8
07630,2019-07-27,21.8,18.62500000000002,16.600000000000023,20.0,92.625,100851.25,4.625,1.0,8,8
07630,2019-07-28,0.0,20.550000000000033,15.900000000000034,25.900000000000034,63.75,101173.75,5.8125,0.0,8,8
07630,2019-07-29,0.0,23.43750000000003,15.400000000000034,32.200000000000045,54.375,101088.75,3.0,0.0,8,8
07630,2019-07-30,0.0,20.62500000000003,19.600000000000023,23.100000000000023,62.625,101880.0,5.3375,0.0,8,8
07630,2019-07-31,0.0,20.62500000000002,14.800000000000011,25.600000000000023,55.0,101975.0,2.925,0.0,8,8
07630,2019-08-01,0.0,20.887500000000024,16.100000000000023,26.80000000000001,60.625,101596.25,3.2875,0.0,8,8
07630,2019-08-02,0.8,23.450000000000017,17.30000000000001,29.30000000000001,63.5,101690.0,3.4875,0.0,8,8
07630,2019-08-03,0.0,25.47500000000003,17.30000000000001,32.700000000000045,51.375,101468.75,2.275,0.0,8,8
07630,2019-08-04,0.0,26.300000000000026,18.80000000000001,33.900000000000034,53.25,101382.5,2.8125,0.0,8,8
07630,2019-08-05,0.0,25.02500000000002,20.0,30.80000000000001,61.0,101525.0,3.5375,0.0,8,8
07630,2019-08-06,0.0,25.825000000000024,20.80000000000001,30.700000000000045,62.25,101246.25,2.6875,0.0,8,8
07630,2019-08-07,2.6,24.400000000000027,20.700000000000045,28.30000000000001,64.375,101205.0,3.175,1.0,8,8
07630,2019-08-08,0.0,28.30000000000001,21.80000000000001,35.5,53.25,101053.75,2.25,0.0,8,8
07630,2019-08-09,12.4,28.287500000000023,24.200000000000045,35.0,63.875,100990.0,5.3,1.0,8,8
07630,2019-08-10,21.7,22.800000000000026,18.700000000000045,27.200000000000045,69.0,101898.75,2.95,1.0,8,8
07630,2019-08-11,0.6,20.50000000000002,19.200000000000045,21.900000000000034,72.125,101712.5,4.3875,0.0,8,8
07630,2019-08-12,0.6,18.81250000000003,16.400000000000034,21.400000000000034,75.125,102046.25,4.1875,0.0,8,8
07630,2019-08-13,0.0,18.950000000000017,14.800000000000011,23.700000000000045,60.75,102250.0,4.4625,0.0,8,8
07630,2019-08-14,0.0,20.775000000000013,13.100000000000023,27.5,54.625,102005.0,2.7875,,8,7
07630,2019-08-15,0.0,21.68750000000002,18.80000000000001,24.400000000000034,62.125,102086.25,5.25,0.0,8,8
07630,2019-08-16,0.0,22.412500000000016,15.5,29.0,56.375,101826.25,1.8,0.0,8,8
07630,2019-08-17,0.0,24.087500000000027,16.80000000000001,31.200000000000045,58.125,101481.25,2.1875,0.0,8,8
07630,2019-08-18,0.0,25.93750000000002,22.5,31.0,68.25,101138.75,5.75,0.0,8,8
07630,2019-08-19,0.0,20.31250000000002,17.0,23.5,61.375,102001.25,3.9375,0.0,8,8
07630,2019-08-20,18.1,17.837500000000013,14.700000000000045,21.80000000000001,80.625,102325.0,2.0875,1.0,8,8
07630,2019-08-21,0.0,20.11250000000002,14.100000000000023,26.30000000000001,65.875,102246.25,2.3125,,8,5
07630,2019-08-22,0.0,21.537500000000023,14.5,28.5,54.125,102166.25,2.8375,0.0,8,8
07630,2019-08-23,0.0,23.43750000000003,15.100000000000023,31.900000000000034,55.25,101945.0,2.025,0.0,8,8
07630,2019-08-24,0.0,25.91250000000003,18.400000000000034,33.5,54.375,101711.25,2.5375,0.0,8,8
07630,2019-08-25,0.0,24.575000000000017,19.30000000000001,30.80000000000001,64.75,101773.75,2.45,0.0,8,8
07630,2019-08-26,0.0,25.650000000000034,19.200000000000045,33.200000000000045,58.75,101503.75,3.0124999999999997,0.0,8,8
07630,2019-08-27,2.4,23.262500000000017,21.30000000000001,27.400000000000034,76.0,101577.5,2.625,1.0,8,8
07630,2019-08-28,0.0,23.062500000000014,18.80000000000001,28.5,76.125,101750.0,2.0375,0.0,8,8
07630,2019-08-29,0.0,24.787500000000023,18.600000000000023,31.100000000000023,66.875,101953.75,2.2,0.0,8,8
07630,2019-08-30,0.0,26.43750000000003,19.200000000000045,33.30000000000001,58.5,101903.75,1.925,0.0,8,8
07630,2019-08-31,0.8,25.400000000000027,19.30000000000001,32.700000000000045,66.875,101555.0,3.3875,0.0,8,8
07630,2019-09-01,0.0,20.662500000000016,19.0,22.5,67.375,101820.0,3.825,,8,7
07630,2019-09-02,0.0,20.68750000000003,16.700000000000045,25.400000000000034,55.75,102201.25,5.6125,0.0,8,8
07630,2019-09-03,0.0,20.175000000000033,12.400000000000034,27.400000000000034,48.5,102313.75,2.7375,0.0,8,8
07630,2019-09-04,0.0,20.48750000000002,12.200000000000045,28.80000000000001,53.625,102041.25,4.1125,0.0,8,8
07630,2019-09-05,2.0,17.987500000000026,15.5,21.600000000000023,65.375,102372.5,5.7375,1.0,8,8
07630,2019-09-06,0.0,17.325000000000017,12.100000000000023,22.400000000000034,51.625,102423.75,4.25,0.0,8,8
07630,2019-09-07,0.0,17.65000000000002,9.700000000000045,24.100000000000023,54.875,102287.5,3.725,0.0,8,8
07630,2019-09-08,0.0,18.550000000000026,14.5,22.80000000000001,57.875,102016.25,4.9,0.0,8,8
07630,2019-09-09,0.0,17.06250000000002,9.5,23.0,53.125,101661.25,2.0125,0.0,8,8
07630,2019-09-10,5.3999999999999995,15.012500000000024,13.5,17.30000000000001,81.625,101573.75,3.3125,1.0,8,8
07630,2019-09-11,0.0,18.262500000000024,12.400000000000034,25.0,61.875,102472.5,3.1,0.0,8,8
07630,2019-09-12,0.0,19.537500000000023,11.600000000000023,27.30000000000001,56.25,102986.25,2.25,0.0,8,8
07630,2019-09-13,0.0,21.48750000000001,13.0,29.600000000000023,56.125,102780.0,2.6125,0.0,8,8
07630,2019-09-14,0.2,23.18750000000002,16.600000000000023,30.400000000000034,52.875,102490.0,2.6999999999999997,0.0,8,8
07630,2019-09-15,0.0,23.300000000000026,16.200000000000045,30.30000000000001,49.875,102170.0,3.425,0.0,8,8
07630,2019-09-16,0.0,23.700000000000017,17.200000000000045,30.900000000000034,52.625,101912.5,1.575,0.0,8,8
07630,2019-09-17,0.0,24.950000000000024,18.400000000000034,31.5,58.75,101612.5,1.8625,0.0,8,8
07630,2019-09-18,0.0,24.400000000000034,21.100000000000023,28.400000000000034,63.75,101526.25,3.475,0.0,8,8
07630,2019-09-19,0.0,22.150000000000013,17.5,28.0,64.125,101776.25,2.3125,0.0,8,8
07630,2019-09-20,0.0,22.100000000000016,18.5,27.0,63.125,101672.5,7.9,0.0,8,8
07630,2019-09-21,0.0,21.787500000000023,19.600000000000023,24.600000000000023,73.375,101160.0,8.737499999999999,0.0,8,8
07630,2019-09-22,1.8,18.262500000000024,15.900000000000034,21.200000000000045,84.5,101295.0,4.5,1.0,8,8
07630,2019-09-23,0.4,17.71250000000002,12.5,24.0,73.625,101885.0,1.8499999999999999,0.0,8,8
07630,2019-09-24,0.0,19.587500000000027,13.900000000000034,25.80000000000001,65.625,101518.75,3.2125,0.0,8,8
07630,2019-09-25,3.2,17.65000000000002,15.700000000000045,21.600000000000023,78.375,101742.5,5.3375,1.0,8,8
07630,2019-09-26,0.0,20.31250000000002,16.900000000000034,24.30000000000001,64.625,101886.25,2.6875,0.0,8,8
07630,2019-09-27,0.2,18.887500000000017,12.800000000000011,25.5,72.25,101932.5,2.9125,0.0,8,8
07630,2019-09-28,0.0,19.450000000000024,17.200000000000045,22.80000000000001,65.125,102096.25,1.925,0.0,8,8
07630,2019-09-29,0.0,20.68750000000003,11.800000000000011,30.600000000000023,61.375,101600.0,3.3,0.0,8,8
07630,2019-09-30,0.0,21.462500000000027,18.80000000000001,25.5,69.0,101708.75,2.2375,0.0,8,8
07630,2019-10-01,0.0,19.962500000000027,14.400000000000034,28.200000000000045,69.875,101205.0,4.0125,0.0,8,8
07630,2019-10-02,0.2,17.98750000000001,15.100000000000023,20.30000000000001,70.75,101652.5,6.1375,0.0,8,8
07630,2019-10-03,0.4,16.587500000000027,12.600000000000023,21.200000000000045,71.25,101942.5,2.8625,0.0,8,8
07630,2019-10-04,0.8,15.675000000000026,10.300000000000011,19.100000000000023,79.5,101783.75,4.1125,0.0,8,8
07630,2019-10-05,0.0,16.97500000000003,13.300000000000011,21.400000000000034,72.5,101867.5,3.175,0.0,8,8
07630,2019-10-06,0.0,17.787500000000023,15.300000000000011,21.0,66.875,101973.75,5.0125,0.0,8,8
07630,2019-10-07,0.0,16.13750000000003,11.5,20.600000000000023,63.625,102152.5,3.95,0.0,8,8
07630,2019-10-08,0.0,19.35000000000001,11.0,27.30000000000001,52.625,101815.0,2.7,0.0,8,8
07630,2019-10-09,2.0,16.012500000000024,14.400000000000034,18.30000000000001,82.125,102046.25,3.8499999999999996,1.0,8,8
07630,2019-10-10,0.0,15.762500000000024,10.900000000000034,20.80000000000001,71.875,102317.5,2.4875,0.0,8,8
07630,2019-10-11,0.0,16.125000000000014,8.300000000000011,24.400000000000034,71.0,101932.5,4.7875,0.0,8,8
07630,2019-10-12,0.0,20.56250000000003,17.700000000000045,24.200000000000045,77.125,101536.25,7.8375,0.0,8,8
07630,2019-10-13,0.0,21.262500000000024,19.100000000000023,25.80000000000001,75.25,101381.25,8.7125,0.0,8,8
07630,2019-10-14,2.2,20.075000000000024,15.900000000000034,22.200000000000045,78.5,100968.75,9.6375,1.0,8,8
07630,2019-10-15,3.0,14.300000000000026,11.100000000000023,17.700000000000045,72.125,101625.0,5.85,1.0,8,8
07630,2019-10-16,0.0,13.962500000000027,6.5,20.600000000000023,70.75,101658.75,3.9375,0.0,8,8
07630,2019-10-17,0.0,15.925000000000033,13.600000000000023,20.400000000000034,75.5,101530.0,3.7750000000000004,0.0,8,8
07630,2019-10-18,0.2,14.750000000000021,11.5,17.80000000000001,83.25,101450.0,2.525,0.0,8,8
07630,2019-10-19,0.0,16.75000000000003,12.800000000000011,23.200000000000045,77.875,100670.0,1.95,0.0,8,8
07630,2019-10-20,3.8,15.675000000000018,13.0,18.0,81.875,100566.25,3.8499999999999996,1.0,8,8
07630,2019-10-21,0.0,12.612500000000033,10.200000000000045,15.900000000000034,77.75,101892.5,2.0875,0.0,8,8
07630,2019-10-22,7.0,10.637500000000024,8.800000000000011,12.200000000000045,92.375,101713.75,1.8625,1.0,8,8
07630,2019-10-23,36.0,14.587500000000034,11.200000000000045,18.80000000000001,86.125,100626.25,4.3374999999999995,1.0,8,8
07630,2019-10-24,0.2,13.950000000000024,11.700000000000045,16.5,86.0,101510.0,3.4,0.0,8,8
07630,2019-10-25,0.0,14.500000000000028,10.100000000000023,19.700000000000045,81.25,102322.5,2.0875,0.0,8,8
07630,2019-10-26,0.0,15.262500000000017,8.0,22.0,79.375,101977.5,3.9875,0.0,8,8
07630,2019-10-27,0.2,17.50000000000002,14.600000000000023,21.700000000000045,80.875,101961.25,4.3625,0.0,8,8
07630,2019-10-28,0.2,16.31250000000003,13.900000000000034,19.200000000000045,87.875,101673.75,2.0625,0.0,8,8
07630,2019-10-29,0.2,16.225000000000023,11.200000000000045,23.30000000000001,78.625,101647.5,1.75,0.0,8,8
07630,2019-10-30,0.0,15.925000000000018,14.300000000000011,18.600000000000023,84.125,101993.75,1.85,0.0,8,8
07630,2019-10-31,7.2,15.637500000000024,13.600000000000023,19.30000000000001,88.625,102035.0,4.4,1.0,8,8
07630,2019-11-01,9.700000000000001,13.862500000000018,10.5,17.900000000000034,96.625,101522.5,2.6125,1.0,8,8
07630,2019-11-02,13.8,14.687500000000021,13.700000000000045,15.800000000000011,95.625,100545.0,2.6625,1.0,8,8
07630,2019-11-03,9.1,12.412500000000023,11.400000000000034,13.600000000000023,87.625,99866.25,6.425,1.0,8,8
07630,2019-11-04,5.6,12.537500000000023,11.0,15.900000000000034,90.625,100280.0,3.8125,1.0,8,8
07630,2019-11-05,3.5999999999999996,10.525000000000013,9.5,11.600000000000023,85.125,100356.25,5.6375,,8,7
07630,2019-11-06,0.6,10.800000000000026,9.800000000000011,12.700000000000045,88.25,101067.5,5.2,0.0,8,8
07630,2019-11-07,7.0,8.600000000000016,6.5,10.800000000000011,90.625,100815.0,3.85,1.0,8,8
07630,2019-11-08,6.0,7.16250000000003,4.400000000000034,9.0,85.75,100781.25,5.725,1.0,8,8
07630,2019-11-09,2.6,8.987500000000018,5.7000000000000455,12.200000000000045,82.75,101427.5,3.75,1.0,8,8
07630,2019-11-10,2.0,7.9250000000000185,5.600000000000023,10.0,83.25,101387.5,4.95,1.0,8,8
07630,2019-11-11,0.8,6.950000000000024,2.2000000000000455,12.100000000000023,84.875,101548.75,3.2750000000000004,0.0,8,8
07630,2019-11-12,2.4,9.312500000000028,7.2000000000000455,12.700000000000045,84.875,101221.25,5.7,1.0,8,8
07630,2019-11-13,1.5999999999999999,8.90000000000002,5.5,11.300000000000011,82.625,100850.0,3.575,1.0,8,8
07630,2019-11-14,10.9,5.91250000000003,4.7000000000000455,7.7000000000000455,89.625,100101.25,3.675,1.0,8,8
07630,2019-11-15,2.4,4.812500000000028,2.1000000000000227,9.700000000000045,92.875,100146.25,2.9375,1.0,8,8
07630,2019-11-16,1.4,5.78750000000003,2.7000000000000455,10.400000000000034,87.125,100985.0,4.6625,1.0,8,8
07630,2019-11-17,1.4,7.700000000000024,5.800000000000011,9.700000000000045,86.75,100926.25,3.475,1.0,8,8
07630,2019-11-18,2.2,6.325000000000017,5.100000000000023,8.100000000000023,83.0,101480.0,3.9125,1.0,8,8
07630,2019-11-19,0.0,5.96250000000002,3.1000000000000227,9.600000000000023,74.125,101822.5,2.45,0.0,8,8
07630,2019-11-20,0.0,5.325000000000017,-0.5,11.600000000000023,84.5,101040.0,2.9875000000000003,0.0,8,8
07630,2019-11-21,0.0,6.262500000000017,0.8000000000000114,13.700000000000045,81.25,100647.5,1.8625,0.0,8,8
07630,2019-11-22,0.0,8.750000000000014,1.6000000000000227,14.5,79.625,99732.5,5.95,0.0,8,8
07630,2019-11-23,13.5,10.237500000000026,6.400000000000034,13.600000000000023,87.5,99271.25,5.9125,1.0,8,8
07630,2019-11-24,0.0,9.337500000000034,7.2000000000000455,12.5,84.625,101042.5,4.75,0.0,8,8
07630,2019-11-25,0.7999999999999999,9.012500000000031,4.600000000000023,14.700000000000045,90.625,101207.5,1.7375,0.0,8,8
07630,2019-11-26,0.0,11.312500000000028,6.7000000000000455,15.600000000000023,86.0,100778.75,3.7624999999999997,0.0,8,8
07630,2019-11-27,0.0,12.16250000000003,8.400000000000034,15.900000000000034,77.25,100622.5,3.325,0.0,8,8
07630,2019-11-28,3.2,11.262500000000024,9.600000000000023,14.0,87.0,101127.5,3.8625000000000003,1.0,8,8
07630,2019-11-29,1.7999999999999998,11.400000000000027,8.400000000000034,14.700000000000045,89.25,101816.25,3.725,1.0,8,8
07630,2019-11-30,1.8,8.850000000000023,4.900000000000034,13.100000000000023,88.625,101736.25,2.7625,1.0,8,8
07630,2019-12-01,0.4,7.000000000000028,4.600000000000023,8.900000000000034,97.25,101433.75,1.375,0.0,8,8
07630,2019-12-02,0.0,6.40000000000002,4.300000000000011,8.200000000000045,93.0,102126.25,3.0124999999999997,0.0,8,8
07630,2019-12-03,0.0,2.15000000000002,0.6000000000000227,3.6000000000000227,96.25,102261.25,1.9625,0.0,8,8
07630,2019-12-04,0.0,5.6750000000000185,1.2000000000000455,10.600000000000023,87.75,101687.5,1.7625,0.0,8,8
07630,2019-12-05,0.0,8.050000000000026,5.100000000000023,11.900000000000034,86.125,102208.75,1.3625,0.0,8,8
07630,2019-12-06,0.0,5.137500000000017,2.6000000000000227,9.300000000000011,97.25,102407.5,1.2,0.0,8,8
07630,2019-12-07,0.0,7.600000000000023,2.1000000000000227,12.800000000000011,91.125,102423.75,1.225,0.0,8,8
07630,2019-12-08,4.4,11.250000000000014,7.400000000000034,15.5,84.375,102163.75,3.8,1.0,8,8
07630,2019-12-09,4.8,9.912500000000023,8.400000000000034,11.5,83.25,102358.75,8.737499999999999,1.0,8,8
07630,2019-12-10,0.0,6.325000000000017,4.0,9.400000000000034,85.0,102871.25,2.3875,0.0,8,8
07630,2019-12-11,6.0,5.825000000000024,2.1000000000000227,8.400000000000034,92.125,101917.5,4.225,1.0,8,8
07630,2019-12-12,7.6,8.612500000000018,7.5,10.800000000000011,89.625,100990.0,5.2125,1.0,8,8
07630,2019-12-13,20.8,12.612500000000018,11.5,13.5,89.625,100106.25,10.775,1.0,8,8
07630,2019-12-14,1.0,12.712500000000013,8.5,16.0,80.375,101200.0,6.75,0.0,8,8
07630,2019-12-15,0.0,10.012500000000017,5.100000000000023,16.0,88.25,101108.75,3.2125,0.0,8,8
07630,2019-12-16,0.0,12.912500000000016,7.300000000000011,16.0,79.0,100360.0,8.95,0.0,8,8
07630,2019-12-17,0.0,14.53750000000003,12.700000000000045,16.100000000000023,77.125,100437.5,8.725,0.0,8,8
07630,2019-12-18,0.2,13.125000000000014,10.600000000000023,16.5,83.75,101380.0,4.1375,0.0,8,8
07630,2019-12-19,0.0,14.137500000000031,13.100000000000023,15.600000000000023,74.125,100708.75,9.625,0.0,8,8
07630,2019-12-20,3.8,12.22500000000003,9.900000000000034,15.100000000000023,76.5,99581.25,5.975,1.0,8,8
07630,2019-12-21,15.7,10.862500000000026,8.600000000000023,14.300000000000011,83.5,99711.25,4.25,1.0,8,8
07630,2019-12-22,13.0,10.512500000000031,9.200000000000045,12.100000000000023,81.625,100560.0,10.125,1.0,8,8
07630,2019-12-23,2.8000000000000003,9.612500000000018,8.800000000000011,10.600000000000023,88.0,102317.5,5.3,1.0,8,8
07630,2019-12-24,0.0,13.950000000000024,9.200000000000045,18.5,77.875,102525.0,4.05,0.0,8,8
07630,2019-12-25,0.0,12.562500000000021,8.300000000000011,15.300000000000011,88.25,102487.5,1.3,0.0,8,8
07630,2019-12-26,0.0,9.500000000000028,4.900000000000034,14.5,86.0,102781.25,3.775,0.0,8,8
07630,2019-12-27,0.0,7.450000000000024,2.7000000000000455,12.0,90.875,103270.0,2.1875,0.0,8,8
07630,2019-12-28,0.0,8.125000000000021,4.7000000000000455,10.0,89.25,103267.5,1.55,0.0,8,8
07630,2019-12-29,0.0,7.337500000000027,4.0,11.900000000000034,85.625,103228.75,1.925,0.0,8,8
07630,2019-12-30,0.0,6.900000000000027,3.400000000000034,11.700000000000045,83.875,103202.5,3.1125,0.0,8,8
07630,2019-12-31,0.0,6.162500000000023,2.1000000000000227,8.600000000000023,86.5,103312.5,2.4,0.0,8,8
07630,2020-01-01,0.0,8.287500000000023,5.400000000000034,10.600000000000023,80.0,103302.5,1.3875,0.0,8,8
07630,2020-01-02,0.0,6.062500000000021,0.8000000000000114,11.300000000000011,88.5,103027.5,3.8625,0.0,8,8
07630,2020-01-03,0.2,7.4875000000000185,3.400000000000034,9.800000000000011,91.0,103236.25,1.6375,0.0,8,8
07630,2020-01-04,0.0,9.575000000000017,8.300000000000011,10.900000000000034,86.375,103600.0,4.4125,0.0,8,8
07630,2020-01-05,0.0,3.1125000000000185,1.6000000000000227,6.2000000000000455,94.375,103408.75,2.0375,0.0,8,8
07630,2020-01-06,0.0,5.312500000000014,-0.39999999999997726,12.800000000000011,87.875,102961.25,2.8625,0.0,8,8
07630,2020-01-07,0.0,7.737500000000033,5.7000000000000455,10.800000000000011,86.25,103341.25,1.1625,0.0,8,8
07630,2020-01-08,0.4,7.8000000000000185,3.400000000000034,13.0,90.0,103130.0,0.7875,0.0,8,8
07630,2020-01-09,0.2,10.750000000000021,8.800000000000011,13.700000000000045,79.625,102425.0,5.7375,0.0,8,8
07630,2020-01-10,2.8,8.33750000000002,5.100000000000023,10.0,88.25,102910.0,4.6875,1.0,8,8
07630,2020-01-11,0.0,5.52500000000002,2.900000000000034,9.900000000000034,79.375,103383.75,1.5999999999999999,0.0,8,8
07630,2020-01-12,0.0,3.0500000000000185,-1.8999999999999773,9.300000000000011,83.625,103202.5,1.4375,0.0,8,8
07630,2020-01-13,0.0,3.3750000000000284,-1.8999999999999773,9.900000000000034,85.375,102422.5,3.45,0.0,8,8
07630,2020-01-14,0.0,8.987500000000018,5.2000000000000455,12.5,78.25,101840.0,7.0,0.0,8,8
07630,2020-01-15,0.0,10.762500000000017,8.800000000000011,13.0,76.125,102152.5,6.0375,0.0,8,8
07630,2020-01-16,0.0,9.950000000000017,7.0,13.400000000000034,83.625,102507.5,6.1125,0.0,8,8
07630,2020-01-17,3.4000000000000004,8.90000000000002,6.5,11.100000000000023,85.875,102695.0,4.8375,1.0,8,8
07630,2020-01-18,0.0,5.900000000000027,2.400000000000034,9.700000000000045,79.0,102740.0,2.5,0.0,8,8
07630,2020-01-19,0.0,5.912500000000016,2.400000000000034,9.0,61.125,102962.5,3.475,0.0,8,8
07630,2020-01-20,0.0,2.1750000000000185,-2.2999999999999545,5.800000000000011,70.75,103582.5,1.9124999999999999,0.0,8,8
07630,2020-01-21,0.0,5.737500000000026,2.900000000000034,8.700000000000045,76.875,103228.75,2.4125,0.0,8,8
07630,2020-01-22,37.7,8.912500000000023,6.800000000000011,13.300000000000011,86.0,102467.5,3.0375,1.0,8,8
07630,2020-01-23,9.1,11.812500000000028,9.200000000000045,13.200000000000045,81.5,102023.75,5.5875,1.0,8,8
07630,2020-01-24,0.0,10.250000000000014,7.900000000000034,13.600000000000023,84.375,102131.25,3.6125,0.0,8,8
07630,2020-01-25,0.0,9.500000000000028,7.400000000000034,13.100000000000023,84.75,101902.5,4.075,0.0,8,8
07630,2020-01-26,0.0,8.100000000000016,5.5,11.100000000000023,90.0,102076.25,2.0875,0.0,8,8
07630,2020-01-27,1.5999999999999999,5.662500000000023,1.6000000000000227,10.300000000000011,92.5,101830.0,2.225,1.0,8,8
07630,2020-01-28,1.6,8.637500000000024,5.7000000000000455,10.900000000000034,87.5,101768.75,4.95,1.0,8,8
07630,2020-01-29,0.0,9.287500000000023,6.600000000000023,12.900000000000034,78.875,102133.75,3.025,0.0,8,8
07630,2020-01-30,2.4000000000000004,11.08750000000002,8.700000000000045,14.5,91.125,101986.25,2.275,1.0,8,8
07630,2020-01-31,0.4,12.662500000000016,10.0,17.0,88.0,102083.75,1.5,0.0,8,8
07630,2020-02-01,2.2,11.112500000000018,6.2000000000000455,16.80000000000001,89.5,102111.25,3.2875,1.0,8,8
07630,2020-02-02,0.0,13.850000000000016,8.400000000000034,21.5,80.875,102510.0,2.05,0.0,8,8
07630,2020-02-03,0.0,12.887500000000017,7.900000000000034,20.30000000000001,78.125,102691.25,2.25,0.0,8,8
07630,2020-02-04,3.0,10.850000000000016,7.400000000000034,13.800000000000011,71.75,102961.25,7.0125,1.0,8,8
07630,2020-02-05,0.0,6.325000000000031,2.400000000000034,10.700000000000045,73.75,103393.75,2.4375,0.0,8,8
07630,2020-02-06,0.0,5.937500000000021,0.5,11.700000000000045,77.5,102565.0,3.1374999999999997,0.0,8,8
07630,2020-02-07,0.0,9.812500000000028,7.5,12.600000000000023,78.625,102347.5,5.15,0.0,8,8
07630,2020-02-08,0.0,10.437500000000028,7.400000000000034,14.400000000000034,79.125,102407.5,4.7625,0.0,8,8
07630,2020-02-09,0.0,10.400000000000027,5.800000000000011,14.700000000000045,83.5,102610.0,4.3375,0.0,8,8
07630,2020-02-10,0.0,13.087500000000027,10.100000000000023,14.900000000000034,82.25,102597.5,4.95,0.0,8,8
07630,2020-02-11,1.2,12.012500000000024,9.900000000000034,12.900000000000034,80.5,102627.5,5.6625,1.0,8,8
07630,2020-02-12,0.0,9.787500000000016,8.400000000000034,12.400000000000034,77.75,102586.25,2.125,0.0,8,8
07630,2020-02-13,0.4,9.737500000000004,4.0,15.300000000000011,77.625,102056.25,3.375,0.0,8,8
07630,2020-02-14,0.0,10.77500000000002,8.0,14.5,75.5,102668.75,2.6375,0.0,8,8
07630,2020-02-15,0.0,9.175000000000018,2.3000000000000114,15.5,76.75,102475.0,4.625,0.0,8,8
07630,2020-02-16,0.0,12.100000000000016,9.5,14.800000000000011,82.875,102203.75,8.15,0.0,8,8
07630,2020-02-17,0.8,10.975000000000016,8.600000000000023,12.800000000000011,86.625,102648.75,5.9125,0.0,8,8
07630,2020-02-18,0.0,8.525000000000013,5.0,11.800000000000011,76.125,103418.75,3.225,0.0,8,8
07630,2020-02-19,0.0,8.562500000000014,5.400000000000034,13.5,76.25,103241.25,3.4875,0.0,8,8
07630,2020-02-20,0.0,8.887500000000031,1.5,18.100000000000023,69.875,102608.75,2.2625,0.0,8,8
07630,2020-02-21,0.0,7.88750000000001,4.0,11.900000000000034,83.625,103218.75,2.95,0.0,8,8
07630,2020-02-22,0.0,8.000000000000014,1.5,15.700000000000045,79.375,103366.25,1.725,0.0,8,8
07630,2020-02-23,0.0,8.587500000000027,3.0,15.700000000000045,83.875,103393.75,1.6625,0.0,8,8
07630,2020-02-24,0.0,8.800000000000018,1.5,16.5,79.75,102700.0,1.2625,0.0,8,8
07630,2020-02-25,0.0,9.987500000000026,7.400000000000034,13.900000000000034,78.75,101871.25,6.4625,0.0,8,8
07630,2020-02-26,6.2,7.712500000000027,6.900000000000034,8.600000000000023,86.25,101872.5,7.074999999999999,1.0,8,8
07630,2020-02-27,14.299999999999999,9.175000000000011,5.5,13.0,87.75,101631.25,6.5125,1.0,8,8
07630,2020-02-28,0.8,10.40000000000002,7.600000000000023,14.800000000000011,87.625,102021.25,2.4,0.0,8,8
07630,2020-02-29,0.8,11.800000000000018,9.5,16.80000000000001,80.875,100872.5,4.525,0.0,8,8
07630,2020-03-01,1.6,10.762500000000024,5.5,14.400000000000034,74.125,100792.5,4.0,1.0,8,8
07630,2020-03-02,5.6,9.287500000000016,6.300000000000011,12.0,77.75,99933.75,8.8625,1.0,8,8
07630,2020-03-03,21.599999999999998,6.2375000000000185,5.5,7.0,88.75,101051.25,5.1625,1.0,8,8
07630,2020-03-04,5.0,8.362500000000033,4.400000000000034,13.100000000000023,93.0,101691.25,2.85,1.0,8,8
07630,2020-03-05,2.2,10.612500000000018,8.300000000000011,13.800000000000011,85.75,100735.0,5.6,1.0,8,8
07630,2020-03-06,9.0,6.637500000000024,5.5,7.7000000000000455,86.0,101190.0,7.4125,1.0,8,8
07630,2020-03-07,0.8,8.200000000000017,5.0,12.100000000000023,76.0,102468.75,5.9875,0.0,8,8
07630,2020-03-08,0.0,10.550000000000018,7.300000000000011,14.300000000000011,79.375,102371.25,2.7,0.0,8,8
07630,2020-03-09,4.8,9.562500000000028,7.800000000000011,11.700000000000045,80.625,102468.75,6.975,1.0,8,8
07630,2020-03-10,0.0,11.137500000000024,7.800000000000011,15.400000000000034,78.375,102622.5,4.7375,0.0,8,8
07630,2020-03-11,0.0,11.775000000000027,7.800000000000011,16.600000000000023,79.125,102528.75,1.55,0.0,8,8
07630,2020-03-12,0.2,11.312500000000021,8.100000000000023,14.600000000000023,86.375,102277.5,2.7625,0.0,8,8
07630,2020-03-13,4.6,10.600000000000016,7.900000000000034,13.300000000000011,70.625,102410.0,3.9625,1.0,8,8
07630,2020-03-14,0.0,8.525000000000027,2.900000000000034,13.5,69.625,102350.0,2.3125,0.0,8,8
07630,2020-03-15,0.0,9.675000000000018,2.6000000000000227,15.0,75.75,101591.25,6.6625,0.0,8,8
07630,2020-03-16,2.2,11.875000000000021,10.300000000000011,14.800000000000011,83.25,101762.5,6.012499999999999,1.0,8,8
07630,2020-03-17,0.0,12.275000000000027,10.5,14.400000000000034,80.625,102891.25,2.8625,0.0,8,8
07630,2020-03-18,0.0,13.650000000000027,6.7000000000000455,20.400000000000034,73.0,102720.0,1.4875,0.0,8,8
07630,2020-03-19,0.0,14.187500000000028,9.400000000000034,20.700000000000045,57.75,102113.75,5.0375,0.0,8,8
07630,2020-03-20,0.0,13.225000000000016,9.300000000000011,18.400000000000034,55.875,101732.5,6.45,0.0,8,8
07630,2020-03-21,0.0,12.812500000000028,7.400000000000034,17.900000000000034,61.5,101321.25,5.6375,0.0,8,8
07630,2020-03-22,0.0,12.975000000000023,8.200000000000045,18.80000000000001,66.375,101328.75,3.7125,0.0,8,8
07630,2020-03-23,0.0,12.27500000000002,8.600000000000023,16.900000000000034,72.125,101930.0,4.3875,0.0,8,8
07630,2020-03-24,0.0,11.575000000000031,7.600000000000023,17.200000000000045,67.5,102020.0,4.2749999999999995,0.0,8,8
07630,2020-03-25,0.0,10.587500000000027,6.5,15.200000000000045,49.875,101546.25,5.025,0.0,8,8
07630,2020-03-26,0.0,6.937500000000021,4.600000000000023,9.0,73.0,101202.5,3.3625,0.0,8,8
07630,2020-03-27,0.0,8.38750000000001,1.0,15.0,65.0,101586.25,2.375,0.0,8,8
07630,2020-03-28,0.0,11.812500000000014,6.100000000000023,17.400000000000034,57.125,101811.25,2.6875,0.0,8,8
07630,2020-03-29,0.0,10.237500000000026,6.2000000000000455,15.400000000000034,65.75,101897.5,5.5,0.0,8,8
07630,2020-03-30,0.2,4.46250000000002,3.1000000000000227,6.100000000000023,78.75,101888.75,4.3375,0.0,8,8
07630,2020-03-31,0.0,8.762500000000017,3.7000000000000455,15.800000000000011,73.5,101597.5,2.6875,0.0,8,8
07630,2020-04-01,0.0,11.737500000000011,9.0,15.0,66.625,101486.25,7.225,0.0,8,8
07630,2020-04-02,0.0,10.300000000000018,6.0,13.5,68.125,101458.75,2.5125,0.0,8,8
07630,2020-04-03,0.2,10.725000000000023,6.100000000000023,15.400000000000034,60.0,101820.0,4.7375,0.0,8,8
07630,2020-04-04,0.0,11.300000000000011,2.5,19.5,59.5,101775.0,4.3875,0.0,8,8
07630,2020-04-05,0.0,14.725000000000023,10.200000000000045,20.100000000000023,50.0,101636.25,7.8,0.0,8,8
07630,2020-04-06,0.0,14.425000000000018,11.600000000000023,18.30000000000001,45.875,102116.25,6.5125,0.0,8,8
07630,2020-04-07,0.0,15.200000000000024,11.900000000000034,19.700000000000045,48.0,102437.5,6.325,0.0,8,8
07630,2020-04-08,0.0,14.887500000000031,12.100000000000023,20.5,63.25,102375.0,5.175,0.0,8,8
07630,2020-04-09,0.0,15.987500000000018,9.600000000000023,23.100000000000023,43.125,102100.0,4.4625,0.0,8,8
07630,2020-04-10,0.0,16.52500000000002,10.100000000000023,24.100000000000023,43.0,102000.0,4.5125,0.0,8,8
07630,2020-04-11,0.0,15.175000000000026,10.400000000000034,21.5,66.875,102121.25,5.0125,0.0,8,8
07630,2020-04-12,0.2,15.050000000000026,10.300000000000011,20.400000000000034,68.75,101736.25,4.5125,0.0,8,8
07630,2020-04-13,1.8,13.412500000000016,11.0,17.0,73.5,101173.75,5.3875,1.0,8,8
07630,2020-04-14,0.2,15.450000000000031,8.900000000000034,22.700000000000045,66.375,101408.75,1.4375,0.0,8,8
07630,2020-04-15,0.0,15.95000000000001,12.300000000000011,21.0,58.25,101491.25,8.525,0.0,8,8
07630,2020-04-16,0.0,15.987500000000018,13.300000000000011,19.900000000000034,68.125,101608.75,7.800000000000001,0.0,8,8
07630,2020-04-17,0.0,15.950000000000024,14.300000000000011,18.30000000000001,77.25,101461.25,7.6125,0.0,8,8
07630,2020-04-18,0.0,16.800000000000026,13.600000000000023,20.900000000000034,75.875,101605.0,4.0625,0.0,8,8
07630,2020-04-19,3.0,15.025000000000027,13.5,17.80000000000001,87.75,101150.0,2.7125,1.0,8,8
07630,2020-04-20,5.6,14.71250000000002,13.100000000000023,16.80000000000001,91.25,100838.75,3.025,1.0,8,8
07630,2020-04-21,15.5,14.562500000000021,13.100000000000023,17.30000000000001,93.125,100751.25,2.3875,1.0,8,8
07630,2020-04-22,0.8,13.975000000000023,12.600000000000023,15.800000000000011,90.75,101531.25,2.6875,0.0,8,8
07630,2020-04-23,0.0,14.275000000000027,12.600000000000023,16.5,87.625,101957.5,2.475,0.0,8,8
07630,2020-04-24,0.0,15.750000000000036,8.900000000000034,23.900000000000034,78.875,101476.25,2.1750000000000003,0.0,8,8
07630,2020-04-25,0.8,17.81250000000002,13.0,24.30000000000001,67.25,100968.75,2.3125,0.0,8,8
07630,2020-04-26,0.0,16.762500000000024,14.600000000000023,21.200000000000045,77.125,101062.5,2.2625,0.0,8,8
07630,2020-04-27,2.2,14.728571428571447,12.400000000000034,18.100000000000023,87.85714285714286,100997.14285714286,2.485714285714286,,7,7
07630,2020-04-28,17.8,13.937500000000021,11.900000000000034,17.700000000000045,79.25,101297.5,3.8125,1.0,8,8
07630,2020-04-29,0.0,15.47500000000003,9.700000000000045,21.200000000000045,65.875,101396.25,2.5875,0.0,8,8
07630,2020-04-30,2.4,14.987500000000026,12.200000000000045,18.900000000000034,75.125,101247.5,3.8874999999999997,1.0,8,8
07630,2020-05-01,8.600000000000001,15.050000000000018,11.5,18.700000000000045,86.5,101335.0,4.2375,1.0,8,8
07630,2020-05-02,10.9,17.237500000000033,14.800000000000011,20.200000000000045,84.625,101830.0,5.8125,1.0,8,8
07630,2020-05-03,0.0,19.06250000000002,14.5,24.600000000000023,73.25,101906.25,2.775,0.0,8,8
07630,2020-05-04,0.0,20.387500000000024,14.400000000000034,26.600000000000023,69.0,101302.5,5.1375,0.0,8,8
07630,2020-05-05,0.0,20.562500000000036,16.600000000000023,25.200000000000045,62.625,101440.0,3.475,0.0,8,8
07630,2020-05-06,0.0,20.12500000000002,14.800000000000011,25.5,60.625,101771.25,2.775,0.0,8,8
07630,2020-05-07,0.0,19.575000000000017,13.600000000000023,25.600000000000023,62.625,101818.75,4.4375,0.0,8,8
07630,2020-05-08,0.0,19.87500000000002,16.30000000000001,24.200000000000045,67.125,101470.0,7.0,0.0,8,8
07630,2020-05-09,0.0,18.28750000000003,15.700000000000045,22.100000000000023,75.125,101046.25,7.1125,0.0,8,8
07630,2020-05-10,10.2,16.175000000000026,13.900000000000034,17.200000000000045,87.0,100328.75,5.2,1.0,8,8
07630,2020-05-11,15.2,13.700000000000017,11.600000000000023,15.600000000000023,89.0,100237.5,8.9,1.0,8,8
07630,2020-05-12,0.2,11.925000000000033,9.400000000000034,14.200000000000045,84.25,101151.25,2.4,0.0,8,8
07630,2020-05-13,2.0,15.100000000000023,11.900000000000034,17.400000000000034,83.0,100557.5,3.5875,1.0,8,8
07630,2020-05-14,12.8,14.625000000000014,12.5,16.80000000000001,89.625,100668.75,1.9375,1.0,8,8
07630,2020-05-15,0.2,15.500000000000021,13.400000000000034,18.5,84.5,101362.5,3.425,0.0,8,8
07630,2020-05-16,0.4,16.18750000000002,12.600000000000023,20.400000000000034,73.125,101915.0,4.7625,0.0,8,8
07630,2020-05-17,0.2,17.387500000000024,12.700000000000045,22.100000000000023,59.625,102265.0,6.1,0.0,8,8
07630,2020-05-18,0.0,18.262500000000017,12.800000000000011,23.5,59.75,102357.5,5.0,0.0,8,8
07630,2020-05-19,0.0,20.05000000000002,14.5,25.400000000000034,60.25,102063.75,6.1625,0.0,8,8
07630,2020-05-20,0.0,20.90000000000002,12.700000000000045,27.5,54.375,101791.25,2.775,0.0,8,8
07630,2020-05-21,0.0,20.91250000000003,14.300000000000011,27.600000000000023,67.875,101986.25,2.8125,0.0,8,8
07630,2020-05-22,0.0,22.975000000000016,15.300000000000011,28.900000000000034,70.5,102216.25,2.2875,0.0,8,8
07630,2020-05-23,0.0,17.325000000000017,13.900000000000034,21.0,74.125,102928.75,5.0625,0.0,8,8
07630,2020-05-24,0.0,16.600000000000016,10.200000000000045,22.5,63.625,103126.25,2.2875,0.0,8,8
07630,2020-05-25,0.0,19.12500000000002,11.700000000000045,25.30000000000001,56.625,102710.0,2.175,0.0,8,8
07630,2020-05-26,0.0,20.862500000000026,13.400000000000034,26.600000000000023,59.0,102692.5,3.6375,0.0,8,8
07630,2020-05-27,0.0,21.200000000000024,14.0,27.900000000000034,61.25,102593.75,3.1625,0.0,8,8
07630,2020-05-28,0.0,22.137500000000024,15.100000000000023,28.400000000000034,58.875,102318.75,2.9625,0.0,8,8
07630,2020-05-29,0.0,22.18750000000003,16.100000000000023,28.700000000000045,57.125,101606.25,2.7375,0.0,8,8
07630,2020-05-30,0.0,21.625000000000014,17.0,27.5,65.0,101431.25,5.25,0.0,8,8
07630,2020-05-31,0.0,20.87500000000002,16.100000000000023,26.100000000000023,68.25,101261.25,5.675,0.0,8,8
07630,2020-06-01,0.8,20.262500000000024,16.80000000000001,23.400000000000034,76.125,101455.0,4.9875,0.0,8,8
07630,2020-06-02,0.2,21.93750000000002,16.5,27.200000000000045,67.5,101482.5,2.05,0.0,8,8
07630,2020-06-03,0.2,20.337500000000027,16.200000000000045,25.700000000000045,72.5,100811.25,3.3499999999999996,0.0,8,8
07630,2020-06-04,4.8999999999999995,17.162500000000023,14.900000000000034,19.80000000000001,77.625,100383.75,6.35,1.0,8,8
07630,2020-06-05,2.4000000000000004,15.550000000000033,13.200000000000045,18.200000000000045,79.5,101121.25,6.7375,1.0,8,8
07630,2020-06-06,8.100000000000001,17.12500000000003,14.300000000000011,21.600000000000023,79.625,101056.25,3.65,1.0,8,8
07630,2020-06-07,7.300000000000001,15.35000000000003,12.600000000000023,18.700000000000045,71.5,101210.0,4.7375,1.0,8,8
07630,2020-06-08,0.8,15.062500000000021,12.300000000000011,20.600000000000023,75.0,101573.75,5.1625,0.0,8,8
07630,2020-06-09,12.5,14.700000000000017,13.0,18.30000000000001,81.75,101818.75,5.0125,1.0,8,8
07630,2020-06-10,0.0,16.48750000000002,12.5,20.100000000000023,67.5,101706.25,4.25,0.0,8,8
07630,2020-06-11,10.9,15.912500000000023,12.100000000000023,20.200000000000045,78.375,100718.75,3.2875,1.0,8,8
07630,2020-06-12,1.8,17.12500000000003,11.5,21.900000000000034,70.875,100353.75,2.8,1.0,8,8
07630,2020-06-13,13.5,17.112500000000026,12.400000000000034,21.900000000000034,73.625,101311.25,3.9375,1.0,8,8
07630,2020-06-14,2.8000000000000003,17.67500000000002,12.0,22.900000000000034,69.5,101943.75,2.525,1.0,8,8
07630,2020-06-15,0.2,18.775000000000027,14.900000000000034,23.100000000000023,69.25,102133.75,3.5500000000000003,0.0,8,8
07630,2020-06-16,13.6,17.48750000000002,14.800000000000011,21.400000000000034,74.375,101895.0,2.8375,1.0,8,8
07630,2020-06-17,0.4,17.337500000000027,12.5,22.400000000000034,70.75,101713.75,4.2625,0.0,8,8
07630,2020-06-18,0.0,17.06250000000003,12.600000000000023,21.30000000000001,69.875,101696.25,2.15,0.0,8,8
07630,2020-06-19,0.0,19.087500000000027,14.5,23.700000000000045,61.375,101978.75,2.5125,0.0,8,8
07630,2020-06-20,0.0,21.20000000000003,15.800000000000011,25.200000000000045,60.625,102190.0,2.5125,0.0,8,8
07630,2020-06-21,0.0,21.23750000000002,16.100000000000023,26.5,63.625,102407.5,4.0375,0.0,8,8
07630,2020-06-22,0.0,21.762500000000017,18.200000000000045,26.30000000000001,62.5,102453.75,3.525,0.0,8,8
07630,2020-06-23,0.0,23.387500000000024,14.900000000000034,30.100000000000023,59.125,101792.5,2.8875,0.0,8,8
07630,2020-06-24,0.0,24.537500000000016,19.200000000000045,31.30000000000001,63.875,101496.25,5.8875,0.0,8,8
07630,2020-06-25,0.0,25.36250000000002,19.100000000000023,32.5,59.0,101492.5,3.475,0.0,8,8
07630,2020-06-26,7.3,24.075000000000017,17.900000000000034,29.5,69.25,101363.75,3.0125,1.0,8,8
07630,2020-06-27,0.4,23.262500000000017,18.100000000000023,28.600000000000023,71.875,101558.75,1.9125,0.0,8,8
07630,2020-06-28,0.0,23.475000000000023,21.200000000000045,27.100000000000023,68.5,101823.75,4.2875,0.0,8,8
07630,2020-06-29,0.0,20.87500000000003,19.5,22.700000000000045,73.375,101916.25,4.4125,0.0,8,8
07630,2020-06-30,0.0,21.850000000000016,15.0,27.80000000000001,57.125,101561.25,2.5125,0.0,8,8
07630,2020-07-01,0.2,23.28750000000003,19.900000000000034,26.900000000000034,64.5,101283.75,4.0125,0.0,8,8
07630,2020-07-02,0.0,20.35000000000003,19.0,21.700000000000045,71.375,101800.0,4.975,0.0,8,8
07630,2020-07-03,0.0,19.40000000000002,15.900000000000034,23.80000000000001,60.125,102282.5,4.9875,0.0,8,8
07630,2020-07-04,0.0,20.412500000000023,14.700000000000045,25.900000000000034,59.125,102393.75,3.25,0.0,8,8
07630,2020-07-05,0.0,22.925000000000026,15.300000000000011,29.400000000000034,61.0,102202.5,2.8000000000000003,0.0,8,8
07630,2020-07-06,1.4,21.362500000000026,17.80000000000001,25.700000000000045,70.25,102155.0,5.5125,1.0,8,8
07630,2020-07-07,0.0,20.92500000000002,14.900000000000034,26.600000000000023,54.25,101992.5,4.2875,0.0,8,8
07630,2020-07-08,0.0,23.237500000000033,14.200000000000045,31.200000000000045,48.375,101722.5,1.95,0.0,8,8
07630,2020-07-09,0.0,25.987500000000033,17.30000000000001,33.200000000000045,50.0,101646.25,2.0875,0.0,8,8
07630,2020-07-10,0.0,23.16250000000001,19.5,28.30000000000001,67.25,101817.5,4.7375,0.0,8,8
07630,2020-07-11,0.0,22.337500000000027,17.700000000000045,27.80000000000001,63.125,102055.0,4.325,0.0,8,8
07630,2020-07-12,0.0,22.72500000000003,16.600000000000023,27.400000000000034,51.875,101950.0,2.8375,0.0,8,8
07630,2020-07-13,0.0,24.48750000000002,19.0,30.5,52.25,102005.0,5.1875,0.0,8,8
07630,2020-07-14,0.0,22.050000000000026,17.200000000000045,27.0,55.25,101868.75,5.3875,0.0,8,8
07630,2020-07-15,0.4,19.23750000000002,17.0,21.30000000000001,68.5,102006.25,5.4375,0.0,8,8
07630,2020-07-16,0.0,18.462500000000013,15.300000000000011,21.0,70.75,102265.0,4.3375,0.0,8,8
07630,2020-07-17,0.0,20.71250000000002,17.100000000000023,24.5,66.0,102071.25,4.6875,0.0,8,8
07630,2020-07-18,0.0,23.462500000000013,17.0,29.30000000000001,52.75,101756.25,2.7,0.0,8,8
07630,2020-07-19,0.0,25.18750000000002,15.900000000000034,34.0,51.375,101453.75,2.5375,0.0,8,8
07630,2020-07-20,0.0,26.400000000000027,19.400000000000034,33.700000000000045,53.375,101543.75,2.45,0.0,8,8
07630,2020-07-21,0.0,26.65000000000002,20.0,33.60000000000002,58.125,101787.5,2.675,0.0,8,8
07630,2020-07-22,0.6000000000000001,27.512500000000017,21.200000000000045,34.0,55.625,101803.75,3.45,0.0,8,8
07630,2020-07-23,0.0,26.23750000000002,21.400000000000034,32.0,62.25,101611.25,4.6,0.0,8,8
07630,2020-07-24,0.0,24.537500000000023,20.0,29.100000000000023,49.25,101672.5,5.0625,0.0,8,8
07630,2020-07-25,0.0,23.225000000000016,17.5,29.100000000000023,54.125,101626.25,2.925,0.0,8,8
07630,2020-07-26,0.0,23.31250000000003,18.700000000000045,27.700000000000045,61.625,101752.5,2.925,0.0,8,8
07630,2020-07-27,0.0,27.73750000000002,18.400000000000034,37.400000000000034,54.0,101431.25,3.85,0.0,8,8
07630,2020-07-28,1.0,24.18750000000002,20.100000000000023,28.600000000000023,69.5,101741.25,3.625,0.0,8,8
07630,2020-07-29,0.0,26.31250000000003,21.200000000000045,31.700000000000045,61.0,101727.5,3.0375,0.0,8,8
07630,2020-07-30,0.0,28.862500000000026,21.30000000000001,36.60000000000002,54.25,101422.5,4.6125,0.0,8,8
07630,2020-07-31,0.0,29.775000000000027,23.400000000000034,36.700000000000045,53.125,101387.5,4.575,0.0,8,8
07630,2020-08-01,0.0,25.18750000000003,20.700000000000045,28.80000000000001,63.0,101811.25,5.575,0.0,8,8
07630,2020-08-02,0.0,22.36250000000002,19.0,25.600000000000023,60.5,101880.0,5.6625,0.0,8,8
07630,2020-08-03,0.0,21.02500000000002,16.400000000000034,25.900000000000034,54.25,101732.5,6.225,0.0,8,8
07630,2020-08-04,0.0,21.612500000000026,16.600000000000023,26.5,53.75,101767.5,5.2625,0.0,8,8
07630,2020-08-05,0.0,22.171428571428585,13.600000000000023,31.5,46.285714285714285,101525.71428571429,1.9375,,8,7
07630,2020-08-06,0.0,26.300000000000026,16.0,36.60000000000002,39.25,101492.5,2.1875,,8,7
07630,2020-08-07,0.0,29.37500000000002,22.0,37.400000000000034,33.25,101542.5,4.2875,0.0,8,8
07630,2020-08-08,0.0,29.012500000000017,22.100000000000023,35.80000000000001,52.625,101808.75,2.95,0.0,8,8
07630,2020-08-09,2.4,29.30000000000002,22.600000000000023,36.30000000000001,52.0,101485.0,3.1,1.0,8,8
07630,2020-08-10,8.4,26.937500000000014,21.80000000000001,30.100000000000023,65.625,101242.5,3.3375000000000004,1.0,8,8
07630,2020-08-11,0.0,27.837500000000027,23.200000000000045,34.5,62.0,101275.0,4.5,0.0,8,8
07630,2020-08-12,4.9,25.262500000000017,20.400000000000034,30.80000000000001,69.75,101171.25,5.3,1.0,8,8
07630,2020-08-13,0.0,21.35000000000003,18.400000000000034,24.100000000000023,73.75,101641.25,3.5,0.0,8,8
07630,2020-08-14,0.0,23.050000000000026,18.900000000000034,28.200000000000045,64.125,101677.5,2.8625000000000003,0.0,8,8
07630,2020-08-15,0.0,25.612500000000026,17.80000000000001,33.900000000000034,55.625,101158.75,2.3625,0.0,8,8
07630,2020-08-16,0.0,22.47500000000003,19.400000000000034,26.900000000000034,66.0,101356.25,4.05,0.0,8,8
07630,2020-08-17,0.2,22.33750000000002,16.80000000000001,29.900000000000034,60.25,101391.25,2.05,,8,7
07630,2020-08-18,0.2,23.11250000000002,18.0,28.600000000000023,65.75,101402.5,2.2125,0.0,8,8
07630,2020-08-19,0.0,26.42500000000002,17.80000000000001,35.700000000000045,54.625,100843.75,3.5375,0.0,8,8
07630,2020-08-20,0.0,27.850000000000037,23.400000000000034,33.900000000000034,64.5,100667.5,7.2625,0.0,8,8
07630,2020-08-21,0.0,27.25000000000002,22.80000000000001,33.60000000000002,64.25,101231.25,4.7,0.0,8,8
07630,2020-08-22,0.0,22.662500000000016,19.200000000000045,26.5,66.5,102240.0,4.625,0.0,8,8
07630,2020-08-23,0.0,22.400000000000027,17.700000000000045,26.0,58.375,102297.5,4.4,0.0,8,8
07630,2020-08-24,0.0,22.46250000000002,17.600000000000023,27.400000000000034,54.875,101922.5,3.1875,0.0,8,8
07630,2020-08-25,0.0,24.700000000000024,14.600000000000023,33.5,50.0,101496.25,4.0,0.0,8,8
07630,2020-08-26,0.2,23.687500000000014,21.0,27.0,68.5,102016.25,2.7,0.0,8,8
07630,2020-08-27,0.0,25.300000000000026,19.100000000000023,31.5,60.375,101702.5,3.2,0.0,8,8
07630,2020-08-28,7.1,19.95000000000003,17.400000000000034,23.200000000000045,77.875,101143.75,3.8375,1.0,8,8
07630,2020-08-29,0.0,17.637500000000024,15.100000000000023,20.600000000000023,73.125,100831.25,4.45,0.0,8,8
07630,2020-08-30,1.2,17.35000000000001,14.5,21.100000000000023,71.5,101496.25,5.7749999999999995,1.0,8,8
07630,2020-08-31,0.0,17.86250000000002,12.800000000000011,23.5,63.875,101970.0,4.2125,0.0,8,8
07630,2020-09-01,0.0,18.76250000000003,12.400000000000034,25.200000000000045,60.75,101596.25,2.5250000000000004,0.0,8,8
07630,2020-09-02,0.0,19.15000000000002,13.0,25.5,49.375,101847.5,3.2625,0.0,8,8
07630,2020-09-03,0.0,20.12500000000002,11.300000000000011,28.700000000000045,50.875,102220.0,1.8125,0.0,8,8
07630,2020-09-04,0.0,22.48750000000002,14.0,31.900000000000034,50.25,102208.75,4.1,0.0,8,8
07630,2020-09-05,0.0,23.025000000000027,16.700000000000045,30.100000000000023,61.125,102050.0,4.8375,0.0,8,8
07630,2020-09-06,0.0,20.337500000000027,17.700000000000045,24.400000000000034,58.125,102068.75,5.45,0.0,8,8
07630,2020-09-07,0.0,18.775000000000034,13.700000000000045,23.600000000000023,48.125,102281.25,5.075,0.0,8,8
07630,2020-09-08,0.0,19.50000000000002,11.300000000000011,27.5,49.625,102472.5,1.6,0.0,8,8
07630,2020-09-09,1.0,19.06250000000002,14.800000000000011,24.200000000000045,71.625,102225.0,2.125,0.0,8,8
07630,2020-09-10,0.0,21.61250000000002,16.30000000000001,25.900000000000034,71.75,101888.75,3.15,0.0,8,8
07630,2020-09-11,0.0,23.412500000000016,17.5,29.0,61.0,101615.0,3.325,0.0,8,8
07630,2020-09-12,0.0,22.787500000000023,14.300000000000011,30.900000000000034,52.5,101916.25,2.4,0.0,8,8
07630,2020-09-13,0.0,24.075000000000024,13.900000000000034,34.10000000000002,50.5,102163.75,2.75,0.0,8,8
07630,2020-09-14,0.0,26.287500000000023,20.80000000000001,33.200000000000045,47.625,102000.0,5.6625,0.0,8,8
07630,2020-09-15,0.0,24.600000000000016,19.80000000000001,30.0,58.375,101971.25,3.0625,0.0,8,8
07630,2020-09-16,0.0,25.61250000000002,18.0,33.0,53.875,101832.5,1.7625,0.0,8,8
07630,2020-09-17,0.0,25.51250000000001,17.0,34.5,49.875,101460.0,2.7375,0.0,8,8
07630,2020-09-18,0.0,24.575000000000017,21.5,28.400000000000034,58.5,101232.5,6.225,0.0,8,8
07630,2020-09-19,2.8,23.00000000000002,19.600000000000023,28.700000000000045,68.375,101162.5,3.825,1.0,8,8
07630,2020-09-20,0.0,20.712500000000027,16.100000000000023,25.700000000000045,70.25,101522.5,3.2375,0.0,8,8
07630,2020-09-21,0.0,19.68750000000002,16.700000000000045,25.600000000000023,78.5,101677.5,3.1,0.0,8,8
07630,2020-09-22,1.7999999999999998,19.162500000000023,17.5,21.200000000000045,81.5,101447.5,3.5749999999999997,1.0,8,8
07630,2020-09-23,0.2,20.33750000000002,14.100000000000023,27.80000000000001,73.5,101097.5,2.5,0.0,8,8
07630,2020-09-24,0.0,18.90000000000002,16.600000000000023,21.30000000000001,73.875,101123.75,3.9000000000000004,0.0,8,8
07630,2020-09-25,7.2,11.912500000000023,10.900000000000034,13.600000000000023,80.0,101457.5,8.8625,1.0,8,8
07630,2020-09-26,21.400000000000002,11.27500000000002,9.100000000000023,14.0,86.875,101485.0,5.3125,1.0,8,8
07630,2020-09-27,1.8,10.687500000000021,8.0,13.900000000000034,81.375,101558.75,6.05,1.0,8,8
07630,2020-09-28,2.0,14.337500000000027,11.700000000000045,19.600000000000023,72.875,101858.75,5.75,1.0,8,8
07630,2020-09-29,0.0,13.250000000000028,8.200000000000045,18.600000000000023,72.375,102043.75,1.2125,0.0,8,8
07630,2020-09-30,0.0,15.025000000000006,7.5,23.5,70.375,101558.75,1.5375,0.0,8,8
07630,2020-10-01,0.2,14.900000000000013,12.0,18.100000000000023,81.875,100885.0,2.85,0.0,8,8
07630,2020-10-02,11.5,11.90000000000002,8.800000000000011,14.300000000000011,86.375,99301.25,4.65,1.0,8,8
07630,2020-10-03,5.8,11.887500000000017,9.100000000000023,14.800000000000011,77.375,99888.75,7.675,1.0,8,8
07630,2020-10-04,4.0,12.012500000000017,9.400000000000034,14.600000000000023,78.375,100548.75,5.2625,1.0,8,8
07630,2020-10-05,0.2,13.925000000000026,11.200000000000045,17.80000000000001,70.875,101460.0,5.7,0.0,8,8
07630,2020-10-06,4.4,15.850000000000016,11.600000000000023,19.600000000000023,84.25,101762.5,6.0125,1.0,8,8
07630,2020-10-07,11.1,16.087500000000027,13.700000000000045,20.400000000000034,79.375,102323.75,4.3375,1.0,8,8
07630,2020-10-08,0.0,15.58750000000002,11.5,21.5,82.625,102451.25,1.4125,0.0,8,8
07630,2020-10-09,0.0,16.287500000000023,11.700000000000045,21.100000000000023,81.0,102335.0,2.325,0.0,8,8
07630,2020-10-10,0.4,15.46250000000002,12.5,18.0,75.75,102575.0,4.8625,0.0,8,8
07630,2020-10-11,4.2,11.137500000000024,9.400000000000034,14.300000000000011,79.875,102605.0,5.8375,1.0,8,8
07630,2020-10-12,0.0,10.962500000000027,9.200000000000045,14.400000000000034,80.875,102436.25,4.0375,0.0,8,8
07630,2020-10-13,2.6,12.087500000000013,9.800000000000011,14.400000000000034,85.0,101512.5,5.1125,1.0,8,8
07630,2020-10-14,19.3,9.912500000000016,8.700000000000045,11.5,90.0,101211.25,4.8,1.0,8,8
07630,2020-10-15,1.0,9.450000000000017,8.5,12.700000000000045,83.875,101745.0,5.475,0.0,8,8
07630,2020-10-16,0.0,9.450000000000017,6.5,12.600000000000023,78.75,102085.0,3.7625,0.0,8,8
07630,2020-10-17,0.0,9.300000000000018,3.400000000000034,16.5,79.625,101891.25,1.7375,0.0,8,8
07630,2020-10-18,0.0,10.500000000000028,3.6000000000000227,17.900000000000034,77.625,102197.5,1.1625,0.0,8,8
07630,2020-10-19,0.0,12.900000000000027,6.800000000000011,16.600000000000023,77.75,101803.75,6.7375,0.0,8,8
07630,2020-10-20,0.0,16.725000000000016,14.900000000000034,18.0,77.125,101036.25,9.95,0.0,8,8
07630,2020-10-21,0.0,18.987500000000026,17.400000000000034,21.700000000000045,76.875,100720.0,11.0125,0.0,8,8
07630,2020-10-22,0.0,17.887500000000024,17.100000000000023,19.30000000000001,83.75,101237.5,6.125,0.0,8,8
07630,2020-10-23,0.8,15.250000000000028,12.900000000000034,17.400000000000034,87.125,101777.5,2.9875,0.0,8,8
07630,2020-10-24,0.0,13.53750000000003,8.700000000000045,18.900000000000034,78.625,102086.25,1.8625,0.0,8,8
07630,2020-10-25,4.6,12.700000000000024,7.800000000000011,18.600000000000023,84.25,101055.0,2.5625,1.0,8,8
07630,2020-10-26,8.7,10.53750000000003,9.200000000000045,12.200000000000045,82.875,101336.25,7.1375,1.0,8,8
07630,2020-10-27,0.2,13.000000000000036,9.900000000000034,17.400000000000034,71.75,101586.25,3.75,0.0,8,8
07630,2020-10-28,2.0,13.725000000000023,12.100000000000023,16.5,89.125,102035.0,2.5625,1.0,8,8
07630,2020-10-29,0.0,13.637500000000024,9.800000000000011,17.900000000000034,78.875,102653.75,1.9875,0.0,8,8
07630,2020-10-30,0.0,12.162500000000023,6.300000000000011,19.900000000000034,83.125,102582.5,1.4875,0.0,8,8
07630,2020-10-31,0.0,12.162500000000023,5.300000000000011,20.600000000000023,84.75,102377.5,2.275,0.0,8,8
07630,2020-11-01,0.0,13.650000000000034,6.900000000000034,22.400000000000034,79.625,102237.5,1.925,0.0,8,8
07630,2020-11-02,0.0,14.975000000000023,10.400000000000034,19.700000000000045,83.25,102146.25,3.2375,0.0,8,8
07630,2020-11-03,4.6,12.050000000000026,9.700000000000045,14.100000000000023,89.375,102908.75,4.05,1.0,8,8
07630,2020-11-04,0.8,9.887500000000024,7.7000000000000455,12.300000000000011,77.25,102782.5,2.3625,0.0,8,8
07630,2020-11-05,0.0,9.437500000000021,3.6000000000000227,16.0,82.5,102793.75,1.8,0.0,8,8
07630,2020-11-06,0.0,15.91250000000003,13.5,17.700000000000045,75.5,102230.0,8.425,0.0,8,8
07630,2020-11-07,0.0,16.80000000000002,15.0,18.700000000000045,78.5,101742.5,9.9125,0.0,8,8
07630,2020-11-08,0.2,14.750000000000021,11.900000000000034,19.600000000000023,86.375,102106.25,3.3875,0.0,8,8
07630,2020-11-09,0.0,15.637500000000031,12.900000000000034,19.900000000000034,80.75,102147.5,2.9875,0.0,8,8
07630,2020-11-10,0.2,13.38750000000001,10.0,17.30000000000001,88.25,102685.0,1.9125,0.0,8,8
07630,2020-11-11,0.0,11.187500000000028,7.2000000000000455,18.0,88.0,102428.75,2.0375,0.0,8,8
07630,2020-11-12,0.0,13.237500000000033,8.400000000000034,19.400000000000034,81.125,102221.25,2.125,0.0,8,8
07630,2020-11-13,0.0,14.425000000000026,12.5,17.900000000000034,80.0,102035.0,5.175,0.0,8,8
07630,2020-11-14,0.0,15.612500000000018,9.900000000000034,19.30000000000001,79.75,101802.5,5.9875,0.0,8,8
07630,2020-11-15,3.4,16.237500000000026,13.700000000000045,19.0,81.75,101636.25,5.0375,1.0,8,8
07630,2020-11-16,3.7,12.40000000000002,9.800000000000011,14.900000000000034,81.0,102562.5,4.1125,1.0,8,8
07630,2020-11-17,0.0,10.475000000000037,5.400000000000034,16.400000000000034,79.375,102740.0,1.6125,0.0,8,8
07630,2020-11-18,0.0,13.312500000000021,10.800000000000011,17.400000000000034,75.0,102615.0,5.325,0.0,8,8
07630,2020-11-19,1.4,10.137500000000031,7.900000000000034,12.700000000000045,84.875,103358.75,4.0625,1.0,8,8
07630,2020-11-20,0.0,8.175000000000026,4.800000000000011,11.400000000000034,74.625,103608.75,4.275,0.0,8,8
07630,2020-11-21,0.0,4.287500000000016,0.0,9.100000000000023,83.625,103240.0,1.3875,0.0,8,8
07630,2020-11-22,0.0,4.925000000000033,-1.3999999999999773,13.700000000000045,77.625,102888.75,1.225,0.0,8,8
07630,2020-11-23,0.0,5.075000000000024,-0.0999999999999659,12.0,83.875,102946.25,1.375,0.0,8,8
07630,2020-11-24,0.0,7.062500000000021,0.8000000000000114,12.800000000000011,82.25,102232.5,4.2250000000000005,0.0,8,8
07630,2020-11-25,0.0,11.337500000000027,6.600000000000023,17.200000000000045,83.25,101540.0,4.1875,0.0,8,8
07630,2020-11-26,0.0,13.062500000000036,6.600000000000023,17.200000000000045,82.375,101562.5,5.3125,0.0,8,8
07630,2020-11-27,0.0,14.075000000000017,13.0,15.900000000000034,80.5,101376.25,6.0625,0.0,8,8
07630,2020-11-28,0.8,12.425000000000033,10.5,15.200000000000045,81.375,100981.25,2.4625,0.0,8,8
07630,2020-11-29,0.0,11.125000000000021,7.600000000000023,16.30000000000001,81.5,101625.0,1.5875000000000001,0.0,8,8
07630,2020-11-30,0.0,6.35000000000003,3.2000000000000455,11.800000000000011,90.25,102388.75,1.575,0.0,8,8
07630,2020-12-01,4.199999999999999,6.8000000000000185,4.600000000000023,9.100000000000023,92.125,102391.25,4.4,1.0,8,8
07630,2020-12-02,1.8,4.687500000000028,3.7000000000000455,5.900000000000034,92.375,101975.0,5.4875,1.0,8,8
07630,2020-12-03,0.0,7.450000000000031,4.100000000000023,11.300000000000011,74.0,100830.0,3.0125,0.0,8,8
07630,2020-12-04,8.3,6.3625000000000185,4.800000000000011,8.600000000000023,82.75,99282.5,4.65,1.0,8,8
07630,2020-12-05,1.0,5.300000000000019,2.400000000000034,8.100000000000023,83.14285714285714,99872.85714285714,3.3714285714285714,,7,7
07630,2020-12-06,4.0,6.400000000000027,4.600000000000023,8.700000000000045,83.25,100313.75,7.4375,1.0,8,8
07630,2020-12-07,8.299999999999999,5.45000000000001,3.0,8.300000000000011,88.625,100190.0,4.175,1.0,8,8
07630,2020-12-08,0.4,5.775000000000027,3.900000000000034,7.100000000000023,82.625,100420.0,5.7375,0.0,8,8
07630,2020-12-09,0.8,5.987500000000026,3.400000000000034,8.5,88.375,101463.75,4.2875,0.0,8,8
07630,2020-12-10,10.6,7.450000000000017,5.300000000000011,9.900000000000034,91.5,100701.25,3.8625,1.0,8,8
07630,2020-12-11,17.1,9.762500000000031,5.400000000000034,15.100000000000023,89.875,100247.5,5.2,1.0,8,8
07630,2020-12-12,4.2,9.487500000000033,7.2000000000000455,11.0,85.5,100928.75,6.95,1.0,8,8
07630,2020-12-13,0.0,8.475000000000023,6.2000000000000455,11.0,86.375,101436.25,2.4125,0.0,8,8
07630,2020-12-14,0.0,10.575000000000017,8.5,13.5,83.75,101036.25,6.575,0.0,8,8
07630,2020-12-15,10.7,10.625000000000028,5.900000000000034,12.700000000000045,91.375,101342.5,2.0875,1.0,8,8
07630,2020-12-16,0.0,9.487500000000026,4.300000000000011,14.5,88.625,101456.25,4.15,0.0,8,8
07630,2020-12-17,0.0,8.375000000000021,5.800000000000011,12.800000000000011,93.875,102347.5,1.15,0.0,8,8
07630,2020-12-18,0.0,9.40000000000002,6.400000000000034,13.0,94.875,102150.0,2.2,0.0,8,8
07630,2020-12-19,0.0,10.550000000000026,7.600000000000023,12.600000000000023,92.5,101737.5,2.075,0.0,8,8
07630,2020-12-20,2.6,9.975000000000023,6.7000000000000455,13.0,92.375,102315.0,1.45,1.0,8,8
07630,2020-12-21,1.5999999999999999,7.750000000000021,3.3000000000000114,11.100000000000023,95.25,102577.5,2.175,1.0,8,8
07630,2020-12-22,0.0,11.312500000000021,7.600000000000023,15.100000000000023,92.625,102470.0,1.65,0.0,8,8
07630,2020-12-23,0.2,11.787500000000023,9.600000000000023,14.400000000000034,87.875,102111.25,4.5375,0.0,8,8
07630,2020-12-24,0.4,9.312500000000021,7.900000000000034,10.600000000000023,82.5,102308.75,6.2125,0.0,8,8
07630,2020-12-25,1.0,4.000000000000021,2.8000000000000114,6.600000000000023,83.0,102765.0,7.75,0.0,8,8
07630,2020-12-26,0.0,2.7500000000000284,-1.1999999999999886,5.7000000000000455,78.0,103033.75,5.75,0.0,8,8
07630,2020-12-27,0.0,1.7500000000000284,-2.2999999999999545,6.100000000000023,82.625,100795.0,2.8625,0.0,8,8
07630,2020-12-28,27.5,5.600000000000016,4.5,7.100000000000023,87.375,99192.5,8.025,1.0,8,8
07630,2020-12-29,7.4,5.387500000000031,4.300000000000011,6.2000000000000455,85.875,100058.75,6.6875,1.0,8,8
07630,2020-12-30,0.6000000000000001,5.362500000000026,3.7000000000000455,7.400000000000034,85.75,101101.25,6.15,0.0,8,8
07630,2020-12-31,3.6,7.250000000000014,4.7000000000000455,11.100000000000023,82.0,100946.25,3.85,1.0,8,8
07630,2021-01-01,0.0,2.8500000000000156,0.10000000000002274,5.900000000000034,93.875,100893.75,2.1125,0.0,8,8
07630,2021-01-02,0.0,0.5375000000000227,-1.099999999999966,1.6000000000000227,86.875,101295.0,5.35,0.0,8,8
07630,2021-01-03,0.0,2.637500000000024,0.9000000000000341,6.2000000000000455,68.625,101421.25,3.25,0.0,8,8
07630,2021-01-04,0.0,2.275000000000013,-0.39999999999997726,5.5,76.625,101047.5,1.6375,0.0,8,8
07630,2021-01-05,0.0,1.6625000000000156,1.1000000000000227,2.3000000000000114,84.0,101280.0,2.1374999999999997,0.0,8,8
07630,2021-01-06,0.0,2.0500000000000185,-0.5,5.100000000000023,75.625,101666.25,1.9124999999999999,0.0,8,8
07630,2021-01-07,0.0,-1.3874999999999815,-4.599999999999966,3.3000000000000114,82.5,101767.5,1.8625,0.0,8,8
07630,2021-01-08,0.0,-1.1374999999999815,-5.0,2.8000000000000114,85.5,101750.0,1.65,0.0,8,8
07630,2021-01-09,0.0,0.3750000000000142,-1.5,2.900000000000034,84.625,101397.5,1.125,0.0,8,8
07630,2021-01-10,0.0,1.08750000000002,0.0,2.400000000000034,77.75,101736.25,2.6,0.0,8,8
07630,2021-01-11,0.0,-1.5749999999999815,-3.0,-0.2999999999999545,86.75,102620.0,4.75,0.0,8,8
07630,2021-01-12,0.0,2.0375000000000227,-4.099999999999966,7.2000000000000455,80.0,102985.0,5.1375,0.0,8,8
07630,2021-01-13,0.0,8.512500000000017,7.300000000000011,10.5,86.0,102975.0,6.6,0.0,8,8
07630,2021-01-14,0.8,8.012500000000017,6.800000000000011,9.5,90.75,102766.25,5.675,0.0,8,8
07630,2021-01-15,0.6000000000000001,7.65000000000002,4.900000000000034,9.600000000000023,79.125,102730.0,7.25,0.0,8,8
07630,2021-01-16,0.0,2.8125000000000284,-1.8999999999999773,6.600000000000023,82.75,103007.5,1.8625,0.0,8,8
07630,2021-01-17,2.2,7.262500000000031,3.6000000000000227,9.5,84.625,102738.75,5.3,1.0,8,8
07630,2021-01-18,0.0,2.525000000000013,-1.3999999999999773,8.5,84.25,103016.25,0.8375,0.0,8,8
07630,2021-01-19,0.0,3.5625000000000284,-2.3999999999999773,11.100000000000023,82.75,102228.75,3.725,0.0,8,8
07630,2021-01-20,0.0,8.400000000000034,6.100000000000023,10.900000000000034,78.0,100767.5,5.3625,0.0,8,8
07630,2021-01-21,0.2,9.350000000000023,6.7000000000000455,13.200000000000045,84.875,100600.0,2.875,0.0,8,8
07630,2021-01-22,8.0,8.050000000000018,6.0,9.100000000000023,85.75,100187.5,6.625,1.0,8,8
07630,2021-01-23,7.5,6.875000000000028,4.900000000000034,11.200000000000045,84.0,100545.0,4.975,1.0,8,8
07630,2021-01-24,9.8,6.33750000000002,3.8000000000000114,9.100000000000023,87.75,100733.75,5.425,1.0,8,8
07630,2021-01-25,6.9,6.625000000000021,2.5,8.5,88.375,101180.0,3.875,1.0,8,8
07630,2021-01-26,0.0,3.5000000000000355,-0.7999999999999545,6.800000000000011,71.375,102361.25,1.9375,0.0,8,8
07630,2021-01-27,7.800000000000001,9.312500000000028,4.600000000000023,13.600000000000023,96.625,102162.5,3.025,1.0,8,8
07630,2021-01-28,0.4,13.262500000000024,10.100000000000023,16.700000000000045,86.875,102057.5,3.575,0.0,8,8
07630,2021-01-29,7.7,12.337500000000027,9.200000000000045,15.300000000000011,86.5,101695.0,4.4625,1.0,8,8
07630,2021-01-30,4.3999999999999995,9.875000000000021,8.400000000000034,11.800000000000011,87.25,100673.75,4.5875,1.0,8,8
07630,2021-01-31,7.4,10.35000000000003,7.7000000000000455,12.200000000000045,91.75,100348.75,7.425,1.0,8,8
07630,2021-02-01,13.9,11.27500000000002,10.5,12.400000000000034,85.125,100627.5,9.5625,1.0,8,8
07630,2021-02-02,1.6,14.162500000000016,11.300000000000011,18.5,82.5,101236.25,3.1125,1.0,8,8
07630,2021-02-03,0.6000000000000001,11.537500000000023,7.7000000000000455,15.700000000000045,82.0,101077.5,2.225,0.0,8,8
07630,2021-02-04,0.0,11.337500000000027,8.600000000000023,14.300000000000011,85.375,101186.25,4.2,0.0,8,8
07630,2021-02-05,0.0,12.687500000000028,11.400000000000034,15.200000000000045,80.625,100906.25,8.0375,0.0,8,8
07630,2021-02-06,0.2,12.800000000000018,9.300000000000011,15.0,80.625,100160.0,6.55,0.0,8,8
07630,2021-02-07,3.0,7.53750000000003,5.400000000000034,10.100000000000023,82.5,100527.5,5.7875,1.0,8,8
07630,2021-02-08,3.6,7.2375000000000185,5.5,9.600000000000023,91.0,99920.0,3.1875,1.0,8,8
07630,2021-02-09,0.8,9.287500000000023,7.2000000000000455,12.0,86.125,100038.75,3.8125,0.0,8,8
07630,2021-02-10,0.2,7.4250000000000185,3.900000000000034,10.300000000000011,90.125,100690.0,3.925,0.0,8,8
07630,2021-02-11,0.4,10.387500000000031,5.900000000000034,14.200000000000045,78.375,101703.75,2.0875,0.0,8,8
07630,2021-02-12,3.8,8.825000000000017,7.5,10.400000000000034,90.25,101601.25,5.0875,1.0,8,8
07630,2021-02-13,0.0,6.8625000000000185,5.300000000000011,8.300000000000011,93.875,102618.75,2.925,0.0,8,8
07630,2021-02-14,0.0,5.437500000000021,1.8000000000000114,9.100000000000023,81.5,103101.25,6.5625,0.0,8,8
07630,2021-02-15,0.0,8.812500000000028,6.400000000000034,11.900000000000034,70.75,103105.0,7.9,0.0,8,8
07630,2021-02-16,0.0,10.712500000000034,8.600000000000023,14.300000000000011,80.75,102421.25,5.9125,0.0,8,8
07630,2021-02-17,0.0,11.062500000000014,5.2000000000000455,18.30000000000001,75.75,102203.75,2.3,0.0,8,8
07630,2021-02-18,0.0,11.462500000000027,10.400000000000034,14.0,84.25,101661.25,7.2625,0.0,8,8
07630,2021-02-19,0.0,12.512500000000017,10.900000000000034,15.600000000000023,78.625,101752.5,7.862500000000001,0.0,8,8
07630,2021-02-20,0.0,12.28750000000003,10.600000000000023,15.400000000000034,76.25,101450.0,8.5625,0.0,8,8
07630,2021-02-21,0.0,12.687500000000028,11.200000000000045,14.200000000000045,70.5,101117.5,12.65,0.0,8,8
07630,2021-02-22,6.4,12.000000000000021,9.700000000000045,14.200000000000045,85.75,101693.75,8.2,1.0,8,8
07630,2021-02-23,0.8,12.887500000000024,9.300000000000011,17.400000000000034,87.375,103068.75,4.725,0.0,8,8
07630,2021-02-24,0.0,13.387500000000024,11.200000000000045,16.700000000000045,79.125,103075.0,7.3,0.0,8,8
07630,2021-02-25,0.0,11.850000000000023,9.300000000000011,16.0,78.0,102960.0,5.5125,0.0,8,8
07630,2021-02-26,0.0,8.887500000000024,7.400000000000034,10.400000000000034,96.375,103278.75,2.525,0.0,8,8
07630,2021-02-27,0.0,9.887500000000017,5.7000000000000455,14.400000000000034,75.625,102958.75,3.8,0.0,8,8
07630,2021-02-28,0.0,8.91250000000003,3.900000000000034,14.400000000000034,78.375,102537.5,4.025,0.0,8,8
07630,2021-03-01,0.0,12.300000000000018,10.0,15.5,72.125,102412.5,8.2,0.0,8,8
07630,2021-03-02,0.0,12.037500000000023,10.700000000000045,13.600000000000023,69.625,102691.25,7.4875,0.0,8,8
07630,2021-03-03,0.0,11.000000000000014,9.300000000000011,13.100000000000023,78.0,102941.25,4.375,0.0,8,8
07630,2021-03-04,0.0,12.08750000000002,8.5,17.600000000000023,80.75,102263.75,2.9625,0.0,8,8
07630,2021-03-05,0.0,11.10000000000003,6.2000000000000455,16.200000000000045,78.875,101908.75,2.2375,0.0,8,8
07630,2021-03-06,0.2,8.387500000000031,5.300000000000011,10.800000000000011,78.25,102395.0,1.85,0.0,8,8
07630,2021-03-07,0.2,9.487500000000033,7.800000000000011,11.400000000000034,81.25,102143.75,1.675,0.0,8,8
07630,2021-03-08,0.0,9.862500000000026,7.7000000000000455,14.100000000000023,81.0,101806.25,3.3875,0.0,8,8
07630,2021-03-09,0.0,8.187500000000014,4.800000000000011,12.0,68.75,102087.5,5.2,0.0,8,8
07630,2021-03-10,0.0,7.362500000000011,0.5,14.800000000000011,67.125,102268.75,1.7375,0.0,8,8
07630,2021-03-11,0.0,13.22500000000003,9.400000000000034,19.200000000000045,68.125,102098.75,3.875,0.0,8,8
07630,2021-03-12,0.0,10.737500000000026,8.700000000000045,13.0,70.625,102237.5,5.475,0.0,8,8
07630,2021-03-13,0.0,9.662500000000023,3.2000000000000455,15.900000000000034,66.25,102125.0,5.6125,0.0,8,8
07630,2021-03-14,10.200000000000001,8.800000000000026,7.5,11.300000000000011,80.5,102476.25,6.225,1.0,8,8
07630,2021-03-15,0.8,8.725000000000023,6.400000000000034,11.0,86.375,102756.25,6.725,0.0,8,8
07630,2021-03-16,0.0,10.725000000000023,8.300000000000011,13.800000000000011,72.25,102985.0,6.1625,0.0,8,8
07630,2021-03-17,0.6,10.08750000000002,7.900000000000034,11.5,71.625,102821.25,7.575,0.0,8,8
07630,2021-03-18,0.0,6.850000000000037,3.400000000000034,9.900000000000034,66.125,102456.25,5.425,0.0,8,8
07630,2021-03-19,3.8,4.700000000000024,2.6000000000000227,6.2000000000000455,85.25,101767.5,3.3125,1.0,8,8
07630,2021-03-20,0.0,4.912500000000023,-0.7999999999999545,10.300000000000011,67.25,102323.75,4.5625,0.0,8,8
07630,2021-03-21,0.0,6.850000000000023,1.6000000000000227,11.900000000000034,63.875,102448.75,6.125,0.0,8,8
07630,2021-03-22,0.0,8.450000000000017,4.0,13.700000000000045,70.25,102350.0,5.375,0.0,8,8
07630,2021-03-23,0.0,9.187500000000036,2.7000000000000455,16.200000000000045,64.375,102406.25,2.675,0.0,8,8
07630,2021-03-24,0.0,10.90000000000002,1.900000000000034,19.400000000000034,62.25,102472.5,2.3625,0.0,8,8
07630,2021-03-25,0.0,10.600000000000016,7.100000000000023,15.100000000000023,74.375,102571.25,2.4125,0.0,8,8
07630,2021-03-26,0.2,11.387500000000031,4.5,18.900000000000034,73.625,102185.0,3.2625,0.0,8,8
07630,2021-03-27,0.2,11.175000000000018,6.400000000000034,15.400000000000034,64.625,102958.75,2.6,0.0,8,8
07630,2021-03-28,0.0,12.175000000000018,3.3000000000000114,20.5,61.125,102988.75,2.6500000000000004,0.0,8,8
07630,2021-03-29,0.0,13.612500000000026,8.900000000000034,19.900000000000034,60.75,102965.0,6.5375,0.0,8,8
07630,2021-03-30,0.0,14.687500000000028,9.900000000000034,20.900000000000034,61.25,102747.5,6.75,0.0,8,8
07630,2021-03-31,0.0,14.887500000000017,10.0,21.5,51.625,102213.75,6.025,0.0,8,8
07630,2021-04-01,0.0,14.475000000000023,10.5,20.80000000000001,63.125,101737.5,6.85,0.0,8,8
07630,2021-04-02,0.0,15.387500000000024,10.700000000000045,22.0,57.875,101465.0,3.475,0.0,8,8
07630,2021-04-03,0.0,14.300000000000018,11.100000000000023,19.400000000000034,61.75,101543.75,5.05,0.0,8,8
07630,2021-04-04,0.0,11.125000000000028,4.7000000000000455,17.30000000000001,60.25,101910.0,3.0875,0.0,8,8
07630,2021-04-05,0.0,12.16250000000003,5.400000000000034,19.200000000000045,62.875,101860.0,4.975,0.0,8,8
07630,2021-04-06,0.0,9.775000000000027,5.5,13.200000000000045,56.875,101762.5,7.625,0.0,8,8
07630,2021-04-07,0.0,6.862500000000026,0.9000000000000341,11.900000000000034,42.25,102461.25,2.4625,0.0,8,8
07630,2021-04-08,0.0,9.987500000000011,1.8000000000000114,18.600000000000023,51.0,102240.0,3.8375000000000004,0.0,8,8
07630,2021-04-09,1.0,12.137500000000017,9.300000000000011,17.5,70.0,101816.25,6.8375,0.0,8,8
07630,2021-04-10,0.0,12.800000000000026,9.900000000000034,15.800000000000011,79.375,101381.25,6.9,0.0,8,8
07630,2021-04-11,3.5999999999999996,10.987500000000026,8.600000000000023,11.900000000000034,85.25,101560.0,4.4625,1.0,8,8
07630,2021-04-12,0.0,8.012500000000024,3.8000000000000114,12.200000000000045,67.25,102793.75,4.675,0.0,8,8
07630,2021-04-13,0.0,9.062500000000028,1.2000000000000455,15.900000000000034,50.75,102676.25,1.975,0.0,8,8
07630,2021-04-14,0.0,10.625000000000014,3.3000000000000114,17.100000000000023,46.0,102180.0,2.4375,0.0,8,8
07630,2021-04-15,0.0,10.062500000000028,3.7000000000000455,16.400000000000034,44.625,102047.5,3.1125,0.0,8,8
07630,2021-04-16,0.0,8.575000000000017,2.6000000000000227,14.0,42.75,102038.75,4.1375,0.0,8,8
07630,2021-04-17,0.0,8.000000000000028,2.900000000000034,12.700000000000045,51.5,102157.5,5.225,0.0,8,8
07630,2021-04-18,0.0,10.800000000000026,5.800000000000011,15.5,56.0,102182.5,5.0125,0.0,8,8
07630,2021-04-19,0.0,11.58750000000002,3.7000000000000455,18.900000000000034,53.875,101841.25,1.6625,0.0,8,8
07630,2021-04-20,0.0,13.825000000000024,7.5,20.400000000000034,52.125,101441.25,2.2875,0.0,8,8
07630,2021-04-21,0.0,14.250000000000028,10.700000000000045,19.100000000000023,67.625,101381.25,4.7875,0.0,8,8
07630,2021-04-22,0.0,14.112500000000033,8.700000000000045,19.700000000000045,59.125,101638.75,5.5,0.0,8,8
07630,2021-04-23,0.0,16.13750000000001,8.0,24.0,45.625,101896.25,4.1,0.0,8,8
07630,2021-04-24,0.0,17.212500000000027,11.900000000000034,23.400000000000034,41.0,101675.0,5.5875,0.0,8,8
07630,2021-04-25,0.0,15.02500000000002,12.400000000000034,18.600000000000023,61.5,101378.75,5.6375,0.0,8,8
07630,2021-04-26,8.4,13.087500000000027,11.400000000000034,15.100000000000023,75.875,100796.25,3.875,1.0,8,8
07630,2021-04-27,1.0,13.362500000000018,10.5,15.600000000000023,82.75,100655.0,1.4749999999999999,0.0,8,8
07630,2021-04-28,1.8,13.275000000000013,11.5,16.100000000000023,83.5,100751.25,2.4375,1.0,8,8
07630,2021-04-29,1.2000000000000002,12.362500000000026,9.900000000000034,14.0,76.625,100993.75,3.0749999999999997,1.0,8,8
07630,2021-04-30,0.8,11.887500000000031,9.5,14.400000000000034,80.5,101170.0,3.0125,0.0,8,8
07630,2021-05-01,9.1,10.262500000000017,8.400000000000034,12.100000000000023,87.75,101377.5,3.925,1.0,8,8
07630,2021-05-02,0.0,11.387500000000031,6.2000000000000455,16.400000000000034,65.5,102073.75,3.075,0.0,8,8
07630,2021-05-03,0.0,13.000000000000014,5.300000000000011,19.5,58.5,102190.0,1.625,0.0,8,8
07630,2021-05-04,0.0,14.712500000000034,7.7000000000000455,21.900000000000034,62.875,101722.5,3.55,0.0,8,8
07630,2021-05-05,0.4,14.837500000000027,12.5,17.600000000000023,66.5,101705.0,5.95,0.0,8,8
07630,2021-05-06,0.0,15.562500000000021,9.900000000000034,20.80000000000001,70.75,101548.75,3.6625,0.0,8,8
07630,2021-05-07,4.4,15.162500000000023,13.300000000000011,18.600000000000023,84.625,101860.0,4.3,1.0,8,8
07630,2021-05-08,0.0,18.575000000000024,11.300000000000011,26.700000000000045,68.875,101350.0,5.4625,0.0,8,8
07630,2021-05-09,3.0,17.175000000000026,15.400000000000034,18.900000000000034,75.5,100527.5,8.15,1.0,8,8
07630,2021-05-10,0.2,16.27500000000002,11.900000000000034,19.700000000000045,68.625,100857.5,2.8,0.0,8,8
07630,2021-05-11,6.6,11.662500000000023,9.900000000000034,15.100000000000023,78.75,101560.0,5.9125,1.0,8,8
07630,2021-05-12,1.2,11.975000000000023,5.900000000000034,20.5,75.5,101507.5,4.5625,1.0,8,8
07630,2021-05-13,7.7,12.500000000000014,8.0,17.600000000000023,76.0,101426.25,3.1750000000000003,1.0,8,8
07630,2021-05-14,10.0,13.450000000000031,9.700000000000045,17.700000000000045,74.25,101571.25,6.0375,1.0,8,8
07630,2021-05-15,2.4,14.162500000000023,11.600000000000023,16.900000000000034,84.75,101268.75,2.3625,1.0,8,8
07630,2021-05-16,13.5,14.225000000000023,12.0,16.200000000000045,93.0,101266.25,4.25,1.0,8,8
07630,2021-05-17,0.6,13.950000000000017,10.5,17.700000000000045,69.0,101971.25,6.3125,0.0,8,8
07630,2021-05-18,1.0,12.662500000000023,9.600000000000023,18.600000000000023,76.75,101965.0,3.5,0.0,8,8
07630,2021-05-19,3.4000000000000004,13.375000000000014,9.800000000000011,16.600000000000023,74.875,102521.25,5.775,1.0,8,8
07630,2021-05-20,0.0,15.325000000000024,8.100000000000023,22.100000000000023,59.125,102356.25,2.0,0.0,8,8
07630,2021-05-21,2.6,14.500000000000021,10.800000000000011,20.600000000000023,75.625,101651.25,3.8375,1.0,8,8
07630,2021-05-22,0.8,12.962500000000027,10.200000000000045,16.100000000000023,76.625,101728.75,3.25,0.0,8,8
07630,2021-05-23,0.0,13.550000000000026,9.700000000000045,17.700000000000045,67.5,102011.25,2.075,0.0,8,8
07630,2021-05-24,0.0,13.050000000000018,8.5,16.80000000000001,72.875,101937.5,4.225,0.0,8,8
07630,2021-05-25,0.0,14.387500000000017,10.200000000000045,19.600000000000023,63.875,102630.0,4.325,0.0,8,8
07630,2021-05-26,0.0,14.400000000000034,8.5,19.700000000000045,62.75,102205.0,2.5625,0.0,8,8
07630,2021-05-27,0.0,17.650000000000013,9.0,24.700000000000045,61.125,101845.0,1.725,0.0,8,8
07630,2021-05-28,0.0,20.23750000000002,13.200000000000045,25.80000000000001,58.5,101701.25,2.45,0.0,8,8
07630,2021-05-29,1.5999999999999999,19.62500000000003,15.200000000000045,24.200000000000045,72.25,101951.25,3.3375,1.0,8,8
07630,2021-05-30,0.0,20.48750000000002,15.400000000000034,25.80000000000001,66.625,101823.75,2.45,0.0,8,8
07630,2021-05-31,0.0,21.30000000000002,15.5,27.700000000000045,64.75,101447.5,4.525,0.0,8,8
07630,2021-06-01,1.2,19.12500000000003,16.200000000000045,24.200000000000045,73.125,101146.25,6.625,1.0,8,8
07630,2021-06-02,0.0,19.300000000000033,15.600000000000023,24.700000000000045,76.75,101526.25,5.475,0.0,8,8
07630,2021-06-03,0.0,20.837500000000006,17.0,25.5,69.5,101876.25,6.1375,0.0,8,8
07630,2021-06-04,8.9,16.83750000000002,15.100000000000023,18.400000000000034,88.625,102315.0,2.975,1.0,8,8
07630,2021-06-05,0.2,17.68750000000002,13.5,22.30000000000001,74.625,102516.25,3.1625,0.0,8,8
07630,2021-06-06,0.0,18.987500000000026,13.200000000000045,24.100000000000023,64.125,102247.5,4.2875,0.0,8,8
07630,2021-06-07,0.6,20.200000000000017,14.5,26.100000000000023,63.5,102203.75,3.7375,0.0,8,8
07630,2021-06-08,1.2,21.600000000000023,13.600000000000023,28.0,59.0,102137.5,2.4250000000000003,1.0,8,8
07630,2021-06-09,0.0,22.30000000000002,14.900000000000034,28.30000000000001,60.75,102153.75,4.025,0.0,8,8
07630,2021-06-10,0.0,23.450000000000017,17.700000000000045,29.0,59.125,102018.75,3.5625,0.0,8,8
07630,2021-06-11,0.0,24.07500000000003,19.900000000000034,28.200000000000045,58.875,101843.75,4.125,0.0,8,8
07630,2021-06-12,0.0,22.087500000000027,17.30000000000001,27.900000000000034,73.375,102176.25,3.325,0.0,8,8
07630,2021-06-13,0.0,26.275000000000027,18.30000000000001,33.400000000000034,57.5,102028.75,2.4250000000000003,0.0,8,8
07630,2021-06-14,0.0,26.850000000000023,18.600000000000023,33.400000000000034,54.125,101807.5,3.45,0.0,8,8
07630,2021-06-15,0.0,27.31250000000003,21.200000000000045,31.900000000000034,54.25,101713.75,2.9375,0.0,8,8
07630,2021-06-16,0.4,26.67500000000002,21.100000000000023,32.80000000000001,57.125,101126.25,4.9624999999999995,,8,7
07630,2021-06-17,13.6,21.225000000000016,19.0,23.5,80.0,101078.75,3.9875,,8,7
07630,2021-06-18,0.0,22.962500000000027,16.80000000000001,29.100000000000023,70.125,101336.25,3.0875,0.0,8,8
07630,2021-06-19,0.0,23.83750000000002,20.5,28.900000000000034,72.0,101212.5,5.2,0.0,8,8
07630,2021-06-20,1.2000000000000002,20.78750000000003,18.900000000000034,25.900000000000034,80.625,100758.75,3.0875,1.0,8,8
07630,2021-06-21,7.9,20.25000000000003,16.400000000000034,26.30000000000001,77.375,100866.25,3.4125,1.0,8,8
07630,2021-06-22,4.8,18.45000000000003,14.800000000000011,24.900000000000034,77.0,101501.25,3.425,1.0,8,8
07630,2021-06-23,8.9,16.587500000000034,15.100000000000023,19.80000000000001,86.0,101926.25,4.175,1.0,8,8
07630,2021-06-24,3.4000000000000004,18.162500000000023,14.5,23.0,73.375,102257.5,4.85,1.0,8,8
07630,2021-06-25,0.0,20.962500000000027,15.800000000000011,25.700000000000045,61.875,102102.5,1.7999999999999998,0.0,8,8
07630,2021-06-26,1.2,22.912500000000023,16.600000000000023,30.5,62.0,101448.75,3.775,1.0,8,8
07630,2021-06-27,3.0,18.500000000000014,17.100000000000023,20.5,89.75,101343.75,2.625,1.0,8,8
07630,2021-06-28,0.2,18.42500000000002,14.0,23.0,71.875,101647.5,3.7,0.0,8,8
07630,2021-06-29,0.6,18.287500000000016,15.0,21.600000000000023,70.25,101872.5,6.4875,0.0,8,8
07630,2021-06-30,0.0,19.237500000000026,15.300000000000011,24.200000000000045,66.375,101940.0,2.825,0.0,8,8
07630,2021-07-01,0.0,21.75000000000002,14.300000000000011,27.80000000000001,62.875,101773.75,2.3375,0.0,8,8
07630,2021-07-02,0.0,25.45000000000003,20.0,30.80000000000001,58.125,101590.0,2.025,0.0,8,8
07630,2021-07-03,11.3,22.81250000000002,20.5,25.30000000000001,73.75,101558.75,2.5875,1.0,8,8
07630,2021-07-04,19.8,21.362500000000026,18.700000000000045,24.0,76.625,101502.5,3.4375,1.0,8,8
07630,2021-07-05,0.2,23.86250000000001,17.5,31.0,67.125,101183.75,3.7,0.0,8,8
07630,2021-07-06,5.8999999999999995,19.87500000000003,18.200000000000045,21.700000000000045,83.25,101162.5,4.15,,8,4
07630,2021-07-07,0.4,18.857142857142872,15.900000000000034,23.400000000000034,77.85714285714286,101841.42857142857,4.1625,,8,6
07630,2021-07-08,0.2,18.787500000000016,15.0,23.900000000000034,71.375,102446.25,3.7,0.0,8,8
07630,2021-07-09,0.0,20.61250000000002,14.5,25.5,63.0,102293.75,1.725,0.0,8,8
07630,2021-07-10,0.0,21.18750000000002,16.200000000000045,26.30000000000001,69.375,101831.25,3.175,0.0,8,8
07630,2021-07-11,0.0,23.262500000000024,15.5,30.30000000000001,62.375,101466.25,3.125,0.0,8,8
07630,2021-07-12,4.6,17.925000000000026,14.800000000000011,21.600000000000023,82.75,101448.75,5.125,1.0,8,8
07630,2021-07-13,5.4,15.46250000000002,13.600000000000023,17.100000000000023,87.5,101868.75,7.025,1.0,8,8
07630,2021-07-14,4.2,16.72500000000003,15.100000000000023,18.80000000000001,87.625,102141.25,6.8,1.0,8,8
07630,2021-07-15,0.0,18.100000000000016,15.300000000000011,21.80000000000001,76.75,102278.75,4.35,0.0,8,8
07630,2021-07-16,0.0,20.850000000000016,14.600000000000023,26.100000000000023,69.25,102135.0,3.6125,0.0,8,8
07630,2021-07-17,0.0,22.43750000000003,16.700000000000045,27.700000000000045,67.375,101993.75,3.05,0.0,8,8
07630,2021-07-18,0.0,24.08750000000002,17.900000000000034,29.30000000000001,65.875,101646.25,4.2125,0.0,8,8
07630,2021-07-19,0.0,24.800000000000026,19.200000000000045,30.5,64.125,101406.25,2.7,0.0,8,8
07630,2021-07-20,0.0,26.35000000000003,18.900000000000034,33.80000000000001,62.125,101363.75,2.425,0.0,8,8
07630,2021-07-21,0.0,24.650000000000027,20.400000000000034,29.900000000000034,74.75,101765.0,2.6875,0.0,8,8
07630,2021-07-22,0.0,28.512500000000017,21.100000000000023,35.400000000000034,57.75,101537.5,3.0875,0.0,8,8
07630,2021-07-23,0.0,26.58750000000002,22.400000000000034,34.0,59.75,101047.5,4.9375,0.0,8,8
07630,2021-07-24,0.0,22.56250000000003,19.600000000000023,25.80000000000001,64.0,101258.75,4.225,0.0,8,8
07630,2021-07-25,0.0,21.40000000000002,16.5,25.900000000000034,66.75,101311.25,3.8125,0.0,8,8
07630,2021-07-26,0.0,22.012500000000017,18.100000000000023,27.0,64.125,101572.5,3.3625,0.0,8,8
07630,2021-07-27,0.0,22.200000000000024,16.100000000000023,28.0,67.0,101507.5,3.15,0.0,8,8
07630,2021-07-28,29.1,20.012500000000017,16.80000000000001,22.600000000000023,80.5,101775.0,2.675,1.0,8,8
07630,2021-07-29,0.0,23.46250000000002,18.5,28.400000000000034,67.25,101503.75,2.3875,0.0,8,8
07630,2021-07-30,3.7,20.700000000000017,19.600000000000023,22.30000000000001,79.625,101478.75,4.0625,1.0,8,8
07630,2021-07-31,7.5,16.20000000000003,14.400000000000034,18.900000000000034,87.25,101570.0,4.175,1.0,8,8
07630,2021-08-01,0.2,17.975000000000016,14.600000000000023,22.700000000000045,75.5,101663.75,4.9875,0.0,8,8
07630,2021-08-02,0.0,19.237500000000026,13.300000000000011,24.900000000000034,69.125,101770.0,1.725,0.0,8,8
07630,2021-08-03,0.6000000000000001,19.875000000000014,16.5,24.600000000000023,73.0,101657.5,2.575,0.0,8,8
07630,2021-08-04,9.600000000000001,19.862500000000026,17.700000000000045,25.0,78.875,101472.5,4.875,1.0,8,8
07630,2021-08-05,0.6000000000000001,21.65000000000002,16.400000000000034,27.0,69.625,101471.25,2.975,0.0,8,8
07630,2021-08-06,0.2,20.06250000000002,17.600000000000023,22.400000000000034,75.0,101235.0,2.2125,0.0,8,8
07630,2021-08-07,0.2,19.38750000000004,17.200000000000045,22.700000000000045,77.625,101017.5,4.2375,0.0,8,8
07630,2021-08-08,0.0,19.037500000000023,14.200000000000045,23.100000000000023,68.75,101768.75,2.5625,0.0,8,8
07630,2021-08-09,0.0,22.13750000000003,14.600000000000023,29.400000000000034,62.875,101736.25,1.9625,0.0,8,8
07630,2021-08-10,0.0,24.787500000000016,18.0,30.700000000000045,58.5,101667.5,2.425,0.0,8,8
07630,2021-08-11,0.0,26.67500000000002,20.5,32.80000000000001,64.5,101708.75,2.4125,0.0,8,8
07630,2021-08-12,1.4,27.387500000000024,21.80000000000001,34.400000000000034,68.375,101737.5,3.25,1.0,8,8
07630,2021-08-13,0.0,23.950000000000017,20.5,27.700000000000045,77.0,102253.75,2.75,0.0,8,8
07630,2021-08-14,0.2,27.93750000000003,20.600000000000023,35.900000000000034,69.625,101792.5,1.9125,0.0,8,8
07630,2021-08-15,0.0,23.71250000000002,21.80000000000001,25.600000000000023,77.375,101901.25,5.0375,0.0,8,8
07630,2021-08-16,0.0,20.625000000000014,17.400000000000034,23.900000000000034,68.625,102250.0,5.7875,0.0,8,8
07630,2021-08-17,0.0,20.18750000000002,16.100000000000023,23.30000000000001,62.75,102373.75,6.1875,0.0,8,8
07630,2021-08-18,0.0,19.05000000000002,15.5,23.30000000000001,61.875,102162.5,4.125,0.0,8,8
07630,2021-08-19,0.0,20.12500000000002,15.5,25.5,64.625,101733.75,3.0125,0.0,8,8
07630,2021-08-20,0.0,23.050000000000026,15.700000000000045,31.5,61.875,101552.5,2.4375,0.0,8,8
07630,2021-08-21,0.0,23.775000000000013,17.80000000000001,29.0,67.625,101771.25,3.575,0.0,8,8
07630,2021-08-22,0.0,22.000000000000014,19.0,24.200000000000045,73.875,102240.0,3.8125,0.0,8,8
07630,2021-08-23,0.0,21.825000000000024,17.700000000000045,26.5,62.0,102103.75,3.8375,0.0,8,8
07630,2021-08-24,0.0,21.137500000000024,15.300000000000011,27.0,60.625,101725.0,2.8125,0.0,8,8
07630,2021-08-25,0.0,22.61250000000002,15.200000000000045,29.400000000000034,57.875,101396.25,2.0125,0.0,8,8
07630,2021-08-26,0.0,23.850000000000023,16.600000000000023,30.900000000000034,55.625,101410.0,2.85,0.0,8,8
07630,2021-08-27,0.0,21.56250000000002,17.5,26.600000000000023,59.0,101501.25,4.35,0.0,8,8
07630,2021-08-28,0.0,19.825000000000024,13.600000000000023,25.5,54.375,101677.5,3.525,0.0,8,8
07630,2021-08-29,0.0,19.86250000000002,12.800000000000011,26.400000000000034,54.75,101628.75,3.2125,0.0,8,8
07630,2021-08-30,0.0,20.387500000000017,12.900000000000034,26.80000000000001,57.875,101507.5,2.575,0.0,8,8
07630,2021-08-31,0.0,21.337500000000027,15.0,28.100000000000023,54.125,101761.25,2.5125,0.0,8,8
07630,2021-09-01,0.0,22.18750000000003,16.100000000000023,28.80000000000001,52.25,101751.25,3.8625,0.0,8,8
07630,2021-09-02,0.0,21.82500000000003,18.900000000000034,24.700000000000045,68.625,101686.25,5.6625,0.0,8,8
07630,2021-09-03,0.0,22.300000000000026,19.200000000000045,27.80000000000001,70.5,101660.0,3.0,0.0,8,8
07630,2021-09-04,0.0,22.65000000000002,18.400000000000034,29.30000000000001,70.75,101591.25,2.0625,0.0,8,8
07630,2021-09-05,0.0,24.825000000000024,16.600000000000023,33.0,61.0,101651.25,1.6375,0.0,8,8
07630,2021-09-06,0.0,24.975000000000023,18.5,32.200000000000045,64.5,101818.75,4.1875,0.0,8,8
07630,2021-09-07,0.0,25.425000000000033,21.900000000000034,30.700000000000045,72.75,101575.0,7.3,0.0,8,8
07630,2021-09-08,6.0,24.73750000000002,22.200000000000045,28.5,75.25,101227.5,6.7,1.0,8,8
07630,2021-09-09,33.699999999999996,21.087500000000034,18.200000000000045,26.700000000000045,84.625,101406.25,2.4,1.0,8,8
07630,2021-09-10,1.6,21.325000000000024,18.30000000000001,25.80000000000001,80.0,101713.75,2.0625,1.0,8,8
07630,2021-09-11,0.0,22.087500000000027,17.900000000000034,26.600000000000023,71.125,101873.75,2.025,0.0,8,8
07630,2021-09-12,0.0,23.225000000000023,16.900000000000034,29.200000000000045,66.375,101568.75,1.6625,0.0,8,8
07630,2021-09-13,0.2,23.150000000000027,18.100000000000023,28.80000000000001,72.25,101352.5,4.9125,0.0,8,8
07630,2021-09-14,0.4,24.25000000000002,22.30000000000001,28.0,81.25,101185.0,4.5125,0.0,8,8
07630,2021-09-15,6.300000000000001,22.83750000000002,18.700000000000045,27.30000000000001,78.25,101333.75,3.125,1.0,8,8
07630,2021-09-16,2.4000000000000004,19.737500000000026,17.700000000000045,23.400000000000034,85.625,101785.0,3.7625,1.0,8,8
07630,2021-09-17,0.0,19.862500000000026,16.600000000000023,24.100000000000023,72.25,101608.75,2.5749999999999997,0.0,8,8
07630,2021-09-18,5.199999999999999,16.500000000000014,15.100000000000023,18.80000000000001,90.875,101616.25,3.1999999999999997,1.0,8,8
07630,2021-09-19,0.2,16.82500000000004,13.200000000000045,21.900000000000034,77.75,101971.25,6.1875,0.0,8,8
07630,2021-09-20,5.300000000000001,16.037500000000023,14.100000000000023,19.5,82.625,102198.75,4.675,1.0,8,8
07630,2021-09-21,1.8,15.162500000000023,13.200000000000045,18.200000000000045,85.75,102541.25,3.325,1.0,8,8
07630,2021-09-22,0.2,18.20000000000003,12.200000000000045,24.0,74.375,102310.0,1.6375,0.0,8,8
07630,2021-09-23,0.0,19.50000000000002,13.800000000000011,24.700000000000045,71.25,102096.25,1.275,0.0,8,8
07630,2021-09-24,0.2,19.925000000000026,13.5,25.700000000000045,66.125,101757.5,2.2875,0.0,8,8
07630,2021-09-25,1.8,21.73750000000002,18.30000000000001,27.30000000000001,75.25,101440.0,5.0625,1.0,8,8
07630,2021-09-26,1.5999999999999999,19.312500000000014,15.400000000000034,24.30000000000001,78.875,101951.25,1.9875,1.0,8,8
07630,2021-09-27,0.2,18.47500000000003,15.0,23.200000000000045,80.25,102121.25,3.5375,0.0,8,8
07630,2021-09-28,0.0,18.25000000000002,15.100000000000023,21.700000000000045,63.75,102236.25,2.7,0.0,8,8
07630,2021-09-29,2.6,17.65000000000002,15.200000000000045,20.80000000000001,79.5,102660.0,4.1875,1.0,8,8
07630,2021-09-30,0.0,16.350000000000023,12.700000000000045,19.100000000000023,80.5,102695.0,2.7,0.0,8,8
07630,2021-10-01,0.0,15.375000000000021,8.0,24.100000000000023,75.125,102133.75,1.8375,0.0,8,8
07630,2021-10-02,0.0,18.387500000000024,11.700000000000045,25.0,72.5,101358.75,4.7,0.0,8,8
07630,2021-10-03,16.1,17.387500000000017,12.800000000000011,20.80000000000001,83.5,100952.5,5.6125,1.0,8,8
07630,2021-10-04,1.2,14.650000000000027,10.800000000000011,19.600000000000023,79.25,101912.5,2.85,1.0,8,8
07630,2021-10-05,3.4,13.312500000000021,10.100000000000023,16.200000000000045,91.875,101821.25,3.6375,1.0,8,8
07630,2021-10-06,0.2,14.525000000000027,12.300000000000011,17.900000000000034,77.75,102608.75,4.225,0.0,8,8
07630,2021-10-07,0.0,13.012500000000024,7.400000000000034,19.600000000000023,73.25,102545.0,2.6,0.0,8,8
07630,2021-10-08,0.0,12.400000000000013,7.300000000000011,17.80000000000001,76.875,102257.5,2.1875,0.0,8,8
07630,2021-10-09,0.0,13.350000000000023,9.300000000000011,16.700000000000045,80.125,102277.5,1.7000000000000002,0.0,8,8
07630,2021-10-10,0.0,15.562500000000028,12.900000000000034,18.80000000000001,72.5,102401.25,2.5,0.0,8,8
07630,2021-10-11,0.0,12.700000000000031,6.7000000000000455,18.80000000000001,77.75,102492.5,2.4125,0.0,8,8
07630,2021-10-12,0.0,11.737500000000026,6.7000000000000455,18.30000000000001,76.5,102258.75,2.85,0.0,8,8
07630,2021-10-13,0.6,11.950000000000031,6.7000000000000455,17.700000000000045,70.25,102426.25,2.875,0.0,8,8
07630,2021-10-14,0.0,12.03750000000003,4.5,20.700000000000045,67.5,102307.5,2.525,0.0,8,8
07630,2021-10-15,0.0,13.687500000000021,6.5,21.0,73.375,101935.0,2.8375,0.0,8,8
07630,2021-10-16,0.0,14.58750000000002,10.5,19.100000000000023,74.5,101923.75,2.025,0.0,8,8
07630,2021-10-17,0.0,13.875000000000028,7.2000000000000455,20.600000000000023,75.75,101881.25,3.0125,0.0,8,8
07630,2021-10-18,0.0,15.112500000000018,9.200000000000045,23.200000000000045,79.375,102321.25,2.0375,0.0,8,8
07630,2021-10-19,0.0,17.525000000000027,12.600000000000023,21.700000000000045,79.875,102351.25,5.4375,0.0,8,8
07630,2021-10-20,0.0,19.737500000000026,16.80000000000001,24.100000000000023,76.75,101740.0,6.1499999999999995,0.0,8,8
07630,2021-10-21,1.0,16.487500000000026,13.400000000000034,19.0,71.25,101953.75,4.25,0.0,8,8
07630,2021-10-22,1.0,12.425000000000018,9.400000000000034,14.600000000000023,90.75,102273.75,2.9125,0.0,8,8
07630,2021-10-23,0.0,11.087500000000013,7.800000000000011,17.0,75.5,102431.25,1.4375,0.0,8,8
07630,2021-10-24,0.0,10.550000000000026,2.1000000000000227,20.80000000000001,75.625,102320.0,1.5375,0.0,8,8
07630,2021-10-25,0.0,11.887500000000024,4.600000000000023,18.900000000000034,71.25,102306.25,1.7625000000000002,0.0,8,8
07630,2021-10-26,0.0,13.112500000000018,9.200000000000045,18.5,80.875,102553.75,2.0,0.0,8,8
07630,2021-10-27,0.0,11.78750000000003,6.900000000000034,20.400000000000034,81.625,102283.75,1.5,0.0,8,8
07630,2021-10-28,0.0,14.775000000000027,7.400000000000034,20.100000000000023,74.75,101590.0,5.7125,0.0,8,8
07630,2021-10-29,0.0,16.56250000000002,13.100000000000023,20.5,74.75,100912.5,5.2125,0.0,8,8
07630,2021-10-30,0.0,17.587500000000027,15.400000000000034,21.100000000000023,75.375,100490.0,3.3000000000000003,0.0,8,8
07630,2021-10-31,14.299999999999999,16.675000000000026,13.700000000000045,20.600000000000023,86.5,100782.5,4.35,1.0,8,8
07630,2021-11-01,8.9,12.362500000000033,9.100000000000023,14.200000000000045,88.75,101045.0,4.7625,1.0,8,8
07630,2021-11-02,3.6,13.050000000000018,9.5,18.30000000000001,75.0,100751.25,4.725,1.0,8,8
07630,2021-11-03,7.3,9.58750000000002,7.600000000000023,12.100000000000023,85.25,100571.25,5.275,1.0,8,8
07630,2021-11-04,0.0,8.325000000000031,6.2000000000000455,11.100000000000023,86.375,101443.75,3.0875,0.0,8,8
07630,2021-11-05,0.2,7.262500000000024,4.7000000000000455,10.400000000000034,90.375,102465.0,3.6,0.0,8,8
07630,2021-11-06,0.0,6.800000000000026,4.100000000000023,9.400000000000034,87.0,103030.0,4.375,0.0,8,8
07630,2021-11-07,0.2,8.437500000000028,6.400000000000034,10.600000000000023,81.875,102792.5,5.1375,0.0,8,8
07630,2021-11-08,0.8,10.53750000000003,9.400000000000034,12.100000000000023,84.125,102280.0,5.5249999999999995,0.0,8,8
07630,2021-11-09,0.0,6.850000000000016,4.800000000000011,10.0,86.25,102362.5,2.8375,0.0,8,8
07630,2021-11-10,1.5999999999999999,6.08750000000002,2.0,10.100000000000023,90.625,102278.75,1.825,1.0,8,8
07630,2021-11-11,1.2,9.075000000000017,7.5,12.400000000000034,95.25,102192.5,1.175,1.0,8,8
07630,2021-11-12,0.0,10.250000000000028,7.800000000000011,11.800000000000011,94.625,102048.75,2.65,0.0,8,8
07630,2021-11-13,1.0,11.72500000000003,10.400000000000034,13.600000000000023,94.25,102111.25,2.2875,0.0,8,8
07630,2021-11-14,2.0,10.862500000000026,9.400000000000034,11.700000000000045,93.125,101907.5,4.9875,1.0,8,8
07630,2021-11-15,0.0,9.912500000000037,8.600000000000023,12.100000000000023,86.375,102090.0,4.85,0.0,8,8
07630,2021-11-16,0.0,8.787500000000023,7.900000000000034,10.300000000000011,87.625,102315.0,3.2375,0.0,8,8
07630,2021-11-17,0.0,7.8625000000000185,7.0,8.5,85.75,102656.25,4.4875,0.0,8,8
07630,2021-11-18,0.0,9.262500000000024,5.400000000000034,12.5,77.375,103006.25,2.9125,0.0,8,8
07630,2021-11-19,0.0,7.087500000000013,1.400000000000034,14.100000000000023,84.875,102940.0,1.55,0.0,8,8
07630,2021-11-20,0.0,7.33750000000002,0.6000000000000227,14.800000000000011,86.125,102380.0,1.275,0.0,8,8
07630,2021-11-21,1.2,9.312500000000021,5.800000000000011,13.600000000000023,89.75,101501.25,2.1625,1.0,8,8
07630,2021-11-22,0.0,6.650000000000027,4.400000000000034,8.5,86.875,101410.0,2.425,0.0,8,8
07630,2021-11-23,0.6,6.187500000000021,1.7000000000000455,11.100000000000023,93.25,101658.75,1.425,0.0,8,8
07630,2021-11-24,12.4,9.112500000000026,7.800000000000011,11.100000000000023,95.625,101303.75,2.3125,1.0,8,8
07630,2021-11-25,2.9,8.712500000000013,7.5,11.300000000000011,88.75,100733.75,2.7,1.0,8,8
07630,2021-11-26,1.2000000000000002,5.937500000000021,4.0,7.100000000000023,85.75,100902.5,5.6125,1.0,8,8
07630,2021-11-27,7.0,6.325000000000024,4.400000000000034,7.800000000000011,85.125,100107.5,6.65,1.0,8,8
07630,2021-11-28,0.2,4.66250000000003,3.7000000000000455,5.900000000000034,79.25,100882.5,7.4,0.0,8,8
07630,2021-11-29,0.0,2.8625000000000114,1.3000000000000114,4.800000000000011,87.5,101715.0,3.625,0.0,8,8
07630,2021-11-30,0.0,0.6250000000000213,-1.8999999999999773,3.0,98.125,102738.75,1.4125,0.0,8,8
07630,2021-12-01,4.6000000000000005,7.137500000000024,2.8000000000000114,12.0,91.375,101571.25,4.4125,1.0,8,8
07630,2021-12-02,1.6,6.462500000000027,5.2000000000000455,7.2000000000000455,85.375,101191.25,6.1375,1.0,8,8
07630,2021-12-03,0.2,6.300000000000033,1.7000000000000455,10.200000000000045,82.5,102030.0,4.475,0.0,8,8
07630,2021-12-04,5.8,10.40000000000002,8.200000000000045,11.600000000000023,86.5,101516.25,7.05,1.0,8,8
07630,2021-12-05,5.0,5.942857142857179,5.2000000000000455,7.100000000000023,84.57142857142857,101368.57142857143,7.285714285714286,,7,7
07630,2021-12-06,0.4,7.857142857142882,5.2000000000000455,10.5,82.42857142857143,102040.0,5.442857142857143,,7,7
07630,2021-12-07,1.0,8.112500000000018,5.300000000000011,9.5,89.5,101465.0,4.4625,,8,7
07630,2021-12-08,12.3,6.025000000000013,3.8000000000000114,8.400000000000034,88.375,100800.0,6.6625,1.0,8,8
07630,2021-12-09,1.6,5.012500000000017,3.3000000000000114,7.400000000000034,87.0,101386.25,4.4625,1.0,8,8
07630,2021-12-10,20.5,8.737500000000026,6.800000000000011,12.200000000000045,88.625,100938.75,7.55,1.0,8,8
07630,2021-12-11,0.2,7.40000000000002,5.0,9.900000000000034,82.5,102291.25,4.225,0.0,8,8
07630,2021-12-12,0.0,6.500000000000014,2.7000000000000455,11.5,90.625,102827.5,1.525,0.0,8,8
07630,2021-12-13,0.0,6.437500000000014,2.3000000000000114,14.5,92.125,102550.0,1.6,0.0,8,8
07630,2021-12-14,0.0,5.712500000000034,0.30000000000001137,13.700000000000045,88.5,102786.25,0.9875,0.0,8,8
07630,2021-12-15,0.0,4.925000000000026,0.6000000000000227,11.300000000000011,89.5,102833.75,1.3625,0.0,8,8
07630,2021-12-16,0.0,5.225000000000023,-0.5,12.800000000000011,87.5,103010.0,1.075,0.0,8,8
07630,2021-12-17,0.4,6.1125000000000185,-0.39999999999997726,11.0,85.375,102931.25,4.925,0.0,8,8
07630,2021-12-18,0.0,6.625000000000028,-0.0999999999999659,13.700000000000045,83.875,102872.5,2.9,0.0,8,8
07630,2021-12-19,0.0,6.71250000000002,2.3000000000000114,13.5,86.75,102631.25,2.125,0.0,8,8
07630,2021-12-20,0.0,3.450000000000024,-0.19999999999998863,9.700000000000045,91.5,102166.25,1.275,0.0,8,8
07630,2021-12-21,0.0,3.587500000000027,-0.5999999999999659,8.800000000000011,88.875,102021.25,3.0749999999999997,0.0,8,8
07630,2021-12-22,0.0,7.650000000000027,4.7000000000000455,11.100000000000023,80.25,101983.75,5.775,0.0,8,8
07630,2021-12-23,0.0,10.212500000000027,8.900000000000034,11.400000000000034,87.25,101773.75,6.225,0.0,8,8
07630,2021-12-24,0.0,10.075000000000017,9.5,12.0,88.625,101098.75,5.25,0.0,8,8
07630,2021-12-25,0.0,8.95000000000001,6.300000000000011,11.800000000000011,92.375,100607.5,1.975,0.0,8,8
07630,2021-12-26,0.0,8.450000000000017,5.300000000000011,13.100000000000023,88.375,100888.75,1.8499999999999999,0.0,8,8
07630,2021-12-27,6.1,11.400000000000027,8.0,15.100000000000023,86.625,100751.25,3.1125,1.0,8,8
07630,2021-12-28,2.6,12.787500000000023,10.600000000000023,14.200000000000045,88.625,101406.25,6.0875,1.0,8,8
07630,2021-12-29,0.2,15.33750000000002,13.900000000000034,16.900000000000034,79.625,102191.25,5.3125,0.0,8,8
07630,2021-12-30,0.0,10.512500000000024,8.900000000000034,12.800000000000011,98.125,102462.5,1.3250000000000002,0.0,8,8
07630,2021-12-31,0.0,9.300000000000018,3.400000000000034,18.5,88.5,102566.25,1.5374999999999999,0.0,8,8
07630,2022-01-01,0.0,7.875000000000028,2.1000000000000227,16.200000000000045,89.25,102662.5,1.7,0.0,8,8
07630,2022-01-02,0.0,8.787500000000023,4.400000000000034,15.600000000000023,90.5,102765.0,2.4625,0.0,8,8
07630,2022-01-03,0.0,8.35000000000003,4.600000000000023,14.900000000000034,91.375,102378.75,1.5625,0.0,8,8
07630,2022-01-04,4.2,9.250000000000014,4.300000000000011,14.600000000000023,89.375,101005.0,3.675,1.0,8,8
07630,2022-01-05,2.3,5.700000000000024,3.7000000000000455,8.200000000000045,83.125,101746.25,4.9875,1.0,8,8
07630,2022-01-06,0.0,2.950000000000024,0.30000000000001137,6.800000000000011,73.875,102351.25,2.9499999999999997,0.0,8,8
07630,2022-01-07,0.8,3.2500000000000284,-1.6999999999999886,9.100000000000023,85.375,102667.5,3.225,0.0,8,8
07630,2022-01-08,1.4000000000000001,8.887500000000031,7.7000000000000455,10.0,85.5,102262.5,7.6,1.0,8,8
07630,2022-01-09,17.3,8.72500000000003,8.200000000000045,9.100000000000023,91.625,101522.5,6.8875,1.0,8,8
07630,2022-01-10,33.1,7.837500000000027,7.100000000000023,8.600000000000023,97.25,101841.25,2.6875,1.0,8,8
07630,2022-01-11,0.0,5.85000000000003,4.100000000000023,8.400000000000034,87.625,102862.5,3.65,0.0,8,8
07630,2022-01-12,0.0,2.275000000000013,-0.39999999999997726,5.800000000000011,89.25,103380.0,2.125,0.0,8,8
07630,2022-01-13,0.0,-0.14999999999997016,-1.2999999999999545,1.400000000000034,97.625,103641.25,1.4625,0.0,8,8
07630,2022-01-14,0.0,0.8000000000000114,-3.0,7.5,87.5,103426.25,1.1875,0.0,8,8
07630,2022-01-15,0.0,1.71250000000002,-3.0,9.300000000000011,81.75,102875.0,1.3625,0.0,8,8
07630,2022-01-16,0.0,1.1625000000000227,-3.0,7.900000000000034,86.875,103256.25,1.575,0.0,8,8
07630,2022-01-17,0.0,-0.5874999999999773,-1.6999999999999886,0.7000000000000455,99.625,103688.75,1.575,0.0,8,8
07630,2022-01-18,0.0,0.4875000000000256,-0.39999999999997726,1.6000000000000227,99.875,103421.25,1.375,0.0,8,8
07630,2022-01-19,0.0,4.312500000000021,1.2000000000000455,7.5,90.875,103398.75,2.7125,0.0,8,8
07630,2022-01-20,0.0,4.9875000000000185,3.1000000000000227,6.5,89.0,103148.75,2.7375,0.0,8,8
07630,2022-01-21,0.0,2.337500000000034,0.10000000000002274,5.2000000000000455,80.375,103235.0,4.1,0.0,8,8
07630,2022-01-22,0.0,1.1875000000000213,-3.5,7.100000000000023,78.75,103378.75,1.75,0.0,8,8
07630,2022-01-23,0.0,2.137500000000024,-3.8999999999999773,8.900000000000034,80.125,102942.5,1.8875,0.0,8,8
07630,2022-01-24,0.0,6.325000000000024,2.900000000000034,12.5,75.25,102916.25,3.6624999999999996,0.0,8,8
07630,2022-01-25,0.0,4.050000000000011,-1.3999999999999773,13.0,84.5,103330.0,1.1,0.0,8,8
07630,2022-01-26,0.0,3.000000000000014,-2.7999999999999545,11.0,84.625,103288.75,1.4625,0.0,8,8
07630,2022-01-27,0.0,0.9500000000000242,-3.1999999999999886,6.7000000000000455,91.75,103312.5,1.7375,0.0,8,8
07630,2022-01-28,0.0,0.2500000000000213,-2.1999999999999886,2.5,96.75,103781.25,2.025,0.0,8,8
07630,2022-01-29,0.0,0.8375000000000128,0.10000000000002274,1.8000000000000114,97.75,103838.75,1.575,0.0,8,8
07630,2022-01-30,0.0,0.7500000000000142,-0.5,2.400000000000034,98.875,103383.75,2.1625,0.0,8,8
07630,2022-01-31,0.8,5.537500000000023,2.0,8.400000000000034,94.375,102998.75,6.2625,0.0,8,8
07630,2022-02-01,0.0,6.350000000000023,2.6000000000000227,8.800000000000011,78.125,103332.5,6.387499999999999,0.0,8,8
07630,2022-02-02,0.0,8.525000000000027,7.800000000000011,9.400000000000034,91.5,103041.25,4.2625,0.0,8,8
07630,2022-02-03,0.0,5.800000000000033,2.6000000000000227,8.900000000000034,96.0,102308.75,1.925,0.0,8,8
07630,2022-02-04,0.2,9.825000000000024,7.600000000000023,12.400000000000034,86.625,102273.75,2.45,0.0,8,8
07630,2022-02-05,0.0,8.08750000000002,5.0,9.600000000000023,82.75,102827.5,4.125,0.0,8,8
07630,2022-02-06,0.0,5.212500000000034,-0.7999999999999545,10.200000000000045,78.0,103153.75,3.5,0.0,8,8
07630,2022-02-07,0.6000000000000001,9.325000000000031,7.400000000000034,11.700000000000045,84.5,103160.0,6.3625,0.0,8,8
07630,2022-02-08,0.0,7.537500000000023,1.8000000000000114,14.600000000000023,73.5,103266.25,1.4125,0.0,8,8
07630,2022-02-09,0.0,8.925000000000018,3.8000000000000114,15.0,64.875,102993.75,4.3125,0.0,8,8
07630,2022-02-10,0.0,9.787500000000023,3.0,17.900000000000034,75.375,102768.75,1.7875,0.0,8,8
07630,2022-02-11,0.0,9.375000000000021,6.100000000000023,11.5,80.875,102881.25,2.9625,0.0,8,8
07630,2022-02-12,0.0,6.65000000000002,1.8000000000000114,12.900000000000034,80.375,102573.75,3.4375,0.0,8,8
07630,2022-02-13,0.0,11.112500000000026,8.100000000000023,15.5,75.625,101646.25,6.6875,0.0,8,8
07630,2022-02-14,9.7,8.837500000000027,7.2000000000000455,10.5,84.125,101435.0,5.8125,1.0,8,8
07630,2022-02-15,1.4000000000000001,8.550000000000033,6.400000000000034,11.200000000000045,81.625,102410.0,6.6375,1.0,8,8
07630,2022-02-16,0.0,11.000000000000021,8.300000000000011,13.400000000000034,81.125,102325.0,6.5125,0.0,8,8
07630,2022-02-17,0.2,13.000000000000021,11.600000000000023,15.5,86.125,102523.75,6.0,0.0,8,8
07630,2022-02-18,0.0,12.050000000000018,8.600000000000023,16.900000000000034,82.5,101861.25,3.125,0.0,8,8
07630,2022-02-19,0.2,9.200000000000024,6.900000000000034,12.100000000000023,73.0,102572.5,4.25,0.0,8,8
07630,2022-02-20,0.0,7.912500000000016,2.8000000000000114,13.700000000000045,81.75,102896.25,4.1625,0.0,8,8
07630,2022-02-21,0.8,11.15000000000002,10.0,13.400000000000034,72.625,102702.5,8.925,0.0,8,8
07630,2022-02-22,0.0,10.537500000000016,7.5,14.300000000000011,72.25,103152.5,4.925,0.0,8,8
07630,2022-02-23,0.0,9.887500000000017,3.900000000000034,15.800000000000011,71.625,102631.25,1.8,0.0,8,8
07630,2022-02-24,0.0,10.737500000000033,8.300000000000011,14.100000000000023,78.75,102287.5,5.2875,0.0,8,8
07630,2022-02-25,0.0,8.075000000000031,5.7000000000000455,11.600000000000023,66.625,103001.25,4.3875,0.0,8,8
07630,2022-02-26,0.0,6.40000000000002,-0.6999999999999886,14.400000000000034,59.875,102601.25,3.575,0.0,8,8
07630,2022-02-27,0.0,8.237500000000026,1.400000000000034,15.900000000000034,68.625,102352.5,1.975,0.0,8,8
07630,2022-02-28,0.0,10.950000000000017,4.900000000000034,16.80000000000001,67.375,102672.5,1.6,0.0,8,8
07630,2022-03-01,0.0,8.90000000000002,2.5,15.800000000000011,71.125,102561.25,4.5875,0.0,8,8
07630,2022-03-02,13.5,9.72500000000003,8.100000000000023,12.200000000000045,87.125,102186.25,4.45,1.0,8,8
07630,2022-03-03,0.4,10.950000000000024,6.800000000000011,16.600000000000023,81.25,101665.0,2.0,0.0,8,8
07630,2022-03-04,3.0,9.28750000000003,7.600000000000023,10.200000000000045,92.125,101842.5,5.7,1.0,8,8
07630,2022-03-05,0.8,8.02500000000002,6.800000000000011,10.700000000000045,83.625,101945.0,5.125,0.0,8,8
07630,2022-03-06,0.0,7.58750000000002,6.100000000000023,10.100000000000023,76.0,101803.75,3.5125,0.0,8,8
07630,2022-03-07,0.0,6.025000000000027,0.4000000000000341,12.900000000000034,79.0,101673.75,2.9875,0.0,8,8
07630,2022-03-08,24.5,9.437500000000028,5.7000000000000455,14.0,77.625,101636.25,4.3875,1.0,8,8
07630,2022-03-09,3.6,9.85000000000003,4.400000000000034,15.300000000000011,83.375,102105.0,4.7,1.0,8,8
07630,2022-03-10,0.0,11.825000000000024,9.700000000000045,14.800000000000011,76.375,101917.5,5.1875,0.0,8,8
07630,2022-03-11,0.0,12.237500000000018,10.600000000000023,13.900000000000034,73.125,101265.0,6.4375,0.0,8,8
07630,2022-03-12,13.7,9.600000000000016,8.5,11.0,88.75,101443.75,4.6625,1.0,8,8
07630,2022-03-13,8.7,9.450000000000024,6.600000000000023,10.700000000000045,83.0,101460.0,5.9875,1.0,8,8
07630,2022-03-14,0.2,9.725000000000016,4.300000000000011,13.300000000000011,82.125,102008.75,8.6625,0.0,8,8
07630,2022-03-15,0.0,13.412500000000023,12.700000000000045,14.5,79.0,102080.0,12.4125,0.0,8,8
07630,2022-03-16,0.0,13.225000000000009,12.300000000000011,14.800000000000011,80.125,101977.5,8.45,0.0,8,8
07630,2022-03-17,0.6000000000000001,12.425000000000026,11.200000000000045,14.600000000000023,91.125,102438.75,3.425,0.0,8,8
07630,2022-03-18,0.0,10.225000000000023,8.800000000000011,12.200000000000045,81.625,102818.75,2.7125,0.0,8,8
07630,2022-03-19,0.0,11.912500000000023,9.5,15.100000000000023,66.5,102717.5,6.3125,0.0,8,8
07630,2022-03-20,0.0,12.400000000000027,9.700000000000045,15.200000000000045,72.125,102450.0,8.2,0.0,8,8
07630,2022-03-21,0.0,12.612500000000018,10.300000000000011,15.0,66.5,102477.5,10.4125,0.0,8,8
07630,2022-03-22,0.0,11.675000000000011,9.5,15.0,54.75,102556.25,9.9,0.0,8,8
07630,2022-03-23,0.0,11.53750000000003,8.800000000000011,15.300000000000011,56.375,102546.25,8.6,0.0,8,8
07630,2022-03-24,0.0,11.587500000000027,6.900000000000034,17.200000000000045,61.0,102457.5,5.7875,0.0,8,8
07630,2022-03-25,0.0,12.83750000000002,8.900000000000034,18.600000000000023,49.0,102241.25,5.1499999999999995,0.0,8,8
07630,2022-03-26,0.0,12.212500000000027,6.0,17.900000000000034,47.25,102181.25,5.1375,0.0,8,8
07630,2022-03-27,0.0,13.850000000000023,6.300000000000011,20.80000000000001,44.75,102395.0,3.975,0.0,8,8
07630,2022-03-28,0.0,14.275000000000013,9.5,19.80000000000001,45.25,102038.75,4.125,0.0,8,8
07630,2022-03-29,0.0,13.287500000000023,10.0,17.600000000000023,67.5,101122.5,4.3625,0.0,8,8
07630,2022-03-30,3.2,10.65000000000002,9.900000000000034,11.800000000000011,89.125,100517.5,3.3,1.0,8,8
07630,2022-03-31,5.6,9.912500000000023,8.200000000000045,13.5,83.125,100278.75,6.3625,1.0,8,8
07630,2022-04-01,1.4,4.725000000000023,2.6000000000000227,7.0,65.875,101187.5,9.3625,1.0,8,8
07630,2022-04-02,0.0,4.125000000000021,1.7000000000000455,7.7000000000000455,65.5,101800.0,7.3125,0.0,8,8
07630,2022-04-03,0.0,3.3500000000000227,-0.0999999999999659,6.0,64.875,102120.0,3.6,0.0,8,8
07630,2022-04-04,0.0,4.937500000000021,-1.0,10.600000000000023,61.0,102203.75,2.3,0.0,8,8
07630,2022-04-05,0.0,7.625000000000028,-0.8999999999999773,15.200000000000045,59.375,101832.5,2.8375,0.0,8,8
07630,2022-04-06,0.0,10.000000000000014,8.5,11.900000000000034,78.75,101430.0,4.35,0.0,8,8
07630,2022-04-07,0.2,13.737500000000018,8.300000000000011,19.5,68.125,101475.0,6.25,0.0,8,8
07630,2022-04-08,1.7999999999999998,14.937500000000014,11.0,21.100000000000023,72.875,101258.75,4.8125,1.0,8,8
07630,2022-04-09,0.0,10.762500000000024,8.200000000000045,14.300000000000011,64.25,101875.0,5.625,0.0,8,8
07630,2022-04-10,0.0,10.725000000000023,3.1000000000000227,19.200000000000045,61.5,101730.0,4.725,0.0,8,8
07630,2022-04-11,0.0,13.52500000000002,10.800000000000011,17.0,71.875,101035.0,10.925,0.0,8,8
07630,2022-04-12,0.0,13.825000000000017,12.300000000000011,16.200000000000045,71.875,101001.25,10.525,0.0,8,8
07630,2022-04-13,1.0,12.662500000000023,11.600000000000023,13.400000000000034,89.125,101617.5,4.225,0.0,8,8
07630,2022-04-14,0.0,14.15000000000002,7.900000000000034,22.100000000000023,79.5,102025.0,1.7874999999999999,0.0,8,8
07630,2022-04-15,0.0,15.437500000000021,10.0,21.80000000000001,77.75,102245.0,3.5124999999999997,0.0,8,8
07630,2022-04-16,0.0,16.600000000000023,11.100000000000023,22.5,71.0,102176.25,4.8875,0.0,8,8
07630,2022-04-17,0.0,16.512500000000024,10.700000000000045,22.200000000000045,66.375,101893.75,4.7125,0.0,8,8
07630,2022-04-18,0.0,13.862500000000018,11.5,17.30000000000001,73.5,101812.5,4.325,0.0,8,8
07630,2022-04-19,2.6,11.412500000000023,9.5,13.0,87.5,101423.75,3.725,1.0,8,8
07630,2022-04-20,9.5,10.16250000000003,8.800000000000011,11.700000000000045,88.125,100970.0,3.15,1.0,8,8
07630,2022-04-21,6.9,10.812500000000021,9.0,12.900000000000034,91.75,100763.75,3.3,1.0,8,8
07630,2022-04-22,0.0,13.800000000000018,10.5,17.900000000000034,79.5,100015.0,2.7,0.0,8,8
07630,2022-04-23,11.9,10.987500000000033,8.900000000000034,14.300000000000011,86.5,99545.0,3.35,1.0,8,8
07630,2022-04-24,9.9,13.037500000000023,9.600000000000023,16.400000000000034,81.375,100772.5,7.3375,1.0,8,8
07630,2022-04-25,0.0,12.837500000000027,7.100000000000023,17.600000000000023,74.875,101437.5,2.1625,0.0,8,8
07630,2022-04-26,0.0,15.725000000000023,8.400000000000034,22.600000000000023,62.875,101395.0,2.125,0.0,8,8
07630,2022-04-27,0.0,16.47500000000003,10.700000000000045,20.900000000000034,63.125,101555.0,3.8,0.0,8,8
07630,2022-04-28,0.0,15.612500000000033,14.100000000000023,17.400000000000034,83.375,102271.25,2.8375,0.0,8,8
07630,2022-04-29,0.0,16.950000000000024,13.400000000000034,21.100000000000023,75.75,102573.75,3.55,0.0,8,8
07630,2022-04-30,0.0,16.987500000000026,13.800000000000011,21.200000000000045,69.125,102275.0,5.0,0.0,8,8
07630,2022-05-01,0.0,15.587500000000013,11.800000000000011,20.0,69.875,101971.25,3.8125,0.0,8,8
07630,2022-05-02,0.0,15.487500000000018,12.100000000000023,19.400000000000034,73.375,101533.75,3.3249999999999997,0.0,8,8
07630,2022-05-03,0.2,15.40000000000002,11.600000000000023,20.400000000000034,76.125,101571.25,2.725,0.0,8,8
07630,2022-05-04,0.0,15.287500000000016,13.0,19.0,77.875,101932.5,3.0375,0.0,8,8
07630,2022-05-05,0.0,16.175000000000026,11.700000000000045,20.600000000000023,63.125,102257.5,5.65,0.0,8,8
07630,2022-05-06,0.0,16.325000000000017,11.400000000000034,21.0,61.5,102387.5,5.7875,0.0,8,8
07630,2022-05-07,0.0,17.187500000000036,11.700000000000045,22.700000000000045,65.75,102265.0,5.6625,0.0,8,8
07630,2022-05-08,0.0,18.700000000000024,14.200000000000045,23.30000000000001,63.5,102096.25,4.6375,0.0,8,8
07630,2022-05-09,0.0,19.725000000000016,12.0,26.100000000000023,58.0,102175.0,1.75,0.0,8,8
07630,2022-05-10,0.0,20.58750000000002,12.800000000000011,27.900000000000034,57.25,102073.75,2.5375,0.0,8,8
07630,2022-05-11,0.0,21.225000000000023,13.900000000000034,28.900000000000034,57.625,101751.25,4.1,0.0,8,8
07630,2022-05-12,0.0,19.587500000000034,15.100000000000023,25.200000000000045,71.5,102058.75,2.9625,0.0,8,8
07630,2022-05-13,0.0,20.25000000000002,15.300000000000011,25.100000000000023,67.75,102152.5,2.2125,0.0,8,8
07630,2022-05-14,0.0,22.725000000000023,14.800000000000011,30.200000000000045,63.25,101732.5,3.15,0.0,8,8
07630,2022-05-15,0.0,21.675000000000026,17.600000000000023,26.700000000000045,60.625,101366.25,6.475,0.0,8,8
07630,2022-05-16,0.0,22.450000000000017,16.0,28.700000000000045,61.375,101828.75,2.6375,0.0,8,8
07630,2022-05-17,0.0,24.60000000000003,17.400000000000034,31.200000000000045,55.375,101771.25,3.4125,0.0,8,8
07630,2022-05-18,0.0,25.93750000000002,20.30000000000001,33.200000000000045,48.0,101755.0,3.575,0.0,8,8
07630,2022-05-19,0.0,22.862500000000026,19.600000000000023,26.900000000000034,67.0,101948.75,7.725,0.0,8,8
07630,2022-05-20,0.0,24.2714285714286,19.0,30.30000000000001,59.0,102032.85714285714,6.357142857142857,,8,7
07630,2022-05-21,0.0,28.325000000000017,23.5,31.600000000000023,48.5,101560.0,4.35,,8,4
07630,2022-05-22,0.0,25.02500000000002,19.100000000000023,29.80000000000001,58.875,101001.25,3.75,0.0,8,8
07630,2022-05-23,0.2,18.975000000000023,16.600000000000023,23.100000000000023,73.375,101097.5,4.8625,0.0,8,8
07630,2022-05-24,1.4,14.850000000000016,12.800000000000011,18.0,76.75,101443.75,4.1,1.0,8,8
07630,2022-05-25,0.0,15.925000000000018,12.0,20.5,67.875,102141.25,5.8,0.0,8,8
07630,2022-05-26,0.0,15.925000000000026,12.200000000000045,18.80000000000001,72.75,102718.75,4.325,0.0,8,8
07630,2022-05-27,0.0,19.58750000000002,14.0,24.30000000000001,64.375,102418.75,4.4375,0.0,8,8
07630,2022-05-28,0.0,20.40000000000002,14.200000000000045,26.600000000000023,57.875,101668.75,4.6,0.0,8,8
07630,2022-05-29,0.0,19.550000000000026,13.600000000000023,25.30000000000001,42.125,100951.25,3.9125,0.0,8,8
07630,2022-05-30,0.0,19.287500000000023,11.400000000000034,25.80000000000001,48.625,100861.25,2.5375,0.0,8,8
07630,2022-05-31,0.8,21.112500000000026,15.400000000000034,26.600000000000023,54.25,101358.75,2.725,0.0,8,8
07630,2022-06-01,0.0,23.950000000000024,17.5,31.100000000000023,54.625,101228.75,2.9125,0.0,8,8
07630,2022-06-02,0.0,21.85000000000003,18.900000000000034,27.0,71.875,101318.75,5.1375,0.0,8,8
07630,2022-06-03,1.8,23.81250000000002,19.100000000000023,30.5,66.75,101235.0,4.85,1.0,8,8
07630,2022-06-04,1.6,21.50000000000003,17.700000000000045,25.600000000000023,81.5,101428.75,2.3375000000000004,1.0,8,8
07630,2022-06-05,1.2000000000000002,20.550000000000026,16.900000000000034,24.700000000000045,73.5,101973.75,3.8625,1.0,8,8
07630,2022-06-06,0.0,22.46250000000002,16.700000000000045,28.5,63.0,101882.5,2.1,0.0,8,8
07630,2022-06-07,0.0,20.575000000000024,17.900000000000034,24.0,66.0,101941.25,3.875,0.0,8,8
07630,2022-06-08,1.0,18.00000000000003,15.900000000000034,21.30000000000001,83.625,101601.25,3.5375,,8,5
07630,2022-06-09,0.0,18.887500000000017,14.0,22.900000000000034,65.5,102201.25,5.125,0.0,8,8
07630,2022-06-10,0.0,21.62500000000002,13.300000000000011,29.0,57.625,102237.5,2.65,0.0,8,8
07630,2022-06-11,0.0,24.912500000000023,15.300000000000011,33.400000000000034,49.625,102053.75,2.625,0.0,8,8
07630,2022-06-12,0.0,24.737500000000033,19.80000000000001,30.200000000000045,62.0,102028.75,2.8875,0.0,8,8
07630,2022-06-13,1.8,25.775000000000013,19.30000000000001,31.400000000000034,62.75,101883.75,3.1875,1.0,8,8
07630,2022-06-14,0.0,28.43750000000003,20.600000000000023,36.60000000000002,49.875,101400.0,4.05,0.0,8,8
07630,2022-06-15,0.0,29.162500000000023,22.100000000000023,36.400000000000034,45.0,101580.0,2.4375,0.0,8,8
07630,2022-06-16,0.0,30.150000000000027,22.0,37.400000000000034,48.125,101751.25,2.075,0.0,8,8
07630,2022-06-17,0.0,30.637500000000024,21.200000000000045,38.400000000000034,45.125,101833.75,2.25,0.0,8,8
07630,2022-06-18,0.0,29.287500000000016,24.5,35.10000000000002,42.75,101326.25,5.95,0.0,8,8
07630,2022-06-19,0.0,27.825000000000024,22.400000000000034,34.5,55.625,100695.0,6.1875,0.0,8,8
07630,2022-06-20,0.0,24.18750000000003,20.600000000000023,30.700000000000045,67.875,101028.75,4.0375,0.0,8,8
07630,2022-06-21,1.2000000000000002,23.15000000000002,20.100000000000023,28.5,78.125,101045.0,3.1625,1.0,8,8
07630,2022-06-22,0.0,24.075000000000017,19.900000000000034,28.0,63.25,100901.25,3.875,0.0,8,8
07630,2022-06-23,8.0,22.062500000000014,18.100000000000023,27.5,71.625,101108.75,2.6625,1.0,8,8
07630,2022-06-24,13.0,20.42500000000002,15.300000000000011,24.900000000000034,71.625,101413.75,2.7875,1.0,8,8
07630,2022-06-25,0.0,21.300000000000033,17.100000000000023,26.600000000000023,67.75,101193.75,4.7125,0.0,8,8
07630,2022-06-26,2.2,16.925000000000026,15.200000000000045,18.600000000000023,86.0,101432.5,3.975,1.0,8,8
07630,2022-06-27,4.4,15.937500000000021,15.0,17.0,88.25,102023.75,3.8625,1.0,8,8
07630,2022-06-28,0.0,21.00000000000003,16.30000000000001,26.200000000000045,60.25,101942.5,3.925,0.0,8,8
07630,2022-06-29,0.2,22.15000000000002,14.300000000000011,28.600000000000023,59.625,101483.75,2.475,0.0,8,8
07630,2022-06-30,1.7999999999999998,16.637500000000017,14.900000000000034,18.5,80.5,101668.75,4.275,1.0,8,8
07630,2022-07-01,0.2,18.637500000000024,13.800000000000011,23.900000000000034,64.125,102085.0,2.45,0.0,8,8
07630,2022-07-02,0.0,22.662500000000023,12.800000000000011,31.30000000000001,53.5,101876.25,2.575,0.0,8,8
07630,2022-07-03,0.2,24.162500000000023,19.200000000000045,30.200000000000045,59.875,101887.5,3.8375,0.0,8,8
07630,2022-07-04,0.0,21.925000000000026,17.100000000000023,26.600000000000023,70.5,101982.5,4.525,0.0,8,8
07630,2022-07-05,0.0,24.71250000000002,19.80000000000001,29.900000000000034,56.5,102111.25,4.175,0.0,8,8
07630,2022-07-06,0.0,23.975000000000023,19.5,29.600000000000023,48.125,102222.5,4.3,0.0,8,8
07630,2022-07-07,0.0,23.86250000000002,18.100000000000023,29.600000000000023,56.125,102493.75,6.55,0.0,8,8
07630,2022-07-08,0.0,24.112500000000026,18.200000000000045,30.0,54.0,102567.5,4.7125,0.0,8,8
07630,2022-07-09,0.0,25.375000000000036,17.200000000000045,32.200000000000045,46.75,102277.5,3.025,0.0,8,8
07630,2022-07-10,0.0,26.68750000000002,17.700000000000045,33.700000000000045,44.0,101795.0,2.8249999999999997,0.0,8,8
07630,2022-07-11,0.0,28.12500000000002,18.5,36.0,42.75,101500.0,2.6875,0.0,8,8
07630,2022-07-12,0.0,28.975000000000016,21.100000000000023,36.10000000000002,40.875,101806.25,3.0749999999999997,0.0,8,8
07630,2022-07-13,0.0,28.837500000000013,20.0,36.5,38.125,101916.25,2.575,0.0,8,8
07630,2022-07-14,0.0,29.700000000000024,21.600000000000023,37.10000000000002,46.625,101842.5,2.975,0.0,8,8
07630,2022-07-15,0.0,28.825000000000024,21.200000000000045,35.80000000000001,43.75,101687.5,3.4625,0.0,8,8
07630,2022-07-16,0.0,29.387500000000024,20.0,37.5,41.25,101610.0,2.675,0.0,8,8
07630,2022-07-17,0.0,30.175000000000026,20.700000000000045,39.30000000000001,38.125,101700.0,2.95,0.0,8,8
07630,2022-07-18,0.0,30.96250000000002,24.400000000000034,37.60000000000002,35.875,101547.5,6.0375,0.0,8,8
07630,2022-07-19,0.0,27.962500000000034,23.900000000000034,33.900000000000034,58.875,101470.0,4.275,0.0,8,8
07630,2022-07-20,0.0,25.450000000000017,21.80000000000001,29.100000000000023,54.375,102052.5,4.2125,0.0,8,8
07630,2022-07-21,0.0,26.48750000000002,19.600000000000023,33.0,51.25,101956.25,2.6125,0.0,8,8
07630,2022-07-22,0.0,25.850000000000023,22.30000000000001,29.700000000000045,56.375,101763.75,5.0,0.0,8,8
07630,2022-07-23,0.2,23.787500000000023,19.100000000000023,29.30000000000001,55.875,102078.75,3.4,0.0,8,8
07630,2022-07-24,0.0,27.98750000000002,18.0,37.900000000000034,49.75,101581.25,2.4625,0.0,8,8
07630,2022-07-25,0.2,24.287500000000023,20.400000000000034,27.700000000000045,64.375,101896.25,5.7125,0.0,8,8
07630,2022-07-26,0.0,22.825000000000024,18.30000000000001,27.30000000000001,56.125,101943.75,5.5125,0.0,8,8
07630,2022-07-27,0.0,22.93750000000003,17.30000000000001,28.700000000000045,49.0,101632.5,3.35,0.0,8,8
07630,2022-07-28,0.0,23.350000000000016,18.100000000000023,29.100000000000023,52.875,101443.75,4.025,0.0,8,8
07630,2022-07-29,2.0,22.275000000000027,17.700000000000045,27.100000000000023,66.75,101770.0,3.1875,1.0,8,8
07630,2022-07-30,0.0,25.075000000000017,20.100000000000023,30.30000000000001,57.125,102033.75,3.6624999999999996,0.0,8,8
07630,2022-07-31,0.0,26.38750000000003,19.100000000000023,32.900000000000034,50.375,101930.0,3.1125,0.0,8,8
07630,2022-08-01,0.0,27.43750000000002,20.700000000000045,34.10000000000002,48.125,101787.5,3.825,0.0,8,8
07630,2022-08-02,0.0,28.700000000000017,21.0,36.5,41.375,101568.75,2.3625,0.0,8,8
07630,2022-08-03,0.0,28.98750000000002,19.30000000000001,37.5,41.25,101300.0,3.5,0.0,8,8
07630,2022-08-04,0.0,29.00000000000002,22.600000000000023,36.200000000000045,56.125,101358.75,3.05,0.0,8,8
07630,2022-08-05,0.0,26.450000000000024,21.600000000000023,32.30000000000001,59.125,101683.75,4.1125,0.0,8,8
07630,2022-08-06,0.0,26.91250000000003,20.200000000000045,32.80000000000001,53.5,101786.25,3.875,0.0,8,8
07630,2022-08-07,0.0,28.25000000000003,22.30000000000001,34.200000000000045,35.75,101550.0,4.2250000000000005,0.0,8,8
07630,2022-08-08,0.0,27.81250000000003,20.900000000000034,34.700000000000045,32.5,101595.0,2.9125,0.0,8,8
07630,2022-08-09,0.0,27.787500000000023,18.80000000000001,35.80000000000001,37.625,101702.5,2.6375,0.0,8,8
07630,2022-08-10,0.0,28.925000000000033,20.0,37.700000000000045,39.375,101496.25,2.45,0.0,8,8
07630,2022-08-11,0.0,29.575000000000024,23.700000000000045,36.10000000000002,57.125,101327.5,4.725,0.0,8,8
07630,2022-08-12,0.0,31.212500000000027,23.200000000000045,39.60000000000002,52.75,101133.75,2.7125,0.0,8,8
07630,2022-08-13,0.0,27.837500000000034,22.100000000000023,34.700000000000045,57.0,101098.75,3.2125,0.0,8,8
07630,2022-08-14,0.0,25.26250000000003,21.900000000000034,28.0,62.0,101013.75,5.1625,0.0,8,8
07630,2022-08-15,0.0,24.43750000000003,20.400000000000034,28.700000000000045,53.0,100983.75,3.1625,0.0,8,8
07630,2022-08-16,0.0,25.08750000000002,19.200000000000045,32.10000000000002,51.25,100715.0,4.0125,0.0,8,8
07630,2022-08-17,14.2,21.087500000000013,16.900000000000034,26.0,71.125,101176.25,4.0625,1.0,8,8
07630,2022-08-18,3.6,20.512500000000024,17.400000000000034,26.200000000000045,74.625,101601.25,5.8,1.0,8,8
07630,2022-08-19,0.0,21.57500000000003,17.400000000000034,25.900000000000034,66.25,102095.0,4.2125,0.0,8,8
07630,2022-08-20,0.0,23.712500000000027,16.700000000000045,30.400000000000034,60.5,101922.5,2.8375,0.0,8,8
07630,2022-08-21,0.0,24.600000000000023,20.5,28.400000000000034,57.875,101692.5,4.0875,0.0,8,8
07630,2022-08-22,0.0,22.31250000000003,19.900000000000034,25.80000000000001,71.75,101698.75,5.4624999999999995,0.0,8,8
07630,2022-08-23,0.0,25.00000000000003,20.700000000000045,29.80000000000001,62.875,101587.5,3.0,0.0,8,8
07630,2022-08-24,0.0,27.287500000000023,18.900000000000034,36.10000000000002,51.375,101298.75,2.2375,0.0,8,8
07630,2022-08-25,1.2,25.587500000000027,22.600000000000023,29.100000000000023,64.625,101570.0,4.3875,1.0,8,8
07630,2022-08-26,0.0,25.050000000000026,20.900000000000034,29.700000000000045,64.125,101607.5,4.65,0.0,8,8
07630,2022-08-27,0.0,24.86250000000002,18.900000000000034,30.900000000000034,58.125,101273.75,3.5125,0.0,8,8
07630,2022-08-28,0.0,26.787500000000023,18.600000000000023,34.5,47.0,101250.0,1.7625,0.0,8,8
07630,2022-08-29,0.6,25.45000000000003,20.80000000000001,33.60000000000002,58.375,101430.0,5.05,0.0,8,8
07630,2022-08-30,0.2,25.175000000000026,18.5,32.30000000000001,64.0,101627.5,2.725,0.0,8,8
07630,2022-08-31,0.0,24.162500000000016,19.80000000000001,27.400000000000034,65.125,101623.75,2.9125,0.0,8,8
07630,2022-09-01,0.0,23.737500000000026,19.600000000000023,28.700000000000045,66.0,101505.0,3.3125,0.0,8,8
07630,2022-09-02,0.0,24.05000000000001,19.80000000000001,28.30000000000001,61.25,101275.0,3.0125,0.0,8,8
07630,2022-09-03,1.0,23.00000000000003,18.5,26.900000000000034,67.5,101368.75,2.1125,0.0,8,8
07630,2022-09-04,0.0,25.48750000000002,20.200000000000045,32.10000000000002,67.0,101447.5,6.2625,0.0,8,8
07630,2022-09-05,0.0,26.80000000000002,23.0,33.400000000000034,69.375,101566.25,6.4375,0.0,8,8
07630,2022-09-06,0.0,26.900000000000034,22.100000000000023,33.10000000000002,56.625,101486.25,3.225,0.0,8,8
07630,2022-09-07,0.0,23.46250000000002,18.30000000000001,29.30000000000001,54.5,101402.5,3.275,0.0,8,8
07630,2022-09-08,0.0,21.512500000000024,15.600000000000023,26.200000000000045,59.0,101541.25,2.4000000000000004,0.0,8,8
07630,2022-09-09,4.0,19.350000000000023,16.900000000000034,23.5,73.0,101888.75,3.1,1.0,8,8
07630,2022-09-10,0.0,20.68750000000003,13.600000000000023,27.400000000000034,59.375,101962.5,2.3375,0.0,8,8
07630,2022-09-11,0.0,24.362500000000026,14.800000000000011,33.900000000000034,50.625,101513.75,2.5,0.0,8,8
07630,2022-09-12,0.0,24.975000000000023,20.900000000000034,29.80000000000001,65.125,101068.75,7.2125,0.0,8,8
07630,2022-09-13,0.0,25.850000000000016,23.0,29.0,72.5,100767.5,5.175,0.0,8,8
07630,2022-09-14,1.0,23.90000000000002,20.600000000000023,30.30000000000001,70.625,100753.75,3.475,0.0,8,8
07630,2022-09-15,0.0,23.975000000000016,19.30000000000001,28.900000000000034,61.25,101180.0,3.3625,0.0,8,8
07630,2022-09-16,0.0,21.58750000000002,19.30000000000001,26.600000000000023,63.125,101470.0,5.9125,0.0,8,8
07630,2022-09-17,0.0,17.837500000000027,14.300000000000011,22.400000000000034,48.125,101846.25,3.6750000000000003,0.0,8,8
07630,2022-09-18,0.0,16.912500000000023,9.5,24.900000000000034,41.125,101838.75,2.075,0.0,8,8
07630,2022-09-19,0.0,17.75000000000002,8.800000000000011,27.200000000000045,45.125,101770.0,3.1,0.0,8,8
07630,2022-09-20,0.0,17.737500000000026,9.700000000000045,26.200000000000045,45.375,101951.25,3.0124999999999997,0.0,8,8
07630,2022-09-21,0.0,17.71250000000002,9.900000000000034,25.100000000000023,50.875,101942.5,2.3375,0.0,8,8
07630,2022-09-22,0.0,18.275000000000013,10.100000000000023,26.30000000000001,53.75,101892.5,1.75,0.0,8,8
07630,2022-09-23,8.9,18.475000000000016,12.0,26.5,74.5,101686.25,3.7375,1.0,8,8
07630,2022-09-24,0.2,16.825000000000017,14.5,20.30000000000001,78.25,101532.5,3.7625,0.0,8,8
07630,2022-09-25,0.0,14.925000000000026,11.400000000000034,19.80000000000001,75.125,101597.5,3.2125,0.0,8,8
07630,2022-09-26,0.0,14.58750000000002,9.200000000000045,20.0,71.75,101460.0,4.65,0.0,8,8
07630,2022-09-27,5.0,14.887500000000024,13.5,17.5,83.875,101355.0,6.55,1.0,8,8
07630,2022-09-28,9.700000000000001,15.987500000000033,14.700000000000045,17.80000000000001,88.125,100888.75,7.0125,1.0,8,8
07630,2022-09-29,3.2,14.450000000000031,12.800000000000011,17.100000000000023,85.375,100535.0,5.15,1.0,8,8
07630,2022-09-30,0.2,13.987500000000026,11.0,19.100000000000023,74.125,101411.25,4.825,0.0,8,8
07630,2022-10-01,0.0,16.52500000000002,9.5,23.80000000000001,71.125,102358.75,3.825,0.0,8,8
07630,2022-10-02,0.0,17.36250000000002,11.100000000000023,24.0,77.75,102661.25,1.875,0.0,8,8
07630,2022-10-03,0.0,18.262500000000017,14.300000000000011,23.900000000000034,72.25,102313.75,1.5875,0.0,8,8
07630,2022-10-04,0.0,17.775000000000027,10.700000000000045,24.900000000000034,71.25,102143.75,1.4875,0.0,8,8
07630,2022-10-05,0.2,18.375000000000036,12.200000000000045,24.600000000000023,76.875,102311.25,4.4625,0.0,8,8
07630,2022-10-06,0.0,17.800000000000026,15.700000000000045,20.80000000000001,81.5,102870.0,2.275,0.0,8,8
07630,2022-10-07,0.2,17.71250000000002,11.900000000000034,23.80000000000001,78.625,102300.0,2.9375,0.0,8,8
07630,2022-10-08,0.0,18.600000000000023,16.200000000000045,22.900000000000034,79.875,102080.0,1.825,0.0,8,8
07630,2022-10-09,0.2,18.06250000000003,12.800000000000011,24.5,75.75,101683.75,3.6,0.0,8,8
07630,2022-10-10,0.0,19.675000000000026,15.600000000000023,25.0,73.875,101715.0,4.8625,0.0,8,8
07630,2022-10-11,0.0,18.287500000000023,15.200000000000045,22.200000000000045,77.625,102056.25,1.7,0.0,8,8
07630,2022-10-12,0.2,17.71250000000002,13.800000000000011,23.400000000000034,76.5,102196.25,2.325,,8,7
07630,2022-10-13,0.0,17.92500000000002,12.700000000000045,22.700000000000045,73.625,102247.5,2.8875,0.0,8,8
07630,2022-10-14,0.4,18.775000000000034,15.600000000000023,22.700000000000045,79.75,102117.5,4.2375,0.0,8,8
07630,2022-10-15,0.2,17.91250000000003,10.800000000000011,27.400000000000034,76.75,101528.75,2.8375,0.0,8,8
07630,2022-10-16,0.0,21.18750000000002,17.80000000000001,25.900000000000034,76.75,101490.0,7.0375,0.0,8,8
07630,2022-10-17,0.0,22.02500000000002,20.200000000000045,25.100000000000023,74.875,102087.5,7.0375,0.0,8,8
07630,2022-10-18,0.0,21.93750000000003,19.400000000000034,26.5,75.5,102335.0,6.6,0.0,8,8
07630,2022-10-19,0.0,21.000000000000014,19.30000000000001,24.400000000000034,79.375,101702.5,6.9125,0.0,8,8
07630,2022-10-20,2.0,20.77500000000002,18.900000000000034,22.5,80.375,101247.5,4.7875,1.0,8,8
07630,2022-10-21,0.2,19.75000000000002,15.100000000000023,23.80000000000001,71.125,101112.5,2.4625,0.0,8,8
07630,2022-10-22,0.0,19.80000000000002,13.400000000000034,26.0,69.625,101356.25,3.4250000000000003,0.0,8,8
07630,2022-10-23,0.0,22.42500000000002,19.30000000000001,28.80000000000001,55.5,101052.5,6.6875,0.0,8,8
07630,2022-10-24,0.0,19.63750000000003,15.200000000000045,24.100000000000023,67.625,101586.25,2.1,0.0,8,8
07630,2022-10-25,0.0,17.862500000000026,12.600000000000023,25.200000000000045,73.625,101522.5,4.0625,0.0,8,8
07630,2022-10-26,0.2,18.037500000000023,13.300000000000011,23.600000000000023,85.25,101872.5,2.875,0.0,8,8
07630,2022-10-27,0.0,20.150000000000034,17.900000000000034,23.200000000000045,80.0,102187.5,7.025,0.0,8,8
07630,2022-10-28,0.0,20.600000000000016,18.900000000000034,23.80000000000001,75.0,102270.0,7.375,0.0,8,8
07630,2022-10-29,0.0,19.587500000000013,17.5,22.900000000000034,72.125,101956.25,7.575,0.0,8,8
07630,2022-10-30,0.0,19.62500000000002,17.5,22.80000000000001,72.375,101873.75,5.0625,0.0,8,8
07630,2022-10-31,0.0,20.37500000000002,16.400000000000034,25.30000000000001,72.375,101595.0,4.3625,0.0,8,8
07630,2022-11-01,5.9,16.85000000000003,14.900000000000034,19.600000000000023,74.625,102326.25,2.4625,1.0,8,8
07630,2022-11-02,0.0,15.937500000000021,13.300000000000011,19.900000000000034,70.625,102431.25,1.65,0.0,8,8
07630,2022-11-03,1.7999999999999998,15.412500000000023,12.800000000000011,19.600000000000023,79.25,101502.5,4.525,1.0,8,8
07630,2022-11-04,5.4,11.762500000000017,9.800000000000011,14.200000000000045,80.0,101685.0,7.1875,1.0,8,8
07630,2022-11-05,0.0,10.937500000000021,7.0,15.5,76.0,102291.25,2.325,0.0,8,8
07630,2022-11-06,0.0,10.862500000000011,2.8000000000000114,20.0,74.625,101816.25,2.6375,0.0,8,8
07630,2022-11-07,0.0,12.725000000000016,5.100000000000023,19.5,75.75,101788.75,3.8125,0.0,8,8
07630,2022-11-08,0.0,16.975000000000016,14.5,20.600000000000023,80.0,101330.0,4.675,0.0,8,8
07630,2022-11-09,0.6000000000000001,13.90000000000002,12.300000000000011,18.100000000000023,87.0,101740.0,3.6875,0.0,8,8
07630,2022-11-10,0.0,11.262500000000017,8.0,15.300000000000011,87.375,102691.25,1.25,0.0,8,8
07630,2022-11-11,0.0,14.52500000000002,6.5,20.900000000000034,80.875,102703.75,5.625,0.0,8,8
07630,2022-11-12,0.0,17.600000000000023,15.0,20.80000000000001,73.125,102590.0,6.25,0.0,8,8
07630,2022-11-13,0.0,14.000000000000021,7.400000000000034,20.0,74.25,101957.5,3.0875,0.0,8,8
07630,2022-11-14,0.8,14.887500000000024,12.800000000000011,17.80000000000001,84.5,101611.25,3.8000000000000003,0.0,8,8
07630,2022-11-15,5.1,14.587500000000027,11.300000000000011,17.600000000000023,85.125,100897.5,4.2875,1.0,8,8
07630,2022-11-16,0.0,13.60000000000003,10.100000000000023,18.200000000000045,78.625,100605.0,2.275,0.0,8,8
07630,2022-11-17,6.6,13.937500000000028,11.900000000000034,17.700000000000045,81.875,100470.0,4.2,1.0,8,8
07630,2022-11-18,1.0,11.125000000000014,9.5,13.800000000000011,83.125,101108.75,5.0875,0.0,8,8
07630,2022-11-19,1.4,8.40000000000002,7.2000000000000455,9.200000000000045,89.875,101553.75,5.6625,1.0,8,8
07630,2022-11-20,2.2,8.237500000000033,2.400000000000034,12.900000000000034,87.625,102010.0,3.375,1.0,8,8
07630,2022-11-21,13.4,9.712500000000027,8.400000000000034,12.400000000000034,92.125,100943.75,4.85,1.0,8,8
07630,2022-11-22,6.0,8.137500000000017,6.5,10.300000000000011,86.125,100872.5,5.762499999999999,1.0,8,8
07630,2022-11-23,23.6,11.612500000000033,8.700000000000045,16.200000000000045,85.625,100898.75,4.6625000000000005,1.0,8,8
07630,2022-11-24,0.2,9.437500000000028,5.2000000000000455,13.900000000000034,84.75,101737.5,1.6624999999999999,0.0,8,8
07630,2022-11-25,5.4,9.087500000000006,7.0,10.800000000000011,93.125,102357.5,4.075,1.0,8,8
07630,2022-11-26,0.0,6.22500000000003,3.400000000000034,10.400000000000034,93.875,103007.5,1.6125,0.0,8,8
07630,2022-11-27,0.0,7.5375000000000085,1.5,11.800000000000011,86.625,102230.0,4.0625,0.0,8,8
07630,2022-11-28,0.8,10.08750000000002,9.0,12.0,85.875,101897.5,5.575,0.0,8,8
07630,2022-11-29,0.0,8.575000000000024,4.800000000000011,11.5,88.625,102037.5,4.15,0.0,8,8
07630,2022-11-30,0.0,4.262500000000017,3.0,5.100000000000023,94.375,101993.75,1.2750000000000001,0.0,8,8
07630,2022-12-01,0.0,4.875000000000021,3.400000000000034,6.0,90.625,102077.5,2.25,0.0,8,8
07630,2022-12-02,0.0,5.812500000000028,5.100000000000023,7.0,85.0,101775.0,1.8125,0.0,8,8
07630,2022-12-03,0.0,5.700000000000024,4.100000000000023,7.400000000000034,82.5,100996.25,1.5875,0.0,8,8
07630,2022-12-04,0.0,3.9375000000000213,0.30000000000001137,7.7000000000000455,87.375,101181.25,1.8625,0.0,8,8
07630,2022-12-05,0.0,4.275000000000027,-0.8999999999999773,10.900000000000034,82.375,101782.5,1.85,0.0,8,8
07630,2022-12-06,0.0,7.325000000000024,2.900000000000034,11.0,71.125,101672.5,0.9,0.0,8,8
07630,2022-12-07,0.0,8.775000000000034,5.400000000000034,12.600000000000023,72.875,101513.75,1.0,0.0,8,8
07630,2022-12-08,0.4,6.887500000000024,3.5,9.200000000000045,89.125,100666.25,3.8,0.0,8,8
07630,2022-12-09,0.2,8.362500000000026,6.800000000000011,11.300000000000011,93.5,100030.0,2.3499999999999996,0.0,8,8
07630,2022-12-10,0.0,1.962500000000027,-3.099999999999966,7.800000000000011,83.5,101161.25,6.0249999999999995,0.0,8,8
07630,2022-12-11,0.0,-0.8499999999999801,-5.5,4.400000000000034,81.25,100990.0,1.3142857142857143,,8,7
07630,2022-12-12,3.4,2.200000000000017,-2.2999999999999545,5.5,86.25,100647.5,2.9625,1.0,8,8
07630,2022-12-13,4.2,7.300000000000026,4.400000000000034,10.300000000000011,93.125,100156.25,4.175,1.0,8,8
07630,2022-12-14,0.8,11.625000000000021,8.800000000000011,16.900000000000034,89.375,100226.25,2.9375,0.0,8,8
07630,2022-12-15,3.6,10.400000000000027,8.900000000000034,12.700000000000045,92.375,99812.5,2.7625,1.0,8,8
07630,2022-12-16,2.0,9.562500000000028,6.300000000000011,11.800000000000011,95.125,100747.5,2.6375,1.0,8,8
07630,2022-12-17,0.0,5.325000000000024,3.8000000000000114,7.0,89.5,101951.25,1.9,0.0,8,8
07630,2022-12-18,0.0,7.475000000000023,3.0,11.400000000000034,87.125,102465.0,3.875,0.0,8,8
07630,2022-12-19,0.0,12.96250000000002,10.100000000000023,16.100000000000023,80.125,102227.5,5.987500000000001,0.0,8,8
07630,2022-12-20,0.0,13.287500000000016,12.0,14.600000000000023,83.375,101882.5,5.325,0.0,8,8
07630,2022-12-21,0.8,12.850000000000016,10.5,17.30000000000001,83.75,102030.0,2.125,0.0,8,8
07630,2022-12-22,0.4,13.062500000000028,7.900000000000034,17.100000000000023,80.75,102205.0,2.425,0.0,8,8
07630,2022-12-23,0.0,13.275000000000027,9.300000000000011,18.200000000000045,83.125,102003.75,1.625,0.0,8,8
07630,2022-12-24,0.0,11.200000000000024,7.0,19.30000000000001,85.625,101913.75,1.6625,0.0,8,8
07630,2022-12-25,0.0,11.237500000000026,7.600000000000023,15.0,87.5,101742.5,3.7625,0.0,8,8
07630,2022-12-26,0.0,11.375000000000028,6.900000000000034,16.900000000000034,88.5,102571.25,2.1375,0.0,8,8
07630,2022-12-27,1.0,10.812500000000021,7.600000000000023,12.700000000000045,94.125,103007.5,1.275,0.0,8,8
07630,2022-12-28,0.0,8.787500000000023,4.800000000000011,13.200000000000045,91.75,102332.5,3.0875,0.0,8,8
07630,2022-12-29,1.6,10.750000000000028,8.700000000000045,14.200000000000045,88.125,101930.0,2.65,1.0,8,8
07630,2022-12-30,0.4,12.162500000000023,9.400000000000034,15.400000000000034,83.625,101812.5,4.3625,0.0,8,8
07630,2022-12-31,0.0,13.125000000000021,12.0,15.0,85.25,102135.0,6.5125,0.0,8,8
07630,2023-01-01,0.0,13.600000000000016,12.5,15.100000000000023,84.0,102126.25,7.5,0.0,8,8
07630,2023-01-02,0.4,12.40000000000002,10.300000000000011,13.900000000000034,82.375,102428.75,4.8375,0.0,8,8
07630,2023-01-03,0.0,9.637500000000024,6.100000000000023,12.700000000000045,87.875,103181.25,1.5,0.0,8,8
07630,2023-01-04,0.0,5.52500000000002,3.400000000000034,10.800000000000011,93.875,103523.75,1.2625,0.0,8,8
07630,2023-01-05,0.0,9.050000000000018,6.100000000000023,13.0,78.125,103085.0,0.975,0.0,8,8
07630,2023-01-06,0.0,7.250000000000021,4.2000000000000455,11.300000000000011,88.625,102560.0,1.5125,0.0,8,8
07630,2023-01-07,0.0,10.612500000000011,4.800000000000011,14.0,82.625,101768.75,5.85,0.0,8,8
07630,2023-01-08,6.6000000000000005,10.33750000000002,9.300000000000011,11.5,92.5,101132.5,3.625,1.0,8,8
07630,2023-01-09,7.2,8.812500000000021,7.900000000000034,10.400000000000034,82.375,101926.25,7.3,1.0,8,8
07630,2023-01-10,0.2,9.26250000000001,6.100000000000023,14.300000000000011,77.625,102708.75,2.3125,0.0,8,8
07630,2023-01-11,1.0,7.212500000000013,3.3000000000000114,11.800000000000011,91.625,102696.25,3.4625,0.0,8,8
07630,2023-01-12,0.0,7.400000000000027,2.6000000000000227,13.400000000000034,84.375,102861.25,2.2625,0.0,8,8
07630,2023-01-13,0.2,8.91250000000003,5.400000000000034,13.400000000000034,86.5,102698.75,4.2875,0.0,8,8
07630,2023-01-14,0.0,7.325000000000017,2.3000000000000114,13.700000000000045,87.625,102268.75,1.9625,0.0,8,8
07630,2023-01-15,0.4,6.712500000000034,4.100000000000023,9.200000000000045,87.125,101922.5,3.8,0.0,8,8
07630,2023-01-16,8.0,5.837500000000027,2.2000000000000455,8.5,86.625,100447.5,6.2875,1.0,8,8
07630,2023-01-17,21.4,5.437500000000021,3.7000000000000455,7.0,91.0,99278.75,6.8125,1.0,8,8
07630,2023-01-18,1.6,3.2375000000000256,1.3000000000000114,5.5,82.75,100416.25,5.8125,1.0,8,8
07630,2023-01-19,14.7,3.10000000000003,0.8000000000000114,6.2000000000000455,88.25,101126.25,4.8125,1.0,8,8
07630,2023-01-20,0.8,2.3125000000000213,0.20000000000004547,5.600000000000023,82.375,102126.25,4.9875,0.0,8,8
07630,2023-01-21,0.0,1.483333333333358,-1.099999999999966,3.5,81.33333333333333,102448.33333333333,5.175,,8,5
07630,2023-01-22,0.0,-0.4333333333333182,-0.6999999999999886,-0.19999999999998863,83.33333333333333,103063.33333333333,6.3375,,8,3
07630,2023-01-23,0.0,-0.012499999999981526,-0.6999999999999886,0.8000000000000114,85.75,102918.75,5.7375,0.0,8,8
07630,2023-01-24,0.0,1.8750000000000284,0.5,4.7000000000000455,79.5,103076.25,3.0125,0.0,8,8
07630,2023-01-25,0.0,0.3000000000000256,-2.3999999999999773,2.1000000000000227,88.25,103156.25,3.2375,0.0,8,8
07630,2023-01-26,0.0,2.02500000000002,1.2000000000000455,3.5,86.5,102322.5,5.025,0.0,8,8
07630,2023-01-27,0.0,2.1000000000000156,1.0,3.5,84.125,102130.0,6.375,0.0,8,8
07630,2023-01-28,0.0,3.337500000000027,3.0,3.8000000000000114,78.625,102457.5,5.7375,0.0,8,8
07630,2023-01-29,0.0,3.7000000000000313,2.400000000000034,5.7000000000000455,74.875,102907.5,3.3625,,8,7
07630,2023-01-30,0.0,3.6875000000000213,1.7000000000000455,6.7000000000000455,66.0,103213.75,3.3125,0.0,8,8
07630,2023-01-31,0.0,5.800000000000026,1.0,9.700000000000045,74.875,103322.5,2.075,0.0,8,8
07630,2023-02-01,0.0,6.700000000000027,5.2000000000000455,7.5,77.16666666666667,103280.0,2.65,,6,6
07630,2023-02-02,0.0,5.312500000000028,1.5,10.800000000000011,73.875,103472.5,2.25,0.0,8,8
07630,2023-02-03,0.0,3.72500000000003,-1.8999999999999773,11.5,78.125,103592.5,1.9125,0.0,8,8
07630,2023-02-04,0.0,4.4250000000000185,-1.2999999999999545,10.400000000000034,78.5,103636.25,3.25,0.0,8,8
07630,2023-02-05,0.0,6.914285714285735,3.2000000000000455,9.300000000000011,81.28571428571429,103821.42857142857,4.8428571428571425,,7,7
07630,2023-02-06,0.0,6.433333333333356,1.7000000000000455,11.300000000000011,61.333333333333336,103143.33333333333,1.8,,6,5
07630,2023-02-07,0.0,3.6166666666666836,-0.2999999999999545,7.800000000000011,78.33333333333333,102783.33333333333,4.228571428571429,,8,4
07630,2023-02-08,0.0,6.000000000000033,1.900000000000034,10.400000000000034,66.57142857142857,103051.42857142857,3.3375,,8,7
07630,2023-02-09,0.0,4.7000000000000295,-0.8999999999999773,10.200000000000045,71.57142857142857,103384.28571428571,1.742857142857143,0.0,8,8
07630,2023-02-10,0.0,3.275000000000027,-2.7999999999999545,11.300000000000011,71.875,103852.5,1.6625,0.0,8,8
07630,2023-02-11,0.0,3.9375000000000213,-3.2999999999999545,12.400000000000034,69.75,103520.0,2.7125,0.0,8,8
07630,2023-02-12,0.0,6.9250000000000185,1.900000000000034,13.600000000000023,67.75,103302.5,4.1625,0.0,8,8
07630,2023-02-13,0.0,7.500000000000033,0.7000000000000455,14.200000000000045,75.71428571428571,103378.57142857143,4.2625,,8,7
07630,2023-02-14,0.0,9.650000000000034,6.7000000000000455,13.700000000000045,74.25,103078.75,6.7125,0.0,8,8
07630,2023-02-15,0.0,10.10000000000003,6.400000000000034,14.900000000000034,75.125,102846.25,4.55,0.0,8,8
07630,2023-02-16,0.0,7.975000000000016,2.8000000000000114,16.5,76.5,103126.25,1.1,0.0,8,8
07630,2023-02-17,0.0,8.65000000000002,1.5,17.400000000000034,67.75,103316.25,1.4,0.0,8,8
07630,2023-02-18,0.0,9.775000000000027,2.900000000000034,18.5,73.75,103083.75,1.55,0.0,8,8
07630,2023-02-19,0.0,10.012500000000024,3.5,17.200000000000045,79.0,102940.0,2.2125,0.0,8,8
07630,2023-02-20,0.0,9.862500000000026,2.8000000000000114,18.900000000000034,77.5,102612.5,2.5125,0.0,8,8
07630,2023-02-21,0.0,11.425000000000026,8.800000000000011,14.800000000000011,77.125,101963.75,4.8875,0.0,8,8
07630,2023-02-22,1.6,11.075000000000017,9.200000000000045,14.300000000000011,87.375,101803.75,2.1625,1.0,8,8
07630,2023-02-23,1.4000000000000001,7.575000000000017,5.900000000000034,9.800000000000011,94.375,101160.0,2.7125,1.0,8,8
07630,2023-02-24,5.199999999999999,6.187500000000028,3.1000000000000227,11.5,80.25,100978.75,2.95,1.0,8,8
07630,2023-02-25,0.0,4.175000000000011,-0.5,8.100000000000023,83.875,100721.25,2.4375,0.0,8,8
07630,2023-02-26,0.0,5.812500000000028,2.3000000000000114,9.0,58.0,100927.5,7.4,0.0,8,8
07630,2023-02-27,0.0,1.1500000000000128,-1.0,3.0,68.75,101692.5,4.925,0.0,8,8
07630,2023-02-28,0.0,2.762500000000017,-0.0999999999999659,5.5,59.125,102297.5,5.1875,0.0,8,8
07630,2023-03-01,0.0,2.3000000000000185,-3.1999999999999886,7.100000000000023,58.0,102071.25,2.9375,0.0,8,8
07630,2023-03-02,0.0,3.9125000000000156,1.5,6.300000000000011,63.875,102007.5,4.475,0.0,8,8
07630,2023-03-03,0.0,5.550000000000026,2.7000000000000455,9.200000000000045,67.5,102261.25,2.6999999999999997,0.0,8,8
07630,2023-03-04,0.0,4.825000000000024,-0.2999999999999545,9.800000000000011,69.625,102346.25,2.2,0.0,8,8
07630,2023-03-05,0.0,6.050000000000026,-1.099999999999966,13.0,67.5,101685.0,2.4125,0.0,8,8
07630,2023-03-06,0.0,4.775000000000034,-0.2999999999999545,9.400000000000034,72.75,101238.75,2.225,0.0,8,8
07630,2023-03-07,3.4,4.675000000000026,-0.5999999999999659,9.900000000000034,86.5,100830.0,2.3875,1.0,8,8
07630,2023-03-08,0.2,12.387500000000024,6.0,20.600000000000023,76.25,100607.5,2.775,0.0,8,8
07630,2023-03-09,7.1,13.78750000000003,10.700000000000045,19.400000000000034,81.375,100861.25,3.4375,1.0,8,8
07630,2023-03-10,3.0,12.850000000000016,11.300000000000011,14.600000000000023,77.5,101341.25,7.6375,1.0,8,8
07630,2023-03-11,4.0,15.100000000000023,13.400000000000034,17.30000000000001,82.5,101465.0,8.95,1.0,8,8
07630,2023-03-12,0.7999999999999999,14.237500000000026,11.5,18.0,86.5,101945.0,3.025,0.0,8,8
07630,2023-03-13,3.0,15.075000000000024,10.400000000000034,20.600000000000023,78.375,101097.5,4.4,1.0,8,8
07630,2023-03-14,11.100000000000001,10.22500000000003,9.400000000000034,11.600000000000023,81.875,101701.25,8.475,1.0,8,8
07630,2023-03-15,1.7999999999999998,11.46250000000002,8.800000000000011,15.5,78.0,101986.25,4.5625,1.0,8,8
07630,2023-03-16,0.0,11.325000000000017,6.0,16.30000000000001,68.125,101356.25,6.875,0.0,8,8
07630,2023-03-17,0.0,12.96250000000002,11.800000000000011,14.400000000000034,74.125,101146.25,9.2,0.0,8,8
07630,2023-03-18,5.9,12.575000000000024,10.600000000000023,16.200000000000045,79.125,101451.25,3.95,1.0,8,8
07630,2023-03-19,2.6,12.362500000000026,10.100000000000023,16.400000000000034,82.0,102107.5,4.5625,1.0,8,8
07630,2023-03-20,0.0,11.550000000000026,7.7000000000000455,16.600000000000023,68.75,102246.25,2.2625,0.0,8,8
07630,2023-03-21,0.0,10.825000000000031,5.2000000000000455,17.100000000000023,74.125,101911.25,1.6875,0.0,8,8
07630,2023-03-22,0.0,13.200000000000031,4.300000000000011,22.200000000000045,64.625,101516.25,2.5,0.0,8,8
07630,2023-03-23,0.0,14.47500000000003,11.700000000000045,18.0,73.0,101257.5,6.8625,0.0,8,8
07630,2023-03-24,0.0,13.587500000000013,11.0,16.80000000000001,76.625,101623.75,5.075,0.0,8,8
07630,2023-03-25,0.0,12.900000000000027,8.200000000000045,18.30000000000001,64.0,102051.25,2.45,0.0,8,8
07630,2023-03-26,2.6,12.700000000000031,10.400000000000034,15.700000000000045,67.75,101621.25,8.8875,1.0,8,8
07630,2023-03-27,1.0,10.900000000000027,8.200000000000045,13.5,72.875,102425.0,5.175,0.0,8,8
07630,2023-03-28,0.0,11.33750000000002,4.300000000000011,19.5,61.875,102401.25,3.2375,0.0,8,8
07630,2023-03-29,0.0,14.062500000000028,7.100000000000023,22.100000000000023,61.375,102006.25,4.0875,0.0,8,8
07630,2023-03-30,0.0,15.162500000000023,9.100000000000023,19.900000000000034,71.625,101915.0,3.625,0.0,8,8
07630,2023-03-31,0.0,14.012500000000017,12.100000000000023,16.5,69.5,101747.5,6.6625000000000005,0.0,8,8
07630,2023-04-01,5.4,10.512500000000017,7.7000000000000455,13.900000000000034,75.625,101890.0,8.15,1.0,8,8
07630,2023-04-02,3.0,9.950000000000024,6.800000000000011,13.700000000000045,83.875,102223.75,5.9125,1.0,8,8
07630,2023-04-03,0.0,10.325000000000024,8.400000000000034,13.0,77.25,102125.0,4.8,0.0,8,8
07630,2023-04-04,0.0,8.825000000000024,2.6000000000000227,14.100000000000023,65.875,101906.25,4.7375,0.0,8,8
07630,2023-04-05,0.0,10.000000000000028,4.400000000000034,16.200000000000045,61.125,102123.75,4.2625,0.0,8,8
07630,2023-04-06,0.0,10.962500000000013,4.300000000000011,18.30000000000001,56.0,102057.5,2.15,0.0,8,8
07630,2023-04-07,0.0,12.275000000000027,4.300000000000011,19.900000000000034,56.25,101783.75,2.5,0.0,8,8
07630,2023-04-08,0.0,13.237500000000018,6.600000000000023,20.400000000000034,48.375,101830.0,1.8125,0.0,8,8
07630,2023-04-09,0.0,14.062500000000021,4.800000000000011,22.200000000000045,47.75,101972.5,1.65,0.0,8,8
07630,2023-04-10,0.0,14.512500000000017,9.400000000000034,19.600000000000023,66.0,102238.75,3.2125,0.0,8,8
07630,2023-04-11,0.0,15.587500000000027,13.100000000000023,20.0,67.5,102093.75,3.45,0.0,8,8
07630,2023-04-12,1.8,11.100000000000023,8.400000000000034,16.100000000000023,79.625,101365.0,3.9875,1.0,8,8
07630,2023-04-13,9.7,7.900000000000027,5.600000000000023,11.100000000000023,82.125,101597.5,6.3,1.0,8,8
07630,2023-04-14,6.800000000000001,11.012500000000017,7.100000000000023,15.600000000000023,84.625,101336.25,6.425,1.0,8,8
07630,2023-04-15,1.2,12.062500000000021,10.300000000000011,14.800000000000011,69.25,101930.0,8.6875,1.0,8,8
07630,2023-04-16,0.0,11.800000000000026,7.100000000000023,16.80000000000001,65.625,102387.5,6.2,0.0,8,8
07630,2023-04-17,0.0,11.912500000000023,5.900000000000034,17.700000000000045,59.125,101970.0,3.2125,0.0,8,8
07630,2023-04-18,0.0,13.050000000000033,7.400000000000034,18.200000000000045,60.25,101583.75,2.3625,0.0,8,8
07630,2023-04-19,0.0,15.575000000000017,10.0,22.5,57.125,101381.25,3.8375,0.0,8,8
07630,2023-04-20,0.0,16.200000000000024,8.600000000000023,22.700000000000045,57.25,100883.75,2.025,0.0,8,8
07630,2023-04-21,0.0,15.412500000000016,10.600000000000023,21.0,72.875,100651.25,6.0875,0.0,8,8
07630,2023-04-22,4.4,14.03750000000003,11.700000000000045,15.400000000000034,86.5,101092.5,3.0625,1.0,8,8
07630,2023-04-23,3.8000000000000003,12.000000000000014,7.600000000000023,14.600000000000023,90.625,101376.25,3.5875,1.0,8,8
07630,2023-04-24,0.8,13.662500000000023,10.400000000000034,17.0,81.75,101696.25,3.9375,0.0,8,8
07630,2023-04-25,5.2,13.125000000000028,12.0,14.100000000000023,92.125,101627.5,2.8875,1.0,8,8
07630,2023-04-26,3.8,15.475000000000023,11.800000000000011,18.80000000000001,87.875,101688.75,1.15,1.0,8,8
07630,2023-04-27,0.0,19.625000000000014,15.5,24.900000000000034,74.75,101561.25,1.975,0.0,8,8
07630,2023-04-28,0.0,18.112500000000026,14.900000000000034,22.30000000000001,73.375,101463.75,6.625,0.0,8,8
07630,2023-04-29,2.8,16.987500000000026,15.700000000000045,18.700000000000045,90.125,101582.5,3.4625,1.0,8,8
07630,2023-04-30,3.0,15.887500000000031,14.300000000000011,19.700000000000045,85.0,101863.75,7.1875,1.0,8,8
07630,2023-05-01,0.0,15.250000000000028,12.5,19.0,78.0,102050.0,5.7875,0.0,8,8
07630,2023-05-02,0.0,15.762500000000024,10.0,21.80000000000001,65.625,102088.75,2.8874999999999997,0.0,8,8
07630,2023-05-03,0.0,17.81250000000003,10.900000000000034,25.400000000000034,56.75,101603.75,4.3625,0.0,8,8
07630,2023-05-04,0.0,18.828571428571454,15.200000000000045,23.5,67.28571428571429,101751.42857142857,4.085714285714286,,7,7
07630,2023-05-05,0.0,19.23750000000002,14.400000000000034,23.5,64.875,101781.25,2.4250000000000003,0.0,8,8
07630,2023-05-06,0.0,19.925000000000026,14.300000000000011,25.700000000000045,70.25,101446.25,4.4125,0.0,8,8
07630,2023-05-07,10.200000000000001,17.237500000000026,14.900000000000034,20.900000000000034,81.375,102043.75,3.7624999999999997,1.0,8,8
07630,2023-05-08,0.0,16.850000000000016,13.5,20.80000000000001,71.5,102375.0,4.1375,0.0,8,8
07630,2023-05-09,6.5,15.175000000000026,13.700000000000045,17.30000000000001,85.875,102040.0,4.3375,1.0,8,8
07630,2023-05-10,2.6,13.90000000000002,11.5,16.400000000000034,78.25,102217.5,5.5625,1.0,8,8
07630,2023-05-11,1.0,12.58750000000002,10.0,15.700000000000045,78.5,101952.5,5.8375,0.0,8,8
07630,2023-05-12,13.1,11.83750000000002,9.800000000000011,14.400000000000034,83.5,101765.0,4.575,1.0,8,8
07630,2023-05-13,1.8,13.78750000000003,10.700000000000045,17.80000000000001,78.75,101916.25,5.7875,1.0,8,8
07630,2023-05-14,6.0,14.562500000000028,12.0,19.200000000000045,81.375,101858.75,6.7,1.0,8,8
07630,2023-05-15,4.0,14.987500000000026,12.600000000000023,19.600000000000023,78.25,101812.5,6.7875,1.0,8,8
07630,2023-05-16,1.2,13.687500000000014,11.600000000000023,16.0,72.0,101862.5,7.2875,1.0,8,8
07630,2023-05-17,0.0,13.700000000000017,7.5,19.100000000000023,56.375,102082.5,5.8,0.0,8,8
07630,2023-05-18,0.0,12.925000000000018,9.900000000000034,15.900000000000034,62.25,102091.25,4.2375,0.0,8,8
07630,2023-05-19,0.0,13.387500000000031,11.5,17.200000000000045,74.25,101978.75,5.0375,0.0,8,8
07630,2023-05-20,0.0,15.800000000000026,12.0,19.80000000000001,66.125,101546.25,5.2125,0.0,8,8
07630,2023-05-21,0.2,15.687500000000028,12.900000000000034,19.200000000000045,76.75,101466.25,2.75,0.0,8,8
07630,2023-05-22,0.6000000000000001,18.00000000000002,14.400000000000034,23.0,78.0,101525.0,1.4875,0.0,8,8
07630,2023-05-23,0.0,19.25000000000003,14.700000000000045,25.0,72.75,101575.0,2.7875,0.0,8,8
07630,2023-05-24,0.6000000000000001,18.025000000000034,14.300000000000011,21.400000000000034,79.25,101631.25,4.15,0.0,8,8
07630,2023-05-25,0.0,17.125000000000036,13.700000000000045,21.700000000000045,70.625,101732.5,4.625,0.0,8,8
07630,2023-05-26,0.0,19.662500000000023,12.100000000000023,27.30000000000001,65.0,101930.0,2.525,0.0,8,8
07630,2023-05-27,0.0,22.75000000000003,14.800000000000011,29.700000000000045,54.75,101640.0,1.7625,0.0,8,8
07630,2023-05-28,0.2,22.412500000000023,16.0,29.900000000000034,60.875,101272.5,2.4625,,8,7
07630,2023-05-29,0.2,20.42500000000001,14.300000000000011,27.80000000000001,69.25,101367.5,2.75,0.0,8,8
07630,2023-05-30,0.0,21.962500000000027,15.800000000000011,27.200000000000045,60.375,101506.25,2.4124999999999996,0.0,8,8
07630,2023-05-31,2.6,18.650000000000027,15.800000000000011,25.200000000000045,77.875,101511.25,3.6625,1.0,8,8
07630,2023-06-01,0.4,20.037500000000023,15.900000000000034,24.100000000000023,72.0,101475.0,3.65,0.0,8,8
07630,2023-06-02,0.0,20.987500000000026,13.800000000000011,27.30000000000001,63.125,101328.75,2.275,0.0,8,8
07630,2023-06-03,0.0,20.787500000000016,14.900000000000034,27.30000000000001,68.5,101325.0,2.8875,0.0,8,8
07630,2023-06-04,0.0,22.08750000000002,17.30000000000001,27.600000000000023,65.5,101445.0,2.9625,0.0,8,8
07630,2023-06-05,0.0,21.75000000000003,16.400000000000034,27.600000000000023,65.5,101467.5,2.7375,0.0,8,8
07630,2023-06-06,29.1,20.81250000000003,15.700000000000045,29.200000000000045,73.375,101452.5,2.4125,1.0,8,8
07630,2023-06-07,0.2,21.762500000000024,15.800000000000011,27.700000000000045,71.625,101275.0,4.7,0.0,8,8
07630,2023-06-08,0.0,22.925000000000033,18.700000000000045,28.200000000000045,67.75,100991.25,5.4375,0.0,8,8
07630,2023-06-09,6.5,20.50000000000003,16.80000000000001,26.400000000000034,81.875,100867.5,4.0375,1.0,8,8
07630,2023-06-10,0.0,22.25000000000003,14.700000000000045,28.30000000000001,67.25,101286.25,2.475,0.0,8,8
07630,2023-06-11,17.7,21.237500000000026,18.400000000000034,27.200000000000045,78.5,101436.25,3.1125,1.0,8,8
07630,2023-06-12,18.0,20.25000000000002,16.80000000000001,25.30000000000001,86.375,101273.75,1.8125,1.0,8,8
07630,2023-06-13,17.0,20.300000000000026,16.30000000000001,26.80000000000001,80.125,100953.75,3.25,1.0,8,8
07630,2023-06-14,9.5,20.825000000000024,16.900000000000034,26.200000000000045,79.5,101383.75,6.7125,1.0,8,8
07630,2023-06-15,0.0,21.020000000000028,17.200000000000045,25.100000000000023,71.2,101976.0,3.9125,,8,4
07630,2023-06-16,0.0,23.062500000000014,16.600000000000023,29.0,63.875,101798.75,1.6500000000000001,0.0,8,8
07630,2023-06-17,0.4,24.75000000000002,17.400000000000034,33.10000000000002,62.125,101375.0,3.4375,0.0,8,8
07630,2023-06-18,2.4000000000000004,23.350000000000023,19.100000000000023,27.100000000000023,75.375,101105.0,4.8375,1.0,8,8
07630,2023-06-19,4.0,22.25000000000002,19.600000000000023,24.900000000000034,76.25,101180.0,4.875,1.0,8,8
07630,2023-06-20,0.0,23.80000000000002,21.200000000000045,27.400000000000034,69.75,101136.25,4.0625,0.0,8,8
07630,2023-06-21,0.2,25.96666666666668,23.80000000000001,27.600000000000023,72.33333333333333,101296.66666666667,1.7999999999999998,,8,3
07630,2023-06-22,15.3,21.48750000000002,19.100000000000023,24.30000000000001,79.875,101906.25,4.6875,1.0,8,8
07630,2023-06-23,0.0,22.42500000000002,17.80000000000001,28.100000000000023,69.125,102471.25,3.2625,0.0,8,8
07630,2023-06-24,0.0,24.325000000000024,16.80000000000001,30.100000000000023,54.75,101978.75,2.1125000000000003,0.0,8,8
07630,2023-06-25,0.0,24.72500000000003,17.30000000000001,31.900000000000034,63.875,101787.5,3.7125,0.0,8,8
07630,2023-06-26,0.0,22.525000000000027,19.900000000000034,25.600000000000023,71.375,102207.5,3.85,0.0,8,8
07630,2023-06-27,0.0,23.300000000000026,20.0,27.700000000000045,59.875,102048.75,3.5875,0.0,8,8
07630,2023-06-28,0.0,23.37500000000002,18.80000000000001,28.600000000000023,57.125,101751.25,3.9625,0.0,8,8
07630,2023-06-29,6.3,21.475000000000016,18.5,24.600000000000023,68.0,101755.0,3.8125,1.0,8,8
07630,2023-06-30,2.8000000000000003,19.25000000000002,16.80000000000001,21.900000000000034,71.75,101975.0,6.65,1.0,8,8
07630,2023-07-01,0.0,19.850000000000016,17.5,22.80000000000001,75.875,101831.25,6.0125,0.0,8,8
07630,2023-07-02,2.2,21.475000000000016,18.5,25.30000000000001,76.125,101861.25,4.5125,1.0,8,8
07630,2023-07-03,0.0,21.300000000000026,15.900000000000034,26.100000000000023,65.25,101915.0,2.9375,0.0,8,8
07630,2023-07-04,0.0,22.21250000000002,18.30000000000001,25.5,68.0,101750.0,2.7375,0.0,8,8
07630,2023-07-05,0.0,22.137500000000024,17.700000000000045,25.900000000000034,66.75,101888.75,3.3,0.0,8,8
07630,2023-07-06,0.0,24.53750000000003,19.200000000000045,30.700000000000045,62.375,101501.25,1.7999999999999998,0.0,8,8
07630,2023-07-07,7.3,24.225000000000016,19.100000000000023,31.0,64.25,101450.0,7.1125,1.0,8,8
07630,2023-07-08,0.2,25.825000000000017,18.400000000000034,32.80000000000001,65.25,101542.5,4.8125,0.0,8,8
07630,2023-07-09,0.0,26.162500000000016,21.80000000000001,30.600000000000023,65.25,101918.75,3.3875,0.0,8,8
07630,2023-07-10,0.0,27.62500000000002,21.200000000000045,34.10000000000002,63.25,102012.5,2.275,0.0,8,8
07630,2023-07-11,0.0,27.562500000000014,24.100000000000023,31.5,65.375,101465.0,4.2625,0.0,8,8
07630,2023-07-12,0.4,22.675000000000026,19.5,25.600000000000023,72.375,101798.75,4.35,0.0,8,8
07630,2023-07-13,0.0,22.275000000000013,18.5,26.80000000000001,58.75,102072.5,4.1,0.0,8,8
07630,2023-07-14,0.0,25.06250000000002,15.800000000000011,34.400000000000034,55.25,101342.5,4.5625,0.0,8,8
07630,2023-07-15,0.0,23.587500000000027,19.400000000000034,29.100000000000023,69.0,101326.25,4.5125,0.0,8,8
07630,2023-07-16,0.0,23.112500000000026,18.400000000000034,28.0,57.625,101838.75,3.125,0.0,8,8
07630,2023-07-17,0.0,24.712500000000027,17.600000000000023,31.200000000000045,53.875,101933.75,2.5625,0.0,8,8
07630,2023-07-18,0.0,28.475000000000023,22.200000000000045,36.0,55.625,101535.0,4.475,0.0,8,8
07630,2023-07-19,0.0,23.700000000000017,20.5,27.700000000000045,60.0,101941.25,5.2875,0.0,8,8
07630,2023-07-20,0.0,23.56250000000003,17.700000000000045,29.80000000000001,61.125,101520.0,4.0,0.0,8,8
07630,2023-07-21,1.0,21.737500000000026,17.700000000000045,25.30000000000001,61.5,101636.25,5.2875,0.0,8,8
07630,2023-07-22,0.0,22.81250000000002,17.30000000000001,28.200000000000045,57.75,101800.0,2.525,0.0,8,8
07630,2023-07-23,0.0,25.700000000000017,16.900000000000034,34.60000000000002,56.5,101320.0,2.4875,0.0,8,8
07630,2023-07-24,2.0,20.73333333333335,19.5,22.900000000000034,89.33333333333333,101160.0,3.5,,3,3
07630,2023-07-25,0.0,20.84000000000002,18.30000000000001,22.80000000000001,54.4,101674.0,7.12,,5,5
07630,2023-07-26,0.0,20.87500000000002,16.700000000000045,25.80000000000001,64.5,101873.75,3.95,0.0,8,8
07630,2023-07-27,0.4,23.637500000000024,16.5,33.0,65.75,101402.5,2.375,0.0,8,8
07630,2023-07-28,0.2,23.46250000000002,17.5,29.600000000000023,65.625,101425.0,1.5125,0.0,8,8
07630,2023-07-29,0.0,25.75000000000003,19.700000000000045,31.700000000000045,64.25,101361.25,3.2375,0.0,8,8
07630,2023-07-30,0.0,22.887500000000017,19.600000000000023,26.0,61.625,102018.75,4.5375,0.0,8,8
07630,2023-07-31,0.0,22.87500000000002,17.100000000000023,29.5,56.5,101825.0,4.0875,0.0,8,8
07630,2023-08-01,0.0,22.600000000000023,18.600000000000023,27.5,68.5,101468.75,5.85,0.0,8,8
07630,2023-08-02,0.2,23.46250000000002,18.100000000000023,30.700000000000045,68.125,101111.25,4.4625,0.0,8,8
07630,2023-08-03,0.0,21.075000000000024,17.700000000000045,25.30000000000001,60.75,101512.5,6.8125,0.0,8,8
07630,2023-08-04,2.4,19.01250000000003,15.900000000000034,23.700000000000045,67.0,101996.25,7.425,1.0,8,8
07630,2023-08-05,0.0,19.600000000000037,14.700000000000045,25.700000000000045,61.875,102077.5,6.2375,0.0,8,8
07630,2023-08-06,0.0,20.05000000000001,17.100000000000023,24.5,54.75,102170.0,6.575,0.0,8,8
07630,2023-08-07,0.0,20.412500000000023,14.200000000000045,26.400000000000034,50.75,102161.25,3.0125,0.0,8,8
07630,2023-08-08,0.0,22.21250000000002,13.0,30.100000000000023,44.875,101847.5,2.35,0.0,8,8
07630,2023-08-09,0.0,24.80000000000001,14.800000000000011,34.0,41.375,101733.75,1.8375000000000001,0.0,8,8
07630,2023-08-10,0.0,25.300000000000033,21.700000000000045,29.600000000000023,55.125,101958.75,5.0125,0.0,8,8
07630,2023-08-11,0.0,25.43750000000002,18.5,32.900000000000034,56.375,102167.5,2.35,0.0,8,8
07630,2023-08-12,0.0,26.33750000000002,19.400000000000034,33.200000000000045,59.125,101948.75,2.725,0.0,8,8
07630,2023-08-13,0.0,27.325000000000017,22.0,33.900000000000034,62.0,101630.0,2.8875,0.0,8,8
07630,2023-08-14,0.4,27.00000000000002,22.80000000000001,32.10000000000002,67.125,101300.0,5.7125,0.0,8,8
07630,2023-08-15,0.2,25.61250000000001,20.5,30.5,64.625,101565.0,3.6,0.0,8,8
07630,2023-08-16,2.8,26.00000000000002,22.100000000000023,30.400000000000034,65.75,101532.5,2.4,1.0,8,8
07630,2023-08-17,0.4,26.512500000000024,20.700000000000045,33.30000000000001,62.375,101373.75,3.85,0.0,8,8
07630,2023-08-18,0.0,27.537500000000023,20.600000000000023,35.60000000000002,50.625,101218.75,5.6,0.0,8,8
07630,2023-08-19,0.0,28.200000000000024,23.0,34.400000000000034,61.375,101583.75,2.875,0.0,8,8
07630,2023-08-20,0.0,30.475000000000023,22.80000000000001,37.900000000000034,53.25,101847.5,2.4875,0.0,8,8
07630,2023-08-21,0.0,30.100000000000016,21.900000000000034,38.0,55.5,101961.25,2.55,0.0,8,8
07630,2023-08-22,0.0,30.86250000000002,23.0,38.200000000000045,54.0,101771.25,2.8,0.0,8,8
07630,2023-08-23,0.0,32.91250000000003,24.600000000000023,42.30000000000001,51.0,101451.25,2.0375,0.0,8,8
07630,2023-08-24,0.0,33.287500000000016,28.0,41.80000000000001,39.125,101157.5,4.5875,0.0,8,8
07630,2023-08-25,0.0,24.52500000000002,22.900000000000034,26.600000000000023,67.125,101526.25,4.1875,0.0,8,8
07630,2023-08-26,7.300000000000001,20.37500000000003,17.30000000000001,23.700000000000045,68.625,101471.25,3.375,1.0,8,8
07630,2023-08-27,15.7,18.15000000000002,14.600000000000023,22.400000000000034,74.375,101550.0,6.1,1.0,8,8
07630,2023-08-28,2.0,18.762500000000017,15.600000000000023,25.5,70.25,101587.5,7.525,1.0,8,8
07630,2023-08-29,0.0,18.96250000000002,15.0,24.0,65.5,101527.5,6.65,0.0,8,8
07630,2023-08-30,0.0,18.40000000000002,15.5,24.30000000000001,72.125,101428.75,4.775,0.0,8,8
07630,2023-08-31,0.0,21.03750000000003,15.200000000000045,27.30000000000001,61.5,101767.5,2.5374999999999996,0.0,8,8
07630,2023-09-01,0.0,23.175000000000033,14.800000000000011,32.60000000000002,60.25,101478.75,3.625,0.0,8,8
07630,2023-09-02,0.0,23.000000000000036,19.900000000000034,28.0,68.375,101588.75,4.7,0.0,8,8
07630,2023-09-03,0.0,23.68750000000002,17.400000000000034,29.80000000000001,50.25,101863.75,4.762499999999999,0.0,8,8
07630,2023-09-04,0.0,28.200000000000017,24.700000000000045,33.10000000000002,25.5,101391.25,7.9125,0.0,8,8
07630,2023-09-05,0.0,26.387500000000024,22.400000000000034,32.10000000000002,48.25,101511.25,6.0375,0.0,8,8
07630,2023-09-06,0.0,25.68750000000002,21.600000000000023,31.5,48.375,101670.0,5.325,0.0,8,8
07630,2023-09-07,0.0,25.28750000000003,19.100000000000023,33.10000000000002,40.25,101630.0,4.125,0.0,8,8
07630,2023-09-08,0.0,25.56250000000002,18.900000000000034,32.80000000000001,41.875,101598.75,4.55,0.0,8,8
07630,2023-09-09,0.0,25.475000000000016,18.700000000000045,33.0,44.0,101492.5,5.775,0.0,8,8
07630,2023-09-10,0.0,25.575000000000024,19.0,33.10000000000002,46.875,101600.0,4.2875,0.0,8,8
07630,2023-09-11,0.0,24.40000000000002,20.5,30.900000000000034,67.125,101367.5,4.3375,0.0,8,8
07630,2023-09-12,7.199999999999999,20.55000000000001,18.600000000000023,23.5,82.25,101577.5,3.15,1.0,8,8
07630,2023-09-13,0.0,21.15000000000002,18.200000000000045,25.5,74.0,101968.75,3.175,0.0,8,8
07630,2023-09-14,0.2,21.575000000000024,15.400000000000034,27.80000000000001,67.75,101877.5,1.6500000000000001,0.0,8,8
07630,2023-09-15,3.0,22.437500000000036,17.200000000000045,29.400000000000034,66.125,101217.5,4.8875,1.0,8,8
07630,2023-09-16,0.0,23.50000000000003,17.200000000000045,31.5,72.125,100992.5,5.0875,0.0,8,8
07630,2023-09-17,9.0,24.18750000000003,19.700000000000045,28.700000000000045,76.25,100961.25,7.1375,1.0,8,8
07630,2023-09-18,0.0,21.02500000000002,16.600000000000023,27.0,74.125,101392.5,2.9625000000000004,0.0,8,8
07630,2023-09-19,0.0,20.55000000000004,15.700000000000045,26.400000000000034,65.125,101881.25,2.1375,0.0,8,8
07630,2023-09-20,0.0,20.31250000000002,15.300000000000011,26.80000000000001,67.75,101128.75,3.85,0.0,8,8
07630,2023-09-21,3.4000000000000004,18.450000000000017,14.800000000000011,22.600000000000023,82.75,100557.5,5.775,1.0,8,8
07630,2023-09-22,0.2,16.00000000000002,14.300000000000011,18.5,74.0,101175.0,5.4,0.0,8,8
07630,2023-09-23,0.0,15.737500000000018,9.800000000000011,21.30000000000001,69.75,102072.5,3.4,0.0,8,8
07630,2023-09-24,0.0,17.787500000000016,9.600000000000023,27.0,56.5,102173.75,1.775,0.0,8,8
07630,2023-09-25,0.0,19.487500000000026,10.5,28.80000000000001,54.25,102090.0,1.8625,0.0,8,8
07630,2023-09-26,0.0,21.950000000000024,15.800000000000011,29.5,54.875,101966.25,3.4625,0.0,8,8
07630,2023-09-27,0.0,21.925000000000033,13.0,30.700000000000045,61.25,101818.75,3.175,0.0,8,8
07630,2023-09-28,0.2,23.387500000000017,15.600000000000023,33.10000000000002,61.25,101850.0,2.1,0.0,8,8
07630,2023-09-29,0.0,23.050000000000026,17.30000000000001,29.5,62.375,102332.5,2.2,0.0,8,8
07630,2023-09-30,0.0,23.187500000000014,15.800000000000011,30.200000000000045,64.375,102436.25,1.925,0.0,8,8
07630,2023-10-01,0.0,23.287500000000023,15.200000000000045,32.700000000000045,59.5,102192.5,3.0250000000000004,0.0,8,8
07630,2023-10-02,0.0,22.600000000000016,18.400000000000034,28.30000000000001,61.75,102073.75,5.85,0.0,8,8
07630,2023-10-03,0.0,21.787500000000016,20.5,24.100000000000023,75.25,102535.0,4.2625,0.0,8,8
07630,2023-10-04,0.0,20.137500000000024,16.100000000000023,24.30000000000001,55.25,102687.5,2.425,0.0,8,8
07630,2023-10-05,0.0,18.88750000000003,11.100000000000023,27.0,53.5,102482.5,1.45,0.0,8,8
07630,2023-10-06,0.0,19.837500000000027,11.400000000000034,29.100000000000023,54.375,102481.25,1.475,0.0,8,8
07630,2023-10-07,0.0,19.48750000000002,10.900000000000034,29.600000000000023,52.0,102462.5,1.275,0.0,8,8
07630,2023-10-08,0.0,19.71250000000002,9.900000000000034,30.600000000000023,50.5,102381.25,2.4125,0.0,8,8
07630,2023-10-09,0.0,21.22500000000003,12.300000000000011,31.100000000000023,51.125,102367.5,1.6625,0.0,8,8
07630,2023-10-10,0.0,20.80000000000002,12.300000000000011,30.0,56.875,102193.75,1.525,0.0,8,8
07630,2023-10-11,0.0,20.78750000000003,13.200000000000045,30.400000000000034,60.25,102038.75,2.975,0.0,8,8
07630,2023-10-12,0.0,21.93750000000002,15.800000000000011,29.80000000000001,71.25,101970.0,2.9749999999999996,0.0,8,8
07630,2023-10-13,0.2,22.12500000000002,17.700000000000045,28.0,71.25,101701.25,5.2,0.0,8,8
07630,2023-10-14,0.2,20.100000000000023,18.5,22.700000000000045,69.25,102002.5,3.15,0.0,8,8
07630,2023-10-15,0.0,15.187500000000028,11.900000000000034,18.200000000000045,57.125,102023.75,3.05,0.0,8,8
07630,2023-10-16,0.0,16.762500000000024,12.5,21.900000000000034,53.75,101261.25,4.175,0.0,8,8
07630,2023-10-17,0.0,20.137500000000017,16.80000000000001,24.100000000000023,75.25,100758.75,6.6375,0.0,8,8
07630,2023-10-18,0.0,21.58750000000002,17.600000000000023,25.30000000000001,73.625,100130.0,3.4875,0.0,8,8
07630,2023-10-19,5.6000000000000005,19.43750000000002,16.700000000000045,23.0,80.875,99143.75,4.1375,1.0,8,8
07630,2023-10-20,4.3,15.937500000000014,13.100000000000023,19.30000000000001,79.0,98962.5,6.8374999999999995,1.0,8,8
07630,2023-10-21,0.0,14.350000000000016,9.800000000000011,18.600000000000023,62.125,100593.75,4.3625,0.0,8,8
07630,2023-10-22,0.0,13.075000000000024,7.0,19.80000000000001,73.25,101046.25,2.525,0.0,8,8
07630,2023-10-23,0.0,17.712500000000034,15.700000000000045,20.200000000000045,67.75,100477.5,6.5125,0.0,8,8
07630,2023-10-24,9.1,15.212500000000013,12.400000000000034,18.30000000000001,74.5,100887.5,2.775,1.0,8,8
07630,2023-10-25,1.0,15.912500000000023,12.800000000000011,18.900000000000034,76.375,100716.25,3.5999999999999996,0.0,8,8
07630,2023-10-26,17.6,15.062500000000021,14.300000000000011,15.900000000000034,93.375,100277.5,2.9749999999999996,1.0,8,8
07630,2023-10-27,0.2,14.137500000000017,9.800000000000011,18.30000000000001,74.0,100555.0,2.95,0.0,8,8
07630,2023-10-28,0.0,14.262500000000024,7.900000000000034,20.5,74.5,100477.5,5.2,0.0,8,8
07630,2023-10-29,0.0,16.52500000000002,14.200000000000045,19.80000000000001,74.625,100196.25,3.9875000000000003,0.0,8,8
07630,2023-10-30,5.0,12.475000000000023,9.100000000000023,13.900000000000034,91.875,100393.75,1.8625,1.0,8,8
07630,2023-10-31,0.0,13.225000000000016,8.100000000000023,18.80000000000001,77.125,101358.75,3.2875,0.0,8,8
07630,2023-11-01,1.2,11.675000000000026,8.700000000000045,14.5,86.5,100932.5,3.125,1.0,8,8
07630,2023-11-02,13.5,11.800000000000018,9.0,14.0,81.75,99686.25,7.175,1.0,8,8
07630,2023-11-03,11.899999999999999,8.800000000000033,7.2000000000000455,9.600000000000023,86.25,99945.0,8.15,1.0,8,8
07630,2023-11-04,14.8,9.800000000000018,8.200000000000045,12.400000000000034,90.5,99407.5,3.5875,1.0,8,8
07630,2023-11-05,0.0,12.825000000000024,8.400000000000034,16.900000000000034,68.5,100165.0,6.55,0.0,8,8
07630,2023-11-06,2.0,10.875000000000021,8.300000000000011,15.300000000000011,77.0,101528.75,3.825,1.0,8,8
07630,2023-11-07,0.0,9.837500000000027,5.400000000000034,14.100000000000023,72.625,102092.5,2.25,0.0,8,8
07630,2023-11-08,0.0,11.325000000000017,7.100000000000023,16.5,74.125,102037.5,3.2125,0.0,8,8
07630,2023-11-09,9.3,12.100000000000023,10.200000000000045,15.0,83.625,101502.5,4.8375,1.0,8,8
07630,2023-11-10,7.199999999999999,11.125000000000014,9.700000000000045,13.800000000000011,87.875,101387.5,5.1375,1.0,8,8
07630,2023-11-11,1.7999999999999998,11.512500000000017,10.0,13.600000000000023,89.25,101302.5,1.7875,1.0,8,8
07630,2023-11-12,8.7,15.800000000000018,14.0,17.600000000000023,81.75,101606.25,5.3,1.0,8,8
07630,2023-11-13,0.0,15.175000000000033,8.700000000000045,22.600000000000023,77.375,101938.75,1.2375,0.0,8,8
07630,2023-11-14,0.2,16.137500000000017,12.200000000000045,22.5,82.75,102062.5,3.7375,0.0,8,8
07630,2023-11-15,0.0,13.525000000000013,10.0,16.5,80.5,102542.5,2.6125,0.0,8,8
07630,2023-11-16,0.0,12.975000000000023,8.800000000000011,18.400000000000034,82.5,102176.25,4.4125,0.0,8,8
07630,2023-11-17,0.2,12.137500000000017,9.5,14.600000000000023,84.625,102663.75,3.45,0.0,8,8
07630,2023-11-18,0.0,11.46250000000002,6.0,18.600000000000023,79.25,102552.5,1.1625,0.0,8,8
07630,2023-11-19,0.0,11.662500000000016,5.900000000000034,19.100000000000023,82.0,102432.5,1.0125,0.0,8,8
07630,2023-11-20,0.8,11.46250000000002,9.200000000000045,14.5,92.0,102130.0,3.025,0.0,8,8
07630,2023-11-21,0.8,10.962500000000027,9.900000000000034,12.200000000000045,89.125,101930.0,5.9125,0.0,8,8
07630,2023-11-22,0.0,10.512500000000031,7.900000000000034,12.900000000000034,78.25,102540.0,6.987500000000001,0.0,8,8
07630,2023-11-23,0.0,5.83750000000002,2.3000000000000114,9.100000000000023,82.125,102963.75,4.275,0.0,8,8
07630,2023-11-24,0.0,8.125000000000014,7.300000000000011,9.0,88.5,102320.0,5.375,0.0,8,8
07630,2023-11-25,0.2,6.925000000000026,2.7000000000000455,9.200000000000045,74.25,102023.75,3.75,0.0,8,8
07630,2023-11-26,0.0,2.650000000000013,-1.5,8.5,76.25,102008.75,1.0,0.0,8,8
07630,2023-11-27,4.800000000000001,6.375000000000028,1.5,11.900000000000034,89.375,101318.75,3.7625,1.0,8,8
07630,2023-11-28,2.0,10.337500000000027,8.100000000000023,12.0,83.125,101042.5,5.5125,1.0,8,8
07630,2023-11-29,0.2,8.050000000000018,5.5,11.0,81.75,100665.0,3.55,0.0,8,8
07630,2023-11-30,2.2,9.450000000000017,8.0,12.0,86.75,100036.25,3.3375,1.0,8,8
07630,2023-12-01,13.7,8.575000000000024,7.7000000000000455,9.700000000000045,95.5,100050.0,4.05,1.0,8,8
07630,2023-12-02,0.2,5.025000000000027,1.400000000000034,7.300000000000011,83.125,101557.5,4.7,0.0,8,8
07630,2023-12-03,0.0,3.3500000000000227,-2.1999999999999886,8.900000000000034,67.5,102151.25,2.8625,0.0,8,8
07630,2023-12-04,1.6,8.900000000000027,6.600000000000023,12.800000000000011,75.375,101241.25,4.9,1.0,8,8
07630,2023-12-05,2.6,8.38750000000001,6.400000000000034,11.5,81.375,101805.0,5.2875,1.0,8,8
07630,2023-12-06,0.0,5.650000000000027,2.2000000000000455,8.600000000000023,90.25,101897.5,1.0625,0.0,8,8
07630,2023-12-07,1.6,4.52500000000002,-1.6999999999999886,10.200000000000045,85.125,101585.0,4.075,1.0,8,8
07630,2023-12-08,12.3,9.550000000000018,6.400000000000034,12.0,88.375,101627.5,5.3,1.0,8,8
07630,2023-12-09,1.4,9.625000000000021,4.5,14.800000000000011,87.125,101918.75,3.725,1.0,8,8
07630,2023-12-10,0.0,11.850000000000023,8.200000000000045,14.800000000000011,89.625,102182.5,1.9375,0.0,8,8
07630,2023-12-11,0.0,13.112500000000026,9.700000000000045,18.600000000000023,85.625,101817.5,1.6875,0.0,8,8
07630,2023-12-12,2.4,10.46250000000002,7.600000000000023,13.700000000000045,93.125,101411.25,2.2874999999999996,1.0,8,8
07630,2023-12-13,8.6,10.175000000000018,9.200000000000045,10.800000000000011,87.125,101077.5,6.625,1.0,8,8
07630,2023-12-14,1.0,8.262500000000024,7.2000000000000455,9.200000000000045,80.0,102561.25,6.0375,0.0,8,8
07630,2023-12-15,2.0,8.587500000000027,7.2000000000000455,10.200000000000045,92.25,103738.75,2.4875000000000003,1.0,8,8
07630,2023-12-16,0.0,6.512500000000017,3.0,9.600000000000023,86.375,104016.25,1.8250000000000002,0.0,8,8
07630,2023-12-17,0.0,2.1125000000000256,-0.5999999999999659,6.800000000000011,95.375,103837.5,1.4125,0.0,8,8
07630,2023-12-18,0.0,3.325000000000024,-1.099999999999966,10.700000000000045,87.625,103677.5,1.125,0.0,8,8
07630,2023-12-19,0.0,4.050000000000033,0.6000000000000227,6.7000000000000455,93.75,103373.75,1.4625,0.0,8,8
07630,2023-12-20,3.8,8.475000000000016,7.300000000000011,10.800000000000011,82.75,102891.25,6.3,1.0,8,8
07630,2023-12-21,0.8,10.200000000000024,8.100000000000023,11.800000000000011,89.125,102675.0,6.8125,0.0,8,8
07630,2023-12-22,1.2,11.287500000000016,10.0,12.400000000000034,91.75,102735.0,8.175,1.0,8,8
07630,2023-12-23,0.0,9.987500000000026,9.200000000000045,11.400000000000034,90.75,102903.75,3.6875,0.0,8,8
07630,2023-12-24,0.0,9.825000000000024,9.200000000000045,10.600000000000023,88.25,102661.25,1.775,0.0,8,8
07630,2023-12-25,0.0,7.925000000000026,4.2000000000000455,12.0,82.875,102432.5,1.4,0.0,8,8
07630,2023-12-26,0.0,2.5714285714285956,0.20000000000004547,6.100000000000023,95.57142857142857,102444.28571428571,1.6875,,8,7
07630,2023-12-27,0.0,6.58750000000002,1.3000000000000114,12.5,86.75,102217.5,3.9625000000000004,0.0,8,8
07630,2023-12-28,0.0,8.662500000000023,3.7000000000000455,11.600000000000023,87.5,102380.0,3.675,0.0,8,8
07630,2023-12-29,0.0,8.912500000000023,4.7000000000000455,13.5,88.875,102292.5,1.4625,0.0,8,8
07630,2023-12-30,0.0,10.487500000000018,7.7000000000000455,15.400000000000034,83.5,101881.25,2.25,0.0,8,8
07630,2023-12-31,1.4,9.350000000000016,7.5,11.0,83.0,101465.0,5.275,1.0,8,8
07630,2024-01-01,0.0,7.550000000000026,4.900000000000034,13.600000000000023,79.375,101915.0,2.6875,0.0,8,8
07630,2024-01-02,0.0,7.6125000000000185,3.6000000000000227,11.800000000000011,82.125,101442.5,2.7375,0.0,8,8
07630,2024-01-03,0.0,10.025000000000027,6.7000000000000455,13.800000000000011,83.625,101531.25,3.0,0.0,8,8
07630,2024-01-04,0.0,10.087500000000027,5.7000000000000455,14.5,78.5,101391.25,2.925,0.0,8,8
07630,2024-01-05,2.8,7.78750000000003,7.100000000000023,8.600000000000023,91.375,100745.0,4.375,1.0,8,8
07630,2024-01-06,0.4,6.700000000000017,5.5,8.0,86.0,101422.5,6.7125,0.0,8,8
07630,2024-01-07,0.2,4.77500000000002,4.100000000000023,5.7000000000000455,78.5,102012.5,7.25,0.0,8,8
07630,2024-01-08,0.4,3.1000000000000227,1.3000000000000114,3.900000000000034,85.125,102227.5,5.15,0.0,8,8
07630,2024-01-09,0.0,1.325000000000017,-1.1999999999999886,4.800000000000011,75.25,102280.0,1.4375,,8,7
07630,2024-01-10,0.0,2.6000000000000227,-0.5,4.7000000000000455,78.0,102048.33333333333,1.5875,,8,5
07630,2024-01-11,0.0,3.33750000000002,2.0,5.300000000000011,83.5,102531.25,1.9125,,8,7
07630,2024-01-12,0.0,2.3500000000000227,1.3000000000000114,3.400000000000034,89.5,102837.5,1.35,,8,4
07630,2024-01-13,0.0,1.9142857142857272,-2.0,8.0,87.71428571428571,102392.85714285714,1.9428571428571428,,8,5
07630,2024-01-14,0.6,5.937500000000028,0.4000000000000341,11.5,84.625,101567.5,1.525,0.0,8,8
07630,2024-01-15,11.1,10.012500000000031,8.400000000000034,11.600000000000023,97.125,101068.75,1.3125,1.0,8,8
07630,2024-01-16,4.6,12.875000000000021,11.800000000000011,14.700000000000045,86.75,100818.75,3.775,1.0,8,8
07630,2024-01-17,1.8,11.012500000000031,8.900000000000034,12.200000000000045,91.0,99708.75,4.3125,1.0,8,8
07630,2024-01-18,1.4,10.062500000000021,6.100000000000023,16.100000000000023,84.875,100293.75,4.7125,1.0,8,8
07630,2024-01-19,0.0,1.9875000000000256,-0.2999999999999545,3.6000000000000227,74.125,101871.25,3.3625,0.0,8,8
07630,2024-01-20,0.0,1.440000000000032,-4.599999999999966,6.2000000000000455,64.6,102804.0,1.575,,8,4
07630,2024-01-21,0.0,7.520000000000027,2.400000000000034,13.100000000000023,68.0,103252.0,2.2375,,8,4
07630,2024-01-22,0.2,7.312500000000028,1.0,12.900000000000034,83.0,103142.5,2.3625,0.0,8,8
07630,2024-01-23,0.0,10.400000000000013,8.100000000000023,13.300000000000011,90.375,103715.0,2.0125,0.0,8,8
07630,2024-01-24,0.0,10.175000000000026,5.600000000000023,16.30000000000001,89.5,103815.0,1.625,0.0,8,8
07630,2024-01-25,0.0,9.400000000000027,6.5,15.100000000000023,93.625,103397.5,1.275,0.0,8,8
07630,2024-01-26,0.2,9.962500000000027,9.100000000000023,10.700000000000045,94.875,103468.75,1.625,0.0,8,8
07630,2024-01-27,0.0,7.150000000000027,5.300000000000011,9.900000000000034,97.375,103170.0,1.375,0.0,8,8
07630,2024-01-28,0.0,10.333333333333371,3.7000000000000455,13.200000000000045,83.0,102805.0,7.125,,8,6
07630,2024-01-29,0.0,13.133333333333354,11.600000000000023,15.5,77.83333333333333,102928.33333333333,7.4,,8,6
07630,2024-01-30,0.0,12.062500000000021,9.300000000000011,15.700000000000045,79.875,103226.25,5.3625,0.0,8,8
07630,2024-01-31,0.0,9.757142857142883,6.800000000000011,14.600000000000023,85.71428571428571,103498.57142857143,1.5,,8,7
07630,2024-02-01,0.0,7.914285714285735,4.5,10.700000000000045,92.85714285714286,103718.57142857143,3.2625,,8,7
07630,2024-02-02,0.0,9.833333333333352,8.0,11.600000000000023,88.33333333333333,103626.66666666667,2.725,,8,2
07630,2024-02-03,0.0,6.6250000000000355,4.400000000000034,8.100000000000023,96.75,103406.25,1.4875,0.0,8,8
07630,2024-02-04,0.0,5.33750000000002,4.300000000000011,6.5,97.25,103373.75,1.1625,0.0,8,8
07630,2024-02-05,0.0,4.571428571428588,2.900000000000034,6.0,95.0,103128.57142857143,2.0142857142857142,,7,7
07630,2024-02-06,0.0,6.8750000000000355,4.7000000000000455,9.900000000000034,85.625,102801.25,1.6625,0.0,8,8
07630,2024-02-07,0.0,8.53750000000003,1.2000000000000455,16.100000000000023,77.375,102001.25,1.9500000000000002,0.0,8,8
07630,2024-02-08,0.0,13.375000000000021,9.600000000000023,18.400000000000034,69.625,100648.75,3.4625000000000004,0.0,8,8
07630,2024-02-09,0.4,12.800000000000018,11.100000000000023,16.30000000000001,77.875,99112.5,5.2250000000000005,0.0,8,8
07630,2024-02-10,7.3,9.412500000000016,7.5,11.300000000000011,82.75,99075.0,6.6875,1.0,8,8
07630,2024-02-11,1.0,8.185714285714303,6.600000000000023,11.100000000000023,79.28571428571429,100490.0,7.6375,,8,7
07630,2024-02-12,4.6,7.500000000000033,4.400000000000034,11.700000000000045,89.14285714285714,100952.85714285714,4.95,,8,7
07630,2024-02-13,0.0,10.187500000000021,6.0,16.900000000000034,79.25,102172.5,1.8499999999999999,0.0,8,8
07630,2024-02-14,0.0,11.137500000000017,4.100000000000023,20.100000000000023,74.75,102337.5,2.275,,8,7
07630,2024-02-15,0.0,13.175000000000026,11.5,15.100000000000023,78.25,101638.75,7.65,0.0,8,8
07630,2024-02-16,23.2,11.91250000000003,10.600000000000023,12.700000000000045,90.875,102266.25,4.4125,1.0,8,8
07630,2024-02-17,0.8,10.46250000000002,8.100000000000023,13.300000000000011,76.375,103302.5,3.45,0.0,8,8
07630,2024-02-18,0.0,8.687500000000036,3.2000000000000455,14.600000000000023,80.0,103562.5,2.3375,0.0,8,8
07630,2024-02-19,0.8,10.887500000000024,9.100000000000023,12.400000000000034,84.625,103558.75,3.6625,0.0,8,8
07630,2024-02-20,0.0,9.987500000000026,7.2000000000000455,12.900000000000034,75.0,103346.25,3.2625,0.0,8,8
07630,2024-02-21,0.0,9.775000000000013,3.0,16.30000000000001,74.625,102380.0,1.85,0.0,8,8
07630,2024-02-22,0.6,11.600000000000023,8.700000000000045,13.900000000000034,68.125,100910.0,5.8125,0.0,8,8
07630,2024-02-23,1.0,7.0500000000000185,6.100000000000023,8.800000000000011,77.625,100608.75,6.7625,,8,6
07630,2024-02-24,0.4,6.750000000000021,4.800000000000011,9.800000000000011,76.25,100877.5,4.95,,8,7
07630,2024-02-25,21.0,6.750000000000021,3.900000000000034,9.0,87.625,100470.0,4.3875,1.0,8,8
07630,2024-02-26,3.0,10.162500000000023,6.7000000000000455,13.800000000000011,76.125,99987.5,6.4625,1.0,8,8
07630,2024-02-27,2.6,6.912500000000023,5.800000000000011,7.7000000000000455,91.0,101381.25,7.7625,1.0,8,8
07630,2024-02-28,0.0,8.350000000000023,5.900000000000034,11.900000000000034,68.25,102386.25,6.9,0.0,8,8
07630,2024-02-29,1.2000000000000002,8.487500000000018,3.0,13.900000000000034,72.25,101698.75,3.3,1.0,8,8
07630,2024-03-01,0.8,9.512500000000024,6.2000000000000455,13.300000000000011,74.875,101276.25,4.95,0.0,8,8
07630,2024-03-02,0.6,9.671428571428587,6.400000000000034,13.0,79.42857142857143,100127.14285714286,3.6625,,8,6
07630,2024-03-03,8.100000000000001,6.512500000000024,4.2000000000000455,9.600000000000023,82.375,100570.0,7.575,,8,6
07630,2024-03-04,2.0,7.071428571428588,1.3000000000000114,11.600000000000023,71.57142857142857,101518.57142857143,3.257142857142857,,8,7
07630,2024-03-05,2.6,8.125000000000021,6.2000000000000455,10.700000000000045,81.125,102212.5,5.225,1.0,8,8
07630,2024-03-06,0.6000000000000001,9.312500000000021,6.2000000000000455,13.600000000000023,77.375,102238.75,2.2125,0.0,8,8
07630,2024-03-07,0.0,9.27500000000002,3.6000000000000227,13.800000000000011,71.875,101218.75,5.675,0.0,8,8
07630,2024-03-08,12.9,11.237500000000026,8.600000000000023,13.300000000000011,75.5,100137.5,5.0375,1.0,8,8
07630,2024-03-09,0.0,10.787500000000023,8.600000000000023,13.700000000000045,72.125,99257.5,4.15,0.0,8,8
07630,2024-03-10,0.2,9.225000000000009,3.3000000000000114,15.300000000000011,74.125,99630.0,4.3125,0.0,8,8
07630,2024-03-11,10.7,8.950000000000017,7.800000000000011,10.100000000000023,85.5,101237.5,7.1875,1.0,8,8
07630,2024-03-12,0.0,10.787500000000023,8.0,14.100000000000023,76.875,102317.5,4.075,0.0,8,8
07630,2024-03-13,0.0,10.737500000000018,3.400000000000034,17.700000000000045,73.75,101870.0,1.8125,0.0,8,8
07630,2024-03-14,0.0,12.700000000000031,7.900000000000034,17.900000000000034,74.625,101585.0,5.2,0.0,8,8
07630,2024-03-15,0.0,14.487500000000026,9.800000000000011,20.200000000000045,73.875,101965.0,3.0625,0.0,8,8
07630,2024-03-16,0.0,14.850000000000023,10.800000000000011,19.0,70.75,102463.75,2.1125,0.0,8,8
07630,2024-03-17,0.0,16.37500000000002,10.300000000000011,23.30000000000001,64.5,102055.0,1.9375,0.0,8,8
07630,2024-03-18,0.8,15.112500000000033,13.100000000000023,19.30000000000001,76.0,101962.5,2.3125,0.0,8,8
07630,2024-03-19,0.0,15.375000000000021,9.600000000000023,22.0,72.125,101697.5,1.4625,0.0,8,8
07630,2024-03-20,0.2,14.612500000000011,12.0,17.400000000000034,70.375,101641.25,7.2124999999999995,0.0,8,8
07630,2024-03-21,0.0,15.950000000000024,11.800000000000011,21.200000000000045,76.875,102435.0,2.6875,0.0,8,8
07630,2024-03-22,0.0,17.037500000000016,10.300000000000011,23.900000000000034,70.125,102062.5,1.625,0.0,8,8
07630,2024-03-23,0.2,12.750000000000021,9.400000000000034,15.100000000000023,65.75,102301.25,7.0375,0.0,8,8
07630,2024-03-24,0.0,11.250000000000028,8.400000000000034,14.0,67.75,101887.5,4.925,0.0,8,8
07630,2024-03-25,0.4,9.837500000000027,5.900000000000034,12.700000000000045,75.25,100112.5,5.9875,0.0,8,8
07630,2024-03-26,5.2,8.525000000000013,6.0,11.700000000000045,88.875,99225.0,4.9125,1.0,8,8
07630,2024-03-27,0.0,9.312500000000028,2.400000000000034,15.400000000000034,70.5,99225.0,3.75,0.0,8,8
07630,2024-03-28,3.4,12.087500000000034,7.300000000000011,17.200000000000045,68.75,99625.0,5.075,1.0,8,8
07630,2024-03-29,0.4,13.562500000000028,9.400000000000034,18.400000000000034,72.75,99501.25,5.0,0.0,8,8
07630,2024-03-30,2.0,11.925000000000026,6.800000000000011,16.900000000000034,76.5,99526.25,2.65,1.0,8,8
07630,2024-03-31,2.2,12.200000000000024,7.800000000000011,17.900000000000034,70.375,99331.25,4.2375,1.0,8,8
07630,2024-04-01,1.6,10.300000000000018,3.8000000000000114,17.600000000000023,70.875,100713.75,3.85,1.0,8,8
07630,2024-04-02,1.0,11.912500000000023,5.5,18.900000000000034,71.375,101611.25,4.25,0.0,8,8
07630,2024-04-03,0.6,14.712500000000034,8.800000000000011,20.200000000000045,70.25,101646.25,3.05,0.0,8,8
07630,2024-04-04,0.0,16.33750000000002,9.0,23.30000000000001,64.75,101706.25,3.1875,0.0,8,8
07630,2024-04-05,0.0,16.68750000000002,13.400000000000034,21.900000000000034,71.25,101520.0,8.1625,0.0,8,8
07630,2024-04-06,0.0,15.312500000000028,13.600000000000023,17.200000000000045,76.0,101517.5,10.7625,0.0,8,8
07630,2024-04-07,0.0,15.83750000000002,14.100000000000023,18.600000000000023,76.25,101476.25,6.925,0.0,8,8
07630,2024-04-08,0.2,16.12500000000003,12.0,20.100000000000023,75.625,100963.75,7.2625,0.0,8,8
07630,2024-04-09,3.6,9.975000000000023,8.400000000000034,13.200000000000045,81.125,102546.25,6.5375,1.0,8,8
07630,2024-04-10,0.2,11.387500000000017,7.800000000000011,16.30000000000001,73.75,103207.5,6.325,0.0,8,8
07630,2024-04-11,0.0,13.037500000000023,6.0,19.200000000000045,69.125,103338.75,2.8375,0.0,8,8
07630,2024-04-12,0.0,16.400000000000027,7.5,25.200000000000045,64.25,103093.75,1.775,0.0,8,8
07630,2024-04-13,0.0,19.037500000000016,9.600000000000023,28.0,60.25,102693.75,1.7874999999999999,0.0,8,8
07630,2024-04-14,0.0,20.325000000000024,11.700000000000045,29.0,64.0,102271.25,1.375,0.0,8,8
07630,2024-04-15,0.0,15.300000000000018,12.600000000000023,19.5,73.75,102267.5,6.7375,0.0,8,8
07630,2024-04-16,1.0,11.662500000000023,10.200000000000045,14.700000000000045,74.375,102085.0,7.4624999999999995,0.0,8,8
07630,2024-04-17,1.0,10.875000000000021,8.300000000000011,14.0,73.625,101926.25,6.5625,0.0,8,8
07630,2024-04-18,0.6000000000000001,10.275000000000034,7.900000000000034,13.5,64.0,102106.25,6.275,0.0,8,8
07630,2024-04-19,0.0,10.450000000000031,1.6000000000000227,18.400000000000034,55.25,102281.25,2.55,0.0,8,8
07630,2024-04-20,0.0,11.900000000000027,4.7000000000000455,18.400000000000034,53.875,102051.25,3.45,0.0,8,8
07630,2024-04-21,0.0,10.425000000000018,4.0,17.30000000000001,50.125,102060.0,4.9625,0.0,8,8
07630,2024-04-22,0.0,8.787500000000023,4.5,12.5,49.0,102160.0,5.9125,0.0,8,8
07630,2024-04-23,0.0,8.66250000000003,3.900000000000034,13.300000000000011,48.75,101931.25,4.875,0.0,8,8
07630,2024-04-24,0.8,8.387500000000031,4.400000000000034,11.5,70.0,101906.25,6.5375,0.0,8,8
07630,2024-04-25,3.0,11.500000000000014,7.900000000000034,16.600000000000023,76.125,101093.75,4.275,1.0,8,8
07630,2024-04-26,0.2,13.287500000000016,9.0,18.0,72.875,100598.75,3.85,0.0,8,8
07630,2024-04-27,6.0,14.700000000000031,13.100000000000023,17.600000000000023,76.875,100108.75,7.75,1.0,8,8
07630,2024-04-28,0.0,13.262500000000031,9.900000000000034,17.0,70.75,101341.25,1.8375,0.0,8,8
07630,2024-04-29,14.399999999999999,11.66250000000003,10.600000000000023,12.400000000000034,93.75,101767.5,2.3625,1.0,8,8
07630,2024-04-30,0.8,13.075000000000017,11.0,15.5,88.625,101320.0,1.7125,0.0,8,8
07630,2024-05-01,4.4,10.562500000000021,8.100000000000023,13.100000000000023,91.875,100841.25,5.6375,1.0,8,8
07630,2024-05-02,5.800000000000001,11.287500000000023,8.100000000000023,16.200000000000045,74.0,101322.5,6.425,1.0,8,8
07630,2024-05-03,0.0,12.087500000000027,4.7000000000000455,18.200000000000045,69.0,101763.75,2.6375,0.0,8,8
07630,2024-05-04,0.6,16.262500000000024,11.400000000000034,21.0,63.75,101425.0,3.7875,0.0,8,8
07630,2024-05-05,5.4,16.32500000000001,13.400000000000034,20.30000000000001,78.0,101192.5,5.35,1.0,8,8
07630,2024-05-06,10.7,13.825000000000031,10.700000000000045,16.30000000000001,80.5,101426.25,4.2375,1.0,8,8
07630,2024-05-07,3.6,12.775000000000027,11.100000000000023,15.0,85.125,102018.75,6.2,1.0,8,8
07630,2024-05-08,0.2,15.625000000000021,11.600000000000023,20.80000000000001,77.125,102417.5,4.75,0.0,8,8
07630,2024-05-09,0.0,16.800000000000026,9.300000000000011,22.700000000000045,65.375,102008.75,1.975,0.0,8,8
07630,2024-05-10,0.0,18.73750000000002,11.300000000000011,25.80000000000001,61.375,101662.5,3.4125,0.0,8,8
07630,2024-05-11,0.0,20.175000000000004,14.0,26.5,52.25,101547.5,4.3375,0.0,8,8
07630,2024-05-12,0.7999999999999999,16.950000000000024,14.200000000000045,19.80000000000001,81.375,101772.5,3.7125,0.0,8,8
07630,2024-05-13,0.0,18.96250000000002,15.700000000000045,23.80000000000001,68.25,101072.5,5.075,0.0,8,8
07630,2024-05-14,16.5,13.700000000000024,12.100000000000023,16.600000000000023,86.125,100808.75,3.6,1.0,8,8
07630,2024-05-15,9.299999999999999,12.962500000000013,10.5,16.900000000000034,81.0,100866.25,3.3,1.0,8,8
07630,2024-05-16,0.0,13.475000000000023,8.900000000000034,18.400000000000034,76.5,100857.5,2.5875,0.0,8,8
07630,2024-05-17,1.4,14.512500000000024,11.100000000000023,19.80000000000001,75.75,100970.0,3.1999999999999997,1.0,8,8
07630,2024-05-18,0.6000000000000001,16.262500000000024,12.300000000000011,21.200000000000045,73.625,101256.25,2.2625,0.0,8,8
07630,2024-05-19,1.4,14.800000000000011,12.800000000000011,17.400000000000034,81.625,101186.25,2.3,1.0,8,8
07630,2024-05-20,0.8,15.77500000000002,13.200000000000045,19.100000000000023,76.125,101128.75,4.45,0.0,8,8
07630,2024-05-21,0.0,15.237500000000011,10.5,19.80000000000001,70.625,101395.0,5.675,0.0,8,8
07630,2024-05-22,9.7,15.287500000000016,10.900000000000034,20.30000000000001,71.5,101730.0,3.2125,1.0,8,8
07630,2024-05-23,3.2,15.26250000000001,12.0,19.700000000000045,77.25,101983.75,4.175,1.0,8,8
07630,2024-05-24,0.0,16.37500000000002,12.600000000000023,20.400000000000034,66.125,101958.75,2.3125,0.0,8,8
07630,2024-05-25,0.0,18.05000000000002,10.900000000000034,25.200000000000045,64.875,101650.0,1.8875,0.0,8,8
07630,2024-05-26,0.0,17.42500000000002,15.700000000000045,19.5,76.875,101905.0,3.825,0.0,8,8
07630,2024-05-27,7.9,15.262500000000024,13.800000000000011,16.600000000000023,83.5,102218.75,2.9375,1.0,8,8
07630,2024-05-28,0.0,16.925000000000026,11.200000000000045,22.100000000000023,68.75,102215.0,3.025,0.0,8,8
07630,2024-05-29,0.0,18.81250000000002,13.0,23.400000000000034,69.125,101835.0,2.85,0.0,8,8
07630,2024-05-30,1.4,18.262500000000017,16.0,21.400000000000034,71.875,101502.5,6.75,1.0,8,8
07630,2024-05-31,0.4,16.16250000000003,12.100000000000023,20.700000000000045,68.25,101785.0,5.3,0.0,8,8
07630,2024-06-01,0.0,17.06250000000002,14.100000000000023,20.100000000000023,68.625,101898.75,4.9875,0.0,8,8
07630,2024-06-02,0.0,17.31250000000003,13.900000000000034,21.100000000000023,70.0,102081.25,4.0875,0.0,8,8
07630,2024-06-03,0.0,17.85000000000003,12.900000000000034,22.100000000000023,71.25,101897.5,3.1374999999999997,0.0,8,8
07630,2024-06-04,0.0,19.775000000000027,12.900000000000034,25.30000000000001,66.25,101531.25,2.6625,0.0,8,8
07630,2024-06-05,0.0,23.12500000000003,15.700000000000045,29.0,57.75,101502.5,2.05,0.0,8,8
07630,2024-06-06,0.0,24.237500000000033,19.5,30.100000000000023,62.25,101521.25,2.9375,0.0,8,8
07630,2024-06-07,0.0,22.36250000000002,17.900000000000034,26.0,71.125,101683.75,2.8375,0.0,8,8
07630,2024-06-08,0.0,22.600000000000023,19.5,26.100000000000023,63.625,101058.75,4.175,0.0,8,8
07630,2024-06-09,0.2,18.587500000000027,17.400000000000034,19.900000000000034,83.75,100956.25,6.050000000000001,0.0,8,8
07630,2024-06-10,0.0,18.61250000000002,14.600000000000023,22.700000000000045,64.75,101437.5,5.3875,0.0,8,8
07630,2024-06-11,0.0,17.037500000000023,14.400000000000034,19.900000000000034,70.125,101688.75,4.6499999999999995,0.0,8,8
07630,2024-06-12,0.0,16.62500000000002,13.900000000000034,20.0,66.75,101921.25,5.1875,0.0,8,8
07630,2024-06-13,0.0,18.775000000000013,11.5,25.0,50.25,101871.25,2.575,0.0,8,8
07630,2024-06-14,0.0,21.212500000000027,16.30000000000001,28.900000000000034,56.25,101326.25,3.7125,0.0,8,8
07630,2024-06-15,4.4,16.93750000000003,14.600000000000023,19.80000000000001,74.375,101578.75,3.3625,1.0,8,8
07630,2024-06-16,0.0,19.775000000000027,11.300000000000011,27.30000000000001,63.875,101356.25,2.15,0.0,8,8
07630,2024-06-17,0.0,21.65000000000002,17.0,27.5,71.75,101162.5,5.7,0.0,8,8
07630,2024-06-18,0.0,23.200000000000017,18.80000000000001,29.5,65.125,101067.5,7.2250000000000005,0.0,8,8
07630,2024-06-19,0.2,21.275000000000027,19.5,23.900000000000034,78.125,101308.75,2.8125,0.0,8,8
07630,2024-06-20,46.4,17.212500000000027,15.700000000000045,19.600000000000023,92.25,101686.25,3.75,1.0,8,8
07630,2024-06-21,0.4,17.950000000000024,14.400000000000034,21.400000000000034,80.375,102031.25,4.95,0.0,8,8
07630,2024-06-22,3.0,17.050000000000026,15.400000000000034,19.80000000000001,83.25,102158.75,4.95,1.0,8,8
07630,2024-06-23,2.0,18.137500000000017,14.300000000000011,22.5,74.125,102000.0,4.25,1.0,8,8
07630,2024-06-24,0.0,20.600000000000023,13.300000000000011,26.700000000000045,65.25,101535.0,2.5,0.0,8,8
07630,2024-06-25,0.2,23.73750000000002,15.700000000000045,30.5,61.625,101047.5,2.5875,0.0,8,8
07630,2024-06-26,0.0,25.62500000000002,19.200000000000045,32.0,60.0,101003.75,4.0875,0.0,8,8
07630,2024-06-27,0.0,26.050000000000026,21.100000000000023,31.700000000000045,68.75,101257.5,3.125,0.0,8,8
07630,2024-06-28,0.0,25.31250000000002,21.5,30.200000000000045,71.0,101457.5,2.925,0.0,8,8
07630,2024-06-29,1.0,20.650000000000034,17.700000000000045,22.200000000000045,75.5,101137.5,6.8125,0.0,8,8
07630,2024-06-30,0.0,19.12500000000002,16.5,21.80000000000001,72.375,101687.5,3.075,0.0,8,8
07630,2024-07-01,0.0,19.850000000000023,17.400000000000034,23.30000000000001,69.375,102006.25,5.5625,0.0,8,8
07630,2024-07-02,0.0,17.912500000000023,14.900000000000034,21.400000000000034,70.0,102166.25,5.3625,0.0,8,8
07630,2024-07-03,0.0,19.68750000000002,15.0,24.30000000000001,63.0,101750.0,5.75,0.0,8,8
07630,2024-07-04,1.0,20.87500000000002,16.80000000000001,25.700000000000045,65.5,101745.0,4.2125,0.0,8,8
07630,2024-07-05,0.0,23.50000000000002,16.200000000000045,31.5,64.0,101283.75,3.25,0.0,8,8
07630,2024-07-06,8.0,18.62500000000002,14.900000000000034,20.80000000000001,86.625,101322.5,3.6875,1.0,8,8
07630,2024-07-07,0.2,18.36250000000002,14.100000000000023,22.900000000000034,64.125,101650.0,2.9875,0.0,8,8
07630,2024-07-08,0.0,22.90000000000002,14.600000000000023,31.5,62.125,101372.5,3.5374999999999996,0.0,8,8
07630,2024-07-09,0.0,25.825000000000024,20.80000000000001,32.0,63.875,101292.5,4.75,0.0,8,8
07630,2024-07-10,0.0,24.437500000000014,18.80000000000001,30.400000000000034,66.5,101707.5,2.8375,0.0,8,8
07630,2024-07-11,0.0,28.012500000000024,20.900000000000034,34.900000000000034,60.0,101462.5,3.3875,0.0,8,8
07630,2024-07-12,1.8,21.55000000000002,19.600000000000023,23.0,69.125,101695.0,5.7625,1.0,8,8
07630,2024-07-13,0.0,18.950000000000017,13.5,24.0,57.75,101562.5,2.6875,0.0,8,8
07630,2024-07-14,0.0,24.287500000000016,16.80000000000001,32.400000000000034,55.125,101115.0,2.425,0.0,8,8
07630,2024-07-15,1.6,25.325000000000024,21.600000000000023,30.0,67.5,101157.5,6.2125,1.0,8,8
07630,2024-07-16,0.0,22.55000000000002,19.5,25.200000000000045,59.625,101900.0,3.275,0.0,8,8
07630,2024-07-17,0.0,23.78750000000003,17.900000000000034,29.0,56.875,101892.5,2.35,0.0,8,8
07630,2024-07-18,0.0,27.28750000000003,18.700000000000045,35.700000000000045,54.375,101668.75,2.6375,0.0,8,8
07630,2024-07-19,0.0,26.87500000000002,21.5,32.30000000000001,61.125,101711.25,3.375,0.0,8,8
07630,2024-07-20,0.0,27.087500000000013,22.0,32.80000000000001,64.25,100968.75,3.5,0.0,8,8
07630,2024-07-21,8.3,19.112500000000026,17.0,21.30000000000001,79.75,101603.75,7.4,1.0,8,8
07630,2024-07-22,0.0,19.850000000000023,16.80000000000001,23.600000000000023,68.75,102286.25,4.0625,0.0,8,8
07630,2024-07-23,0.0,23.050000000000026,15.5,29.700000000000045,64.5,102225.0,2.6875,0.0,8,8
07630,2024-07-24,0.0,25.025000000000034,20.700000000000045,30.100000000000023,64.0,101943.75,3.5375,0.0,8,8
07630,2024-07-25,0.0,24.46250000000002,19.5,29.80000000000001,63.25,101488.75,3.2125,0.0,8,8
07630,2024-07-26,0.0,25.162500000000023,19.200000000000045,30.80000000000001,62.5,101268.75,2.625,0.0,8,8
07630,2024-07-27,0.0,26.22500000000003,20.5,32.400000000000034,65.125,101368.75,3.1625,0.0,8,8
07630,2024-07-28,0.0,28.150000000000034,22.100000000000023,34.400000000000034,61.75,101725.0,2.7625,0.0,8,8
07630,2024-07-29,0.0,30.262500000000024,23.200000000000045,38.0,42.375,101520.0,3.8375,0.0,8,8
07630,2024-07-30,0.2,29.012500000000017,22.600000000000023,37.5,55.875,101457.5,2.7875,0.0,8,8
07630,2024-07-31,0.0,28.800000000000026,23.400000000000034,35.60000000000002,55.625,101217.5,4.0625,0.0,8,8
07630,2024-08-01,0.0,24.68750000000002,22.100000000000023,27.600000000000023,71.625,101560.0,3.6375,0.0,8,8
07630,2024-08-02,0.0,23.80000000000002,21.100000000000023,27.100000000000023,71.375,101493.75,4.95,0.0,8,8
07630,2024-08-03,0.0,22.48750000000002,18.30000000000001,27.700000000000045,63.125,101731.25,4.625,0.0,8,8
07630,2024-08-04,0.0,24.050000000000026,18.400000000000034,29.600000000000023,58.0,101697.5,3.3125,0.0,8,8
07630,2024-08-05,0.0,25.43750000000002,17.900000000000034,32.5,54.25,101356.25,2.5375,0.0,8,8
07630,2024-08-06,0.0,26.425000000000026,21.200000000000045,32.30000000000001,59.625,101230.0,3.325,0.0,8,8
07630,2024-08-07,2.4,24.525000000000027,20.100000000000023,27.700000000000045,69.125,101533.75,4.8875,1.0,8,8
07630,2024-08-08,0.0,25.975000000000023,20.400000000000034,31.5,56.75,101700.0,2.7125,0.0,8,8
07630,2024-08-09,0.0,26.35000000000003,20.900000000000034,31.700000000000045,53.375,101943.75,2.7624999999999997,0.0,8,8
07630,2024-08-10,0.0,27.425000000000026,19.900000000000034,35.400000000000034,50.875,101845.0,1.8375,0.0,8,8
07630,2024-08-11,0.0,29.712500000000027,24.30000000000001,36.5,42.625,101355.0,5.8625,0.0,8,8
07630,2024-08-12,0.0,25.912500000000037,23.400000000000034,30.700000000000045,68.625,101250.0,4.175,0.0,8,8
07630,2024-08-13,0.0,24.800000000000026,22.30000000000001,28.400000000000034,69.75,101188.75,3.7875,0.0,8,8
07630,2024-08-14,50.8,20.02500000000002,18.30000000000001,22.30000000000001,90.125,101553.75,4.0875,1.0,8,8
07630,2024-08-15,0.0,20.72500000000003,17.600000000000023,24.30000000000001,75.25,102041.25,3.65,0.0,8,8
07630,2024-08-16,0.0,24.000000000000014,19.100000000000023,28.900000000000034,65.25,101871.25,3.3875,0.0,8,8
07630,2024-08-17,0.0,23.23750000000002,19.5,26.80000000000001,67.75,101631.25,2.975,0.0,8,8
07630,2024-08-18,0.0,21.56250000000002,19.100000000000023,25.400000000000034,66.75,101653.75,5.8625,0.0,8,8
07630,2024-08-19,0.0,20.225000000000023,14.800000000000011,25.900000000000034,59.875,101755.0,3.925,0.0,8,8
07630,2024-08-20,0.0,20.96250000000002,14.400000000000034,27.600000000000023,65.0,101636.25,3.55,0.0,8,8
07630,2024-08-21,0.2,21.712500000000027,17.700000000000045,26.0,59.25,101986.25,3.7,0.0,8,8
07630,2024-08-22,0.2,22.562500000000014,14.600000000000023,30.5,60.375,101493.75,1.5625,0.0,8,8
07630,2024-08-23,0.0,22.37500000000003,17.900000000000034,27.80000000000001,69.0,101600.0,2.35,0.0,8,8
07630,2024-08-24,0.0,25.78750000000003,20.200000000000045,32.900000000000034,65.5,101240.0,5.6125,0.0,8,8
07630,2024-08-25,0.0,21.43750000000002,18.600000000000023,23.80000000000001,60.375,102232.5,3.775,0.0,8,8
07630,2024-08-26,0.0,21.737500000000026,15.5,27.200000000000045,49.375,102046.25,3.1,0.0,8,8
07630,2024-08-27,0.0,22.56250000000003,13.200000000000045,32.200000000000045,53.125,101521.25,2.1875,0.0,8,8
07630,2024-08-28,0.0,25.87500000000003,19.100000000000023,33.10000000000002,59.0,101441.25,4.15,0.0,8,8
07630,2024-08-29,0.0,24.350000000000016,20.600000000000023,27.700000000000045,70.875,101647.5,3.575,0.0,8,8
07630,2024-08-30,3.6000000000000005,25.475000000000037,20.400000000000034,31.900000000000034,68.0,101600.0,2.3,1.0,8,8
07630,2024-08-31,0.0,25.60000000000003,22.100000000000023,29.80000000000001,63.375,101428.75,4.65,0.0,8,8
07630,2024-09-01,0.8,21.625000000000036,19.200000000000045,24.700000000000045,80.0,101511.25,2.825,0.0,8,8
07630,2024-09-02,0.0,23.23750000000002,16.80000000000001,29.5,68.125,101395.0,2.1125,0.0,8,8
07630,2024-09-03,4.0,21.037500000000023,19.100000000000023,22.700000000000045,83.0,101615.0,3.725,1.0,8,8
07630,2024-09-04,17.6,17.475000000000016,16.0,19.0,90.25,101687.5,4.8375,1.0,8,8
07630,2024-09-05,0.0,17.31250000000002,14.300000000000011,21.0,74.375,101273.75,4.3375,0.0,8,8
07630,2024-09-06,6.9,17.725000000000016,15.400000000000034,19.30000000000001,81.625,100703.75,3.1125000000000003,1.0,8,8
07630,2024-09-07,0.4,19.57500000000001,17.0,23.5,81.125,100885.0,3.6375,0.0,8,8
07630,2024-09-08,1.4,16.83750000000002,14.800000000000011,19.100000000000023,82.625,101392.5,2.8375,1.0,8,8
07630,2024-09-09,1.2,17.88750000000001,15.400000000000034,22.100000000000023,83.25,101817.5,5.6625,,8,7
07630,2024-09-10,0.0,18.06250000000003,14.600000000000023,22.30000000000001,71.875,102053.75,4.675,0.0,8,8
07630,2024-09-11,3.6,17.062500000000036,14.100000000000023,20.700000000000045,76.5,101786.25,5.7625,1.0,8,8
07630,2024-09-12,3.3,14.687500000000021,12.400000000000034,18.600000000000023,72.0,101815.0,5.2,1.0,8,8
07630,2024-09-13,0.0,14.050000000000026,10.700000000000045,18.400000000000034,62.875,102537.5,5.2375,0.0,8,8
07630,2024-09-14,0.0,13.675000000000011,5.7000000000000455,20.5,62.875,102727.5,2.8,0.0,8,8
07630,2024-09-15,0.0,14.225000000000023,6.5,20.700000000000045,63.0,102342.5,4.075,0.0,8,8
07630,2024-09-16,0.0,15.825000000000017,10.200000000000045,21.0,65.875,102183.75,4.9875,0.0,8,8
07630,2024-09-17,0.0,15.675000000000033,10.200000000000045,19.0,72.875,101801.25,3.3,0.0,8,8
07630,2024-09-18,0.0,17.31250000000002,10.900000000000034,24.100000000000023,71.875,101592.5,1.6375,0.0,8,8
07630,2024-09-19,0.0,18.925000000000026,12.100000000000023,25.700000000000045,69.625,101423.75,3.5375,0.0,8,8
07630,2024-09-20,1.5999999999999999,18.77500000000002,15.5,21.200000000000045,73.125,101460.0,4.4625,1.0,8,8
07630,2024-09-21,2.2,19.412500000000023,17.600000000000023,22.80000000000001,74.125,101426.25,7.2875,1.0,8,8
07630,2024-09-22,1.4000000000000001,18.725000000000016,17.200000000000045,21.30000000000001,84.5,101418.75,3.95,1.0,8,8
07630,2024-09-23,0.2,17.300000000000026,14.5,21.30000000000001,75.75,101495.0,3.825,0.0,8,8
07630,2024-09-24,0.2,17.537500000000023,13.300000000000011,22.900000000000034,68.875,101296.25,2.4125,0.0,8,8
07630,2024-09-25,0.6,18.18750000000003,11.900000000000034,23.700000000000045,75.625,100957.5,4.825,0.0,8,8
07630,2024-09-26,4.6,18.212500000000027,16.600000000000023,20.700000000000045,87.25,100730.0,3.0125,1.0,8,8
07630,2024-09-27,0.6000000000000001,14.91250000000003,12.100000000000023,16.700000000000045,80.375,101462.5,5.0375,0.0,8,8
07630,2024-09-28,0.0,13.900000000000027,11.200000000000045,18.400000000000034,69.0,102488.75,4.4875,0.0,8,8
07630,2024-09-29,0.0,13.787500000000023,5.400000000000034,22.900000000000034,64.25,102247.5,2.4875,0.0,8,8
07630,2024-09-30,0.0,18.225000000000016,13.100000000000023,24.0,71.125,102018.75,1.4375,0.0,8,8
07630,2024-10-01,0.6,18.975000000000023,12.400000000000034,25.5,75.75,101342.5,2.625,0.0,8,8
07630,2024-10-02,5.4,14.925000000000018,13.0,16.900000000000034,83.625,101192.5,3.35,1.0,8,8
07630,2024-10-03,0.0,13.850000000000016,11.5,17.700000000000045,81.25,101407.5,6.0625,0.0,8,8
07630,2024-10-04,0.0,11.975000000000023,9.300000000000011,16.700000000000045,76.625,101753.75,3.8375,0.0,8,8
07630,2024-10-05,0.0,13.200000000000024,5.600000000000023,21.400000000000034,67.0,101328.75,2.0375,0.0,8,8
07630,2024-10-06,1.7999999999999998,16.475000000000023,13.700000000000045,20.400000000000034,82.5,100876.25,5.2125,1.0,8,8
07630,2024-10-07,4.4,17.88750000000003,15.300000000000011,20.900000000000034,86.0,100421.25,5.4875,1.0,8,8
07630,2024-10-08,0.2,18.15000000000002,14.700000000000045,22.200000000000045,75.75,100513.75,2.5625,0.0,8,8
07630,2024-10-09,1.4,18.825000000000024,15.700000000000045,23.30000000000001,73.375,99720.0,8.2875,1.0,8,8
07630,2024-10-10,0.4,15.250000000000021,13.600000000000023,17.30000000000001,82.75,101052.5,5.325,0.0,8,8
07630,2024-10-11,0.0,14.362500000000033,8.700000000000045,19.600000000000023,76.25,101498.75,2.0,0.0,8,8
07630,2024-10-12,0.0,18.012500000000024,14.900000000000034,21.700000000000045,78.125,101128.75,5.1,0.0,8,8
07630,2024-10-13,0.0,18.587500000000027,12.900000000000034,24.900000000000034,81.25,101732.5,3.6625,0.0,8,8
07630,2024-10-14,0.0,18.487500000000026,16.900000000000034,20.600000000000023,84.75,101720.0,4.975,0.0,8,8
07630,2024-10-15,0.0,20.00000000000002,18.0,22.900000000000034,77.375,101007.5,8.725,0.0,8,8
07630,2024-10-16,0.2,21.287500000000023,18.700000000000045,24.400000000000034,75.375,100605.0,5.8500000000000005,0.0,8,8
07630,2024-10-17,31.1,16.012500000000017,11.5,18.600000000000023,93.75,101081.25,5.1625,1.0,8,8
07630,2024-10-18,32.5,13.137500000000024,12.0,14.5,91.625,101883.75,5.325,1.0,8,8
07630,2024-10-19,1.0,14.000000000000028,9.400000000000034,19.600000000000023,84.25,102025.0,1.775,0.0,8,8
07630,2024-10-20,0.0,16.700000000000024,10.700000000000045,22.700000000000045,78.5,102217.5,1.5875,0.0,8,8
07630,2024-10-21,0.2,18.36250000000002,13.100000000000023,23.600000000000023,74.125,102342.5,4.375,0.0,8,8
07630,2024-10-22,4.4,16.225000000000023,14.5,17.900000000000034,89.625,102958.75,3.55,1.0,8,8
07630,2024-10-23,0.0,14.625000000000028,11.100000000000023,19.100000000000023,87.0,102858.75,1.45,0.0,8,8
07630,2024-10-24,0.0,17.00000000000003,11.700000000000045,21.600000000000023,83.25,102157.5,4.5625,0.0,8,8
07630,2024-10-25,0.6000000000000001,16.50000000000003,13.700000000000045,18.900000000000034,85.875,101675.0,3.95,,8,7
07630,2024-10-26,2.4,12.712500000000013,12.200000000000045,13.5,94.75,101468.75,2.85,1.0,8,8
07630,2024-10-27,0.6000000000000001,13.237500000000026,11.700000000000045,15.600000000000023,89.125,102011.25,2.175,0.0,8,8
07630,2024-10-28,1.6,14.450000000000031,12.400000000000034,17.400000000000034,91.125,102526.25,1.35,1.0,8,8
07630,2024-10-29,0.4,15.525000000000013,14.400000000000034,17.5,95.875,102431.25,1.125,0.0,8,8
07630,2024-10-30,0.2,16.075000000000024,11.400000000000034,20.400000000000034,85.75,102111.25,3.3625,0.0,8,8
07630,2024-10-31,0.0,17.40000000000002,13.200000000000045,21.5,80.25,102207.5,4.45,0.0,8,8
07630,2024-11-01,0.0,16.462500000000013,12.100000000000023,21.5,72.875,102232.5,3.95,0.0,8,8
07630,2024-11-02,0.0,14.287500000000016,9.5,20.5,76.25,102235.0,1.675,0.0,8,8
07630,2024-11-03,0.0,16.025000000000027,11.5,19.700000000000045,81.125,102327.5,4.0625,0.0,8,8
07630,2024-11-04,0.0,16.68750000000003,14.300000000000011,19.200000000000045,84.625,102175.0,4.4625,0.0,8,8
07630,2024-11-05,0.2,17.425000000000033,15.100000000000023,20.200000000000045,86.125,102270.0,3.6625,0.0,8,8
07630,2024-11-06,0.2,15.15000000000002,13.600000000000023,17.400000000000034,91.875,102597.5,1.45,0.0,8,8
07630,2024-11-07,0.2,14.77500000000002,11.400000000000034,19.0,82.375,102446.25,4.4625,0.0,8,8
07630,2024-11-08,0.0,16.11250000000002,13.300000000000011,19.200000000000045,79.0,102150.0,5.8375,0.0,8,8
07630,2024-11-09,0.8,14.975000000000016,13.5,16.200000000000045,87.625,102368.75,3.3625,0.0,8,8
07630,2024-11-10,0.4,14.462500000000013,13.5,16.0,89.75,102650.0,3.8875,0.0,8,8
07630,2024-11-11,0.0,12.750000000000021,10.900000000000034,15.5,85.5,102855.0,3.9375,0.0,8,8
07630,2024-11-12,0.0,9.500000000000021,6.2000000000000455,11.300000000000011,78.875,102500.0,4.85,0.0,8,8
07630,2024-11-13,0.0,8.112500000000033,5.7000000000000455,12.700000000000045,86.25,102426.25,1.6,0.0,8,8
07630,2024-11-14,0.0,6.250000000000021,3.3000000000000114,11.0,91.25,102460.0,1.6875,0.0,8,8
07630,2024-11-15,0.0,6.937500000000021,2.400000000000034,14.700000000000045,83.375,102338.75,2.1875,0.0,8,8
07630,2024-11-16,0.0,9.600000000000037,3.6000000000000227,16.200000000000045,80.25,102116.25,2.2125,0.0,8,8
07630,2024-11-17,0.0,8.462500000000027,5.400000000000034,11.400000000000034,91.375,102131.25,2.3,0.0,8,8
07630,2024-11-18,0.0,9.462500000000013,6.800000000000011,12.900000000000034,79.5,102112.5,1.125,0.0,8,8
07630,2024-11-19,0.0,10.037500000000023,4.300000000000011,15.900000000000034,83.625,101626.25,4.5875,0.0,8,8
07630,2024-11-20,8.2,10.612500000000011,8.800000000000011,14.600000000000023,88.875,101360.0,6.6875,1.0,8,8
07630,2024-11-21,3.4,11.975000000000023,8.0,17.100000000000023,80.125,100627.5,7.1,1.0,8,8
07630,2024-11-22,4.0,6.625000000000028,2.900000000000034,10.100000000000023,83.25,101705.0,4.3375,1.0,8,8
07630,2024-11-23,0.0,6.96250000000002,1.7000000000000455,12.0,79.375,102228.75,5.5875,0.0,8,8
07630,2024-11-24,0.0,14.250000000000021,10.0,18.30000000000001,78.875,101873.75,6.975,0.0,8,8
07630,2024-11-25,3.8000000000000003,15.58750000000002,11.300000000000011,19.80000000000001,76.875,101460.0,8.675,1.0,8,8
07630,2024-11-26,0.0,10.137500000000017,6.900000000000034,13.600000000000023,89.875,102385.0,1.525,0.0,8,8
07630,2024-11-27,0.0,7.737500000000033,4.7000000000000455,13.600000000000023,93.125,102458.75,1.3,0.0,8,8
07630,2024-11-28,0.0,7.987500000000026,3.0,15.900000000000034,86.625,102608.75,1.2625,0.0,8,8
07630,2024-11-29,0.0,9.625000000000021,3.8000000000000114,18.30000000000001,81.0,102468.75,1.475,0.0,8,8
07630,2024-11-30,0.0,9.575000000000017,5.0,16.30000000000001,87.0,102695.0,1.8125,0.0,8,8
07630,2024-12-01,0.0,10.46250000000002,6.5,17.100000000000023,87.5,102448.75,1.8375,0.0,8,8
07630,2024-12-02,2.8,10.200000000000024,7.7000000000000455,13.0,95.25,102328.75,2.1,1.0,8,8
07630,2024-12-03,0.4,9.300000000000026,7.600000000000023,10.700000000000045,90.375,102355.0,2.5,0.0,8,8
07630,2024-12-04,0.0,6.237500000000026,3.7000000000000455,9.5,77.5,102776.25,3.3375,0.0,8,8
07630,2024-12-05,0.0,5.65000000000002,1.6000000000000227,10.800000000000011,80.875,102813.75,1.95,0.0,8,8
07630,2024-12-06,1.8,13.062500000000028,9.0,14.900000000000034,84.25,102487.5,5.525,1.0,8,8
07630,2024-12-07,6.6,10.612500000000026,5.800000000000011,13.400000000000034,86.875,101930.0,7.3125,1.0,8,8
07630,2024-12-08,2.8,6.325000000000024,5.300000000000011,7.2000000000000455,86.875,101641.25,8.3375,1.0,8,8
07630,2024-12-09,3.6,6.275000000000027,5.800000000000011,7.2000000000000455,88.375,101663.75,6.5249999999999995,1.0,8,8
07630,2024-12-10,0.0,4.850000000000023,4.400000000000034,5.300000000000011,88.5,102041.25,3.15,0.0,8,8
07630,2024-12-11,0.0,5.15000000000002,3.8000000000000114,6.800000000000011,87.875,102247.5,1.3875,0.0,8,8
07630,2024-12-12,0.0,6.412500000000023,2.8000000000000114,10.100000000000023,85.5,102388.75,1.25,0.0,8,8
07630,2024-12-13,0.0,7.600000000000023,5.600000000000023,10.200000000000045,83.75,102292.5,3.8125,0.0,8,8
07630,2024-12-14,0.2,6.1125000000000185,2.5,8.600000000000023,89.625,102820.0,3.9,0.0,8,8
07630,2024-12-15,1.2,6.325000000000024,2.8000000000000114,8.900000000000034,88.75,103717.5,2.6875,1.0,8,8
07630,2024-12-16,0.0,3.8000000000000256,-0.6999999999999886,9.100000000000023,90.125,103797.5,2.025,0.0,8,8
07630,2024-12-17,0.0,7.450000000000024,3.2000000000000455,12.400000000000034,84.875,103065.0,3.5875,0.0,8,8
07630,2024-12-18,0.0,9.125000000000014,4.0,15.0,83.0,102587.5,2.325,0.0,8,8
07630,2024-12-19,2.0,9.300000000000018,7.300000000000011,12.100000000000023,86.0,101941.25,5.0125,1.0,8,8
07630,2024-12-20,2.0,6.46250000000002,4.0,9.300000000000011,77.0,103043.75,5.2,1.0,8,8
07630,2024-12-21,3.0,8.637500000000024,6.800000000000011,10.600000000000023,88.125,102947.5,5.3,1.0,8,8
07630,2024-12-22,5.5,10.975000000000023,8.400000000000034,13.100000000000023,86.125,102376.25,8.75,1.0,8,8
07630,2024-12-23,0.2,6.400000000000027,5.7000000000000455,8.0,77.25,102860.0,7.275,0.0,8,8
07630,2024-12-24,1.7999999999999998,7.812500000000021,5.900000000000034,10.400000000000034,92.5,103056.25,4.0,1.0,8,8
07630,2024-12-25,0.0,7.08750000000002,6.300000000000011,7.800000000000011,94.875,103272.5,2.2125,0.0,8,8
07630,2024-12-26,0.0,7.062500000000021,5.400000000000034,11.400000000000034,89.0,103022.5,1.8875,0.0,8,8
07630,2024-12-27,0.0,4.9875000000000185,1.3000000000000114,10.600000000000023,86.75,103103.75,1.075,0.0,8,8
07630,2024-12-28,0.0,4.050000000000026,-1.0,12.800000000000011,83.875,103053.75,1.2875,0.0,8,8
07630,2024-12-29,0.0,2.4375000000000213,-0.39999999999997726,6.5,96.5,103205.0,1.4125,0.0,8,8
07630,2024-12-30,0.0,2.3000000000000185,1.900000000000034,2.6000000000000227,99.0,103176.25,1.35,0.0,8,8
07630,2024-12-31,0.0,2.775000000000027,0.9000000000000341,5.300000000000011,98.625,103250.0,1.4,0.0,8,8
