obs_date,doy_sin,doy_cos,doy_sin2,doy_cos2,precip_lag1,rained_lag1,precip_roll3,pmer_lag1,pmer_trend,u_lag1,t_mean_lag1,is_rainy
2015-01-04,0.06880242680231986,0.9976303053065857,0.13727877211326478,0.9905324521322229,0.0,0.0,0.0,103760.0,-277.5,89.125,4.600000000000023,0
2015-01-05,0.08596479873744647,0.9962981749346078,0.1712931441814776,0.9852201067560606,0.2,0.0,0.2,103572.5,-187.5,91.75,10.287500000000016,0
2015-01-06,0.10310169744743485,0.9946708199115211,0.2051044998686192,0.9787400799669153,0.0,0.0,0.2,103053.75,-518.75,98.375,4.7250000000000085,0
2015-01-07,0.1202080448993527,0.9927487224577402,0.2386727660059501,0.9711000518829505,0.0,0.0,0.2,102891.25,-162.5,97.125,3.5625000000000213,0
2015-01-08,0.13727877211326478,0.9905324521322229,0.2719581575341055,0.9623090774541486,0.0,0.0,0.0,103223.75,332.5,89.625,7.275000000000027,0
2015-01-09,0.15430882066428117,0.9880226656636976,0.30492122465628907,0.9523775757303974,0.0,0.0,0.0,103763.75,540.0,86.75,5.637500000000017,0
2015-01-10,0.1712931441814776,0.9852201067560606,0.3375228995941133,0.9413173175128471,0.0,0.0,0.0,104160.0,396.25,81.125,11.687500000000028,0
2015-01-11,0.1882267098432442,0.9821256058680006,0.3697245428906731,0.9291414114031743,0.0,0.0,0.0,103536.25,-623.75,90.375,10.225000000000016,0
2015-01-12,0.2051044998686192,0.9787400799669153,0.401487989205973,0.9158642882672872,1.0,0.0,1.0,103348.75,-187.5,78.75,8.97500000000003,0
2015-01-13,0.2219215130041655,0.9750645322571948,0.4327755925504312,0.901501684131884,0.0,0.0,1.0,103132.5,-216.25,79.25,4.8000000000000185,0
2015-01-14,0.2386727660059501,0.9711000518829505,0.4635502709028509,0.886070621534138,0.0,0.0,1.0,102237.5,-895.0,83.625,7.450000000000017,0
2015-01-15,0.255353295116187,0.9668478136052775,0.49377555015997715,0.869589389346611,0.0,0.0,0.0,102423.75,186.25,75.375,9.862500000000018,0
2015-01-16,0.2719581575341055,0.9623090774541486,0.5234156073655503,0.8520775211013093,0.0,0.0,0.0,101280.0,-1143.75,80.75,9.15000000000002,1
2015-01-17,0.288482432880609,0.9574851883550393,0.5524353131676196,0.8335557718385699,7.3,1.0,7.3,100992.5,-287.5,90.625,7.38750000000001,0
2015-01-18,0.30492122465628907,0.9523775757303974,0.5808002734538009,0.8140460935082178,0.4,0.0,7.7,102063.75,1071.25,86.75,5.762500000000017,0
2015-01-19,0.3212696616923644,0.9469877530760753,0.6084768701151261,0.7935716089521474,0.0,0.0,7.7,101395.0,-668.75,82.375,4.3625000000000185,1
2015-01-20,0.3375228995941133,0.9413173175128471,0.6354323008901774,0.7721565844991642,1.2,1.0,1.6,101127.5,-267.5,84.125,5.16250000000003,0
2015-01-21,0.3536761221763716,0.9353679493131483,0.6616346182422783,0.7498264012045686,0.0,0.0,1.2000000000000002,101213.75,86.25,80.75,2.950000000000024,0
2015-01-22,0.3697245428906731,0.9291414114031743,0.6870527672236669,0.7266075247685656,0.4,0.0,1.6,100846.25,-367.5,85.0,1.3750000000000142,0
2015-01-23,0.38566340624360707,0.9226395488404876,0.7116566222817746,0.7025274741691571,0.2,0.0,0.6000000000000001,101336.25,490.0,90.0,4.137500000000024,0
2015-01-24,0.401487989205973,0.9158642882672872,0.7354170229639855,0.6776147890466889,0.0,0.0,0.6000000000000001,102511.25,1175.0,82.0,1.6000000000000298,1
2015-01-25,0.4171936026123168,0.9088176373395029,0.7583058084785624,0.6518989958787126,1.2,1.0,1.4,102878.75,367.5,83.5,2.575000000000024,0
2015-01-26,0.4327755925504312,0.901501684131884,0.7802958510707755,0.6254105729852463,0.0,0.0,1.2000000000000002,103290.0,411.25,78.25,3.187500000000014,0
2015-01-27,0.4482293417404106,0.893918596519257,0.8013610881746766,0.5981809144059165,0.0,0.0,1.2000000000000002,103255.0,-35.0,74.625,4.625000000000014,0
2015-01-28,0.4635502709028509,0.886070621534138,0.8214765533024142,0.5702422926917871,0.4,0.0,0.40000000000000024,102898.75,-356.25,87.5,6.425000000000033,0
2015-01-29,0.47873384011578846,0.8779600847008882,0.8406184056344782,0.5416278206559814,0.0,0.0,0.40000000000000024,102466.25,-432.5,74.875,7.387500000000024,1
2015-01-30,0.49377555015997715,0.869589389346611,0.8587639582758029,0.5123714121284237,4.8,1.0,5.2,100503.75,-1962.5,80.125,10.287500000000023,1
2015-01-31,0.5086709438521044,0.8609610158889943,0.8758917051442429,0.48250774176121847,5.2,1.0,10.0,99331.25,-1172.5,84.25,6.35000000000003,1
2015-02-01,0.5234156073655503,0.8520775211013093,0.8919813464595485,0.45207220393230435,3.4000000000000004,1.0,13.4,99235.0,-96.25,88.125,4.800000000000026,1
2015-02-02,0.5380051715382996,0.8429415373547828,0.9070138128026359,0.4211008707960896,1.8,1.0,10.400000000000002,100555.0,1320.0,82.0,3.825000000000017,0
2015-02-03,0.5524353131676196,0.8335557718385699,0.9209712877166346,0.38963044953078796,0.0,0.0,5.2,100872.5,317.5,83.25,3.437500000000014,1
2015-02-04,0.5667017562911176,0.8239230057575542,0.9338372288229252,0.35769823883312546,4.8,1.0,6.6,100223.75,-648.75,90.625,0.7625000000000242,0
2015-02-05,0.5808002734538009,0.8140460935082178,0.9455963874271426,0.3253420847119801,0.0,0.0,4.8,100768.75,545.0,87.625,-1.0374999999999872,0
2015-02-06,0.5947266869607634,0.8039279618328213,0.9562348265919056,0.29260033563334836,0.0,0.0,4.8,101457.5,688.75,79.625,-0.037499999999973,0
2015-02-07,0.6084768701151261,0.7935716089521474,0.9657399376548549,0.2595117970697999,0.0,0.0,0.0,101436.25,-21.25,85.625,-0.6624999999999801,0
2015-02-08,0.6220467484408675,0.7829801036770629,0.9741004551724205,0.22611568550828828,0.0,0.0,0.0,102213.75,777.5,78.875,1.0250000000000128,0
2015-02-09,0.6354323008901774,0.7721565844991642,0.9813064702716093,0.19245158197082998,0.0,0.0,0.0,102825.0,611.25,71.375,2.3625000000000185,0
2015-02-10,0.6486295610349814,0.7611042586607747,0.9873494423939864,0.15855938510313475,0.0,0.0,0.0,102962.5,137.5,69.625,2.6625000000000227,0
2015-02-11,0.6616346182422783,0.7498264012045686,0.9922222094179323,0.12447926388678915,0.0,0.0,0.0,102567.5,-395.0,73.125,3.6125000000000256,0
2015-02-12,0.6744436188329455,0.7383263540031065,0.995918996147179,0.09025161003104117,0.0,0.0,0.0,102252.5,-315.0,78.625,5.162500000000016,0
2015-02-13,0.6870527672236669,0.7266075247685656,0.9984354211555643,0.055916990100603484,0.0,0.0,0.0,102101.25,-151.25,84.5,7.337500000000027,0
2015-02-14,0.699458327051647,0.7146733860429609,0.9997685019798909,0.021516097436222254,0.4,0.0,0.4,101855.0,-246.25,83.625,8.762500000000024,1
2015-02-15,0.7116566222817746,0.7025274741691571,0.9999166586547379,-0.01291029607500882,2.4,1.0,2.8,101291.25,-563.75,81.0,8.637500000000017,1
2015-02-16,0.7236440382959124,0.6901733882429719,0.9988797155850336,-0.04732138832243185,10.1,1.0,12.899999999999999,101056.25,-235.0,83.25,8.187500000000021,0
2015-02-17,0.7354170229639855,0.6776147890466889,0.9966589017541702,-0.08167639533042241,0.0,0.0,12.5,101985.0,928.75,73.625,7.650000000000027,0
2015-02-18,0.7469720876965552,0.6648553979642865,0.9932568492674143,-0.11593459959550041,1.0,0.0,11.100000000000001,102966.25,981.25,82.0,8.47500000000003,0
2015-02-19,0.7583058084785624,0.6518989958787126,0.9886775902323405,-0.1500553983446526,0.0,0.0,1.0,103613.75,647.5,72.25,7.3000000000000185,0
2015-02-20,0.7694148268839378,0.6387494220515272,0.9829265519799822,-0.18399835165768005,0.0,0.0,1.0,103195.0,-418.75,74.25,6.325000000000024,0
2015-02-21,0.7802958510707755,0.6254105729852463,0.9760105506323683,-0.21772323039653177,0.0,0.0,0.0,102000.0,-1195.0,76.5,7.500000000000021,1
2015-02-22,0.7909456567567772,0.6118864012687243,0.9679377830240642,-0.25119006388481935,13.1,1.0,13.1,100731.25,-1268.75,85.75,7.137500000000024,0
2015-02-23,0.8013610881746766,0.5981809144059165,0.9587178169872964,-0.2843591872810034,0.0,0.0,13.1,101408.75,677.5,76.75,4.600000000000023,1
2015-02-24,0.8115390590073611,0.5842981736283684,0.9483615800121715,-0.3171912885891061,4.6,1.0,17.7,101087.5,-321.25,87.75,8.700000000000024,1
2015-02-25,0.8214765533024142,0.5702422926917871,0.9368813462954315,-0.3496474552512284,6.3999999999999995,1.0,11.0,101822.5,735.0,84.25,5.887500000000024,1
2015-02-26,0.8311706263658079,0.5560174366570446,0.9242907221930933,-0.3816892202666588,3.8000000000000003,1.0,14.799999999999999,102333.75,511.25,92.875,7.15000000000002,1
2015-02-27,0.8406184056344782,0.5416278206559814,0.9106046300942162,-0.4132786077829042,5.4,1.0,15.6,102158.75,-175.0,95.625,10.40000000000002,1
2015-02-28,0.8498170915275278,0.5270777086423722,0.895839290734909,-0.4443781781046132,5.800000000000001,1.0,15.0,102232.5,73.75,67.875,7.825000000000024,1
2015-03-01,0.8587639582758029,0.5123714121284237,0.8800122039735357,-0.47495107206704995,1.8,1.0,13.000000000000002,102322.5,90.0,76.0,6.487500000000026,1
2015-03-02,0.8674563547295969,0.49751328890718066,0.8631421280499114,-0.5049610547215204,3.6,1.0,11.200000000000001,101926.25,-396.25,91.5,12.775000000000027,1
2015-03-03,0.8758917051442429,0.48250774176121847,0.8452490573530633,-0.5343725582809786,5.4,1.0,10.8,102175.0,248.75,93.875,12.462500000000027,0
2015-03-04,0.8840675099433636,0.4673592171580022,0.8263541987239096,-0.5631507242749186,0.8,0.0,9.8,102581.25,406.25,89.0,10.600000000000023,1
2015-03-05,0.8919813464595485,0.45207220393230435,0.8064799463209448,-0.5912614448635781,6.2,1.0,12.4,103158.75,577.5,78.375,7.837500000000027,0
2015-03-06,0.8996308696522433,0.43665123195606403,0.7856498550787147,-0.6186714032625031,0.0,0.0,7.0,103748.75,590.0,64.125,6.400000000000034,0
2015-03-07,0.9070138128026359,0.4211008707960896,0.7638886127905428,-0.6453481132295501,0.0,0.0,6.2,103455.0,-293.75,52.25,7.8625000000000185,0
2015-03-08,0.9141279881853337,0.40542572835999735,0.7412220108485958,-0.6712599575675313,0.0,0.0,0.0,102920.0,-535.0,61.25,9.787500000000016,0
2015-03-09,0.9209712877166346,0.38963044953078796,0.717676913675962,-0.6963762255968722,0.0,0.0,0.0,102540.0,-380.0,64.75,10.875000000000021,0
2015-03-10,0.9275416835791966,0.37371971479046906,0.6932812268869777,-0.7206671495538609,0.0,0.0,0.0,102687.5,147.5,79.375,9.650000000000013,0
2015-03-11,0.9338372288229252,0.35769823883312546,0.6680638642135335,-0.7441039398713607,0.0,0.0,0.0,102697.5,10.0,78.75,10.237500000000026,0
2015-03-12,0.9398560579418954,0.3415707691678556,0.6420547132365637,-0.766658819300159,0.0,0.0,0.0,102556.25,-141.25,71.125,12.262500000000017,0
2015-03-13,0.9455963874271426,0.3253420847119801,0.6152845999633276,-0.7883050558305255,0.0,0.0,0.0,102330.0,-226.25,80.5,11.300000000000026,0
2015-03-14,0.9510565162951535,0.30901699437494745,0.5877852522924732,-0.8090169943749473,1.0,0.0,1.0,102390.0,60.0,81.875,9.300000000000026,1
2015-03-15,0.9562348265919056,0.29260033563334836,0.5595892624101765,-0.8287700871745038,3.6,1.0,4.6,102255.0,-135.0,81.125,6.4875000000000185,1
2015-03-16,0.9611297838723007,0.27609697309746883,0.5307300481619334,-0.8475409228928311,2.4,1.0,7.0,101991.25,-263.75,83.75,6.687500000000021,1
2015-03-17,0.9657399376548549,0.2595117970697999,0.5012418134457758,-0.865307254363206,4.3999999999999995,1.0,10.399999999999999,101958.75,-32.5,82.5,7.962500000000034,0
2015-03-22,0.9844738167520922,0.1755314904214282,0.3456123126707335,-0.9383773917408641,3.0,1.0,3.0,101493.75,-277.5,81.125,11.175000000000018,1
2015-03-23,0.9873494423939864,0.15855938510313475,0.3131070409358269,-0.9497178427914316,6.4,1.0,9.4,101378.75,-115.0,91.25,8.71250000000002,0
2015-03-24,0.989932495087353,0.141540295217043,0.28023067519921585,-0.9599326896597447,0.0,0.0,9.4,101136.25,-242.5,78.0,11.300000000000026,1
2015-03-25,0.9922222094179323,0.12447926388678915,0.24702218048093552,-0.9690098257244062,3.2,1.0,9.600000000000001,100875.0,-261.25,85.25,10.212500000000013,0
2015-03-26,0.994217906893952,0.10738134666416309,0.21352091543979612,-0.9769384927771817,0.2,0.0,3.4000000000000004,101196.25,321.25,80.875,6.47500000000003,0
2015-03-27,0.995918996147179,0.09025161003104117,0.1797665857255624,-0.9837092937736097,0.0,0.0,3.4000000000000004,101643.75,447.5,72.25,8.425000000000018,0
2015-03-28,0.9973249731081555,0.07309512989807777,0.1457991969198751,-0.9893142039703663,0.2,0.0,0.4,102533.75,890.0,69.5,11.312500000000014,1
2015-03-29,0.9984354211555643,0.055916990100603484,0.11165900712169512,-0.993746580436178,3.4,1.0,3.6,102753.75,220.0,88.375,12.312500000000021,0
2015-03-30,0.9992500112396835,0.03872228089217446,0.07738647923346301,-0.9970011699250151,0.6000000000000001,0.0,4.2,102486.25,-267.5,80.625,12.512500000000031,0
2015-03-31,0.9997685019798909,0.021516097436222254,0.04302223300453059,-0.99907411510223,0.6000000000000001,0.0,4.6,102408.75,-77.5,78.0,13.112500000000026,0
2015-04-01,0.9999907397361901,0.004303538296244289,0.008606996888688698,-0.9999629591162655,1.0,0.0,2.2,102800.0,391.25,85.25,12.71250000000002,0
2015-04-02,0.9999166586547379,-0.01291029607500882,-0.02581844022713239,-0.9996666485105112,0.0,0.0,1.6,103210.0,410.0,67.75,10.425000000000018,0
2015-04-03,0.9995462806873573,-0.030120304846908114,-0.060213277365792774,-0.9981855344718586,0.0,0.0,1.0,102935.0,-275.0,69.5,10.112500000000018,0
2015-04-04,0.9988797155850336,-0.04732138832243185,-0.09453674981719933,-0.9955213724144752,0.0,0.0,0.0,102206.25,-728.75,72.5,12.437500000000021,0
2015-04-05,0.9979171608653922,-0.06450844944931623,-0.12874817745258066,-0.99167731989929,0.6000000000000001,0.0,0.6000000000000001,101816.25,-390.0,81.25,10.96250000000002,0
2015-04-06,0.9966589017541702,-0.08167639533042241,-0.16280701293851646,-0.9866579328916572,0.8,0.0,1.4000000000000001,101757.5,-58.75,60.375,10.137500000000031,0
2015-04-07,0.9951053111006976,-0.09882013873287143,-0.19667288979357622,-0.9804691603616321,0.0,0.0,1.4000000000000001,102207.5,450.0,41.0,10.337500000000027,0
2015-04-08,0.9932568492674143,-0.11593459959550041,-0.23030567023061196,-0.973118337233262,0.0,0.0,0.8,102718.75,511.25,41.25,11.962500000000027,0
2015-04-09,0.9911140639934547,-0.1330147065341959,-0.2636654927280072,-0.9646141756912435,0.0,0.0,0.0,102726.25,7.5,52.625,12.637500000000024,0
2015-04-10,0.9886775902323405,-0.1500553983446526,-0.2967128192734901,-0.9549667548552553,0.0,0.0,0.0,102406.25,-320.0,57.375,12.900000000000027,0
2015-04-11,0.9859481499638304,-0.16705162550211924,-0.3294084822245302,-0.9441875088341994,0.0,0.0,0.0,102261.25,-145.0,62.625,13.437500000000028,0
2015-04-12,0.9829265519799822,-0.18399835165768005,-0.3617137307297674,-0.9322892131745134,0.0,0.0,0.0,102625.0,363.75,71.375,14.025000000000034,0
2015-04-13,0.9796136916454901,-0.20089055513063506,-0.39359027665646645,-0.9192859697186105,0.0,0.0,0.0,102796.25,171.25,59.25,16.175000000000026,0
2015-04-14,0.9760105506323683,-0.21772323039653177,-0.42500033996955394,-0.9051931898913975,0.0,0.0,0.0,102823.75,27.5,46.125,18.45000000000001,0
2015-04-15,0.9721181966290613,-0.23449138957040985,-0.455906693508459,-0.8900275764346766,0.0,0.0,0.0,102427.5,-396.25,41.75,19.61250000000002,0
2015-04-16,0.9679377830240642,-0.25119006388481935,-0.4862727071086902,-0.8738071036110807,0.0,0.0,0.0,101693.75,-733.75,38.625,17.65000000000002,1
2015-04-17,0.9634705485641488,-0.2678143051621742,-0.5160623910158526,-0.8565509959010037,2.6,1.0,2.6,101392.5,-301.25,72.875,16.27500000000002,0
2015-04-18,0.9587178169872964,-0.2843591872810034,-0.5452404385406507,-0.8382797052177745,0.2,0.0,2.8000000000000003,101766.25,373.75,81.5,15.137500000000024,1
2015-04-19,0.9536809966304457,-0.30081980763566735,-0.5737722679043243,-0.8190148866680802,15.3,1.0,18.1,101398.75,-367.5,71.875,15.71250000000002,1
2015-04-20,0.9483615800121715,-0.3171912885891061,-0.6016240632249227,-0.7987793728863648,14.3,1.0,29.800000000000004,101520.0,121.25,92.625,12.512500000000024,1
2015-04-21,0.9427611433904207,-0.3334687789181868,-0.6287628145958345,-0.7775971469736268,3.0,1.0,32.6,102280.0,760.0,71.625,14.187500000000021,0
2015-04-22,0.9368813462954315,-0.3496474552512284,-0.655156357209085,-0.7554933140726804,0.4,0.0,17.7,102333.75,53.75,63.5,16.062500000000014,0
2015-04-23,0.9307239310379795,-0.36572252349726897,-0.6807734094770159,-0.7324940716135792,0.0,0.0,3.4,101976.25,-357.5,64.125,15.900000000000027,1
2015-04-24,0.9242907221930933,-0.3816892202666588,-0.7055836101071774,-0.70862667826446,1.5999999999999999,1.0,2.0,101943.75,-32.5,80.125,15.000000000000021,0
2015-04-25,0.9175836260593937,-0.39754281428255595,-0.7295575540864876,-0.6839194216246105,0.0,0.0,1.6,101533.75,-410.0,68.5,16.00000000000002,0
2015-04-26,0.9106046300942162,-0.4132786077829042,-0.7526668275320083,-0.6584015846980489,0.0,0.0,1.6,101211.25,-322.5,67.25,18.37500000000002,1
2015-04-27,0.9033558023246845,-0.4288919379124835,-0.7748840413670406,-0.6321034111873488,8.3,1.0,8.3,100608.75,-602.5,87.375,15.875000000000028,1
2015-04-28,0.895839290734909,-0.4443781781046132,-0.7961828637826154,-0.6050560696488494,17.6,1.0,25.900000000000002,100741.25,132.5,88.625,13.350000000000023,0
2015-04-29,0.8880573226294932,-0.45973273945210397,-0.8165380514459157,-0.5772916165517278,0.8,0.0,26.700000000000003,102078.75,1337.5,68.25,12.262500000000024,0
2015-04-30,0.8800122039735357,-0.47495107206704995,-0.8359254794186365,-0.5488429582847199,0.0,0.0,18.400000000000002,101973.75,-105.0,62.375,12.287500000000023,0
2015-05-01,0.8717063187093218,-0.4900286664290592,-0.8543221697498269,-0.5197438121555157,0.0,0.0,0.8,101827.5,-146.25,63.375,15.587500000000034,1
2015-05-02,0.8631421280499114,-0.5049610547215204,-0.8717063187093217,-0.4900286664290594,2.8000000000000003,1.0,2.8000000000000003,101305.0,-522.5,82.625,16.087500000000027,0
2015-05-03,0.854322169749827,-0.5197438121555155,-0.888057322629493,-0.4597327394521046,0.0,0.0,2.8000000000000003,101235.0,-70.0,78.125,18.37500000000003,1
2015-05-04,0.8452490573530633,-0.5343725582809786,-0.9033558023246842,-0.4288919379124841,3.2,1.0,6.0,100892.5,-342.5,76.875,20.212500000000027,1
2015-05-05,0.8359254794186372,-0.548842958284719,-0.9175836260593934,-0.3975428142825566,6.3,1.0,9.5,100638.75,-253.75,83.75,18.175000000000026,0
2015-05-06,0.8263541987239096,-0.5631507242749186,-0.9307239310379793,-0.3657225234972692,0.0,0.0,9.5,101112.5,473.75,69.625,16.97500000000003,0
2015-05-07,0.8165380514459161,-0.5772916165517272,-0.9427611433904206,-0.33346877891818705,0.0,0.0,6.3,101938.75,826.25,65.0,15.262500000000024,0
2015-05-08,0.8064799463209448,-0.5912614448635781,-0.9536809966304455,-0.300819807635668,0.0,0.0,0.0,101822.5,-116.25,56.5,16.81250000000002,0
2015-05-09,0.7961828637826158,-0.6050560696488488,-0.9634705485641486,-0.26781430516217486,0.0,0.0,0.0,101622.5,-200.0,53.875,19.050000000000026,0
2015-05-10,0.7856498550787147,-0.6186714032625031,-0.9721181966290612,-0.23449138957041052,0.0,0.0,0.0,102646.25,1023.75,72.375,17.41250000000003,0
2015-05-11,0.7748840413670407,-0.6321034111873487,-0.9796136916454901,-0.20089055513063528,0.0,0.0,0.0,102371.25,-275.0,56.5,20.137500000000017,0
2015-05-12,0.7638886127905428,-0.6453481132295501,-0.9859481499638303,-0.1670516255021195,0.0,0.0,0.0,102085.0,-286.25,43.0,21.587500000000027,0
2015-05-13,0.7526668275320085,-0.6584015846980488,-0.9911140639934546,-0.13301470653419636,0.0,0.0,0.0,102086.25,1.25,71.25,19.837500000000034,0
2015-05-14,0.7412220108485958,-0.6712599575675313,-0.9951053111006974,-0.09882013873287211,0.0,0.0,0.0,101945.0,-141.25,75.375,19.90000000000002,0
2015-05-15,0.7295575540864875,-0.6839194216246106,-0.9979171608653922,-0.06450844944931625,0.0,0.0,0.0,101738.75,-206.25,79.75,16.200000000000024,1
2015-05-16,0.717676913675962,-0.6963762255968722,-0.9995462806873573,-0.03012030484690836,4.6,1.0,4.6,102011.25,272.5,71.25,13.287500000000016,0
2015-05-17,0.705583610107178,-0.7086266782644596,-0.9999907397361901,0.004303538296243821,0.0,0.0,4.6,102937.5,926.25,78.0,14.337500000000027,0
2015-05-18,0.6932812268869777,-0.7206671495538609,-0.9992500112396835,0.03872228089217399,0.0,0.0,4.6,102626.25,-311.25,71.125,17.050000000000026,0
2015-05-19,0.6807734094770161,-0.7324940716135789,-0.9973249731081555,0.07309512989807776,0.0,0.0,0.0,101601.25,-1025.0,68.875,17.362500000000026,1
2015-05-20,0.6680638642135335,-0.7441039398713607,-0.994217906893952,0.10738134666416306,4.4,1.0,4.4,101728.75,127.5,82.75,12.487500000000026,1
2015-05-21,0.6551563572090853,-0.7554933140726803,-0.989932495087353,0.141540295217043,1.8,1.0,6.2,102120.0,391.25,79.125,12.012500000000024,0
2015-05-22,0.6420547132365637,-0.766658819300159,-0.9844738167520923,0.17553149042142777,0.0,0.0,6.2,102740.0,620.0,60.875,13.325000000000017,0
2015-05-23,0.6287628145958344,-0.7775971469736269,-0.9778483415056567,0.20931464596304888,0.0,0.0,1.8,102595.0,-145.0,58.125,14.562500000000021,0
2015-05-24,0.6152845999633276,-0.7883050558305255,-0.970063921851507,0.2428497220959358,0.0,0.0,0.0,102103.75,-491.25,70.0,15.387500000000024,0
2015-05-25,0.6016240632249226,-0.7987793728863649,-0.9611297838723007,0.27609697309746883,0.0,0.0,0.0,101906.25,-197.5,70.625,17.81250000000003,0
2015-05-26,0.5877852522924732,-0.8090169943749473,-0.9510565162951536,0.30901699437494723,0.0,0.0,0.0,101970.0,63.75,78.25,16.825000000000024,0
2015-05-27,0.5737722679043246,-0.8190148866680801,-0.9398560579418953,0.341570769167856,0.0,0.0,0.0,102127.5,157.5,69.25,15.987500000000026,0
2015-05-28,0.5595892624101765,-0.8287700871745038,-0.9275416835791965,0.3737197147904692,0.0,0.0,0.0,102295.0,167.5,47.75,17.16250000000003,0
2015-06-05,0.440518784350495,-0.8977433935342337,-0.7909456567567774,0.6118864012687242,0.0,0.0,0.0,101936.25,-206.25,49.5,26.350000000000023,0
2015-06-06,0.42500033996955416,-0.9051931898913974,-0.7694148268839381,0.6387494220515268,0.0,0.0,0.0,101827.5,-108.75,47.25,25.512500000000017,0
2015-06-07,0.4093559588156213,-0.9123747579707273,-0.7469720876965551,0.6648553979642866,0.0,0.0,0.0,102317.5,490.0,65.0,22.21250000000002,0
2015-06-08,0.39359027665646673,-0.9192859697186104,-0.7236440382959124,0.690173388242972,0.0,0.0,0.0,102235.0,-82.5,59.625,23.575000000000024,0
2015-06-09,0.3777079652039649,-0.9259247771938498,-0.6994583270516471,0.7146733860429608,0.0,0.0,0.0,101822.5,-412.5,58.25,24.462500000000013,0
2015-06-10,0.36171373072976765,-0.9322892131745133,-0.6744436188329457,0.7383263540031063,0.2,0.0,0.2,101620.0,-202.5,65.5,21.97500000000003,0
2015-06-11,0.3456123126707335,-0.9383773917408641,-0.6486295610349818,0.7611042586607742,0.2,0.0,0.4,101476.25,-143.75,77.375,19.025000000000027,0
2015-06-12,0.3294084822245304,-0.9441875088341993,-0.622046748440868,0.7829801036770624,1.0,0.0,1.4,101131.25,-345.0,69.125,23.02500000000002,1
2015-06-13,0.3131070409358269,-0.9497178427914316,-0.594726686960764,0.8039279618328208,8.5,1.0,9.7,101122.5,-8.75,82.375,19.35000000000003,1
2015-06-14,0.29671281927349075,-0.9549667548552551,-0.5667017562911184,0.8239230057575536,1.8,1.0,11.3,101087.5,-35.0,79.0,19.675000000000026,1
2015-06-15,0.28023067519921585,-0.9599326896597447,-0.5380051715382992,0.8429415373547832,42.6,1.0,52.900000000000006,101192.5,105.0,82.0,18.23750000000002,0
2015-06-16,0.26366549272800704,-0.9646141756912435,-0.5086709438521042,0.8609610158889945,0.0,0.0,44.4,101711.25,518.75,70.125,19.137500000000024,1
2015-06-17,0.24702218048093552,-0.9690098257244062,-0.4787338401157883,0.8779600847008883,16.2,1.0,58.8,102126.25,415.0,93.25,16.625000000000014,0
2015-06-18,0.23030567023061221,-0.9731183372332619,-0.4482293417404106,0.893918596519257,0.0,0.0,16.2,102403.75,277.5,65.25,19.087500000000027,0
2015-06-19,0.21352091543979612,-0.9769384927771817,-0.41719360261231697,0.9088176373395028,0.0,0.0,16.2,102311.25,-92.5,63.0,20.60000000000003,0
2015-06-20,0.19667288979357647,-0.980469160361632,-0.38566340624360745,0.9226395488404875,0.0,0.0,0.0,102127.5,-183.75,71.875,19.525000000000027,0
2015-06-21,0.1797665857255624,-0.9837092937736097,-0.3536761221763721,0.935367949313148,0.0,0.0,0.0,102186.25,58.75,60.875,20.475000000000016,0
2015-06-22,0.16280701293851715,-0.986657932891657,-0.32126966169236515,0.9469877530760751,0.0,0.0,0.0,101963.75,-222.5,56.125,22.387500000000024,0
2015-06-23,0.1457991969198751,-0.9893142039703663,-0.2884824328806098,0.9574851883550389,0.0,0.0,0.0,101430.0,-533.75,54.125,24.975000000000023,0
2015-06-24,0.12874817745258132,-0.99167731989929,-0.2553532951161881,0.9668478136052773,0.0,0.0,0.0,101543.75,113.75,45.25,21.987500000000026,0
2015-06-25,0.11165900712169512,-0.993746580436178,-0.22192151300416674,0.9750645322571945,0.0,0.0,0.0,101891.25,347.5,49.75,21.75000000000002,0
2015-06-26,0.09453674981719912,-0.9955213724144752,-0.1882267098432439,0.9821256058680006,0.0,0.0,0.0,102090.0,198.75,45.75,23.775000000000027,0
2015-06-27,0.07738647923346301,-0.9970011699250151,-0.154308820664281,0.9880226656636976,0.0,0.0,0.0,102002.5,-87.5,42.625,25.55000000000002,0
2015-06-28,0.06021327736579302,-0.9981855344718586,-0.12020804489935275,0.9927487224577402,0.0,0.0,0.0,102201.25,198.75,67.75,22.00000000000003,0
2015-06-29,0.04302223300453059,-0.99907411510223,-0.0859647987374467,0.9962981749346077,0.0,0.0,0.0,102008.75,-192.5,55.0,24.387500000000017,0
2015-06-30,0.02581844022713308,-0.9996666485105112,-0.05161966722325418,0.9986668162884759,0.0,0.0,0.0,102058.75,50.0,53.5,25.38750000000004,0
2015-07-01,0.008606996888688698,-0.9999629591162655,-0.01721335615583528,0.9998518392091162,0.0,0.0,0.0,101472.5,-586.25,45.625,27.40000000000002,0
2015-07-02,-0.008606996888688009,-0.9999629591162655,0.017213356155833904,0.9998518392091162,0.0,0.0,0.0,101411.25,-61.25,48.0,26.62500000000003,0
2015-07-03,-0.02581844022713239,-0.9996666485105112,0.0516196672232528,0.998666816288476,0.2,0.0,0.2,101871.25,460.0,61.25,24.837500000000027,0
2015-07-04,-0.04302223300453034,-0.99907411510223,0.08596479873744621,0.9962981749346078,0.0,0.0,0.2,101852.5,-18.75,47.125,27.375000000000036,0
2015-07-05,-0.060213277365792774,-0.9981855344718586,0.12020804489935226,0.9927487224577403,0.0,0.0,0.2,101978.75,126.25,52.5,27.550000000000026,0
2015-07-06,-0.07738647923346322,-0.9970011699250151,0.15430882066428142,0.9880226656636976,0.0,0.0,0.0,101817.5,-161.25,62.5,25.93750000000003,0
2015-07-07,-0.09453674981719933,-0.9955213724144752,0.1882267098432443,0.9821256058680006,0.0,0.0,0.0,101770.0,-47.5,51.5,27.950000000000024,0
2015-07-08,-0.11165900712169444,-0.9937465804361781,0.2219215130041654,0.9750645322571948,0.0,0.0,0.0,101593.75,-176.25,60.5,26.42500000000002,0
2015-07-09,-0.12874817745258066,-0.99167731989929,0.25535329511618676,0.9668478136052776,0.0,0.0,0.0,102067.5,473.75,60.375,21.750000000000014,0
2015-07-10,-0.14579919691987442,-0.9893142039703664,0.28848243288060854,0.9574851883550394,0.0,0.0,0.0,102165.0,97.5,50.875,20.93750000000003,0
2015-07-11,-0.16280701293851646,-0.9866579328916572,0.3212696616923639,0.9469877530760755,0.0,0.0,0.0,101621.25,-543.75,47.75,24.52500000000002,0
2015-07-12,-0.17976658572556214,-0.9837092937736098,0.3536761221763716,0.9353679493131483,0.0,0.0,0.0,102232.5,611.25,61.375,23.300000000000026,0
2015-07-13,-0.19667288979357622,-0.9804691603616321,0.38566340624360695,0.9226395488404876,0.0,0.0,0.0,102216.25,-16.25,56.5,22.67500000000002,0
2015-07-14,-0.2135209154397959,-0.9769384927771817,0.4171936026123165,0.908817637339503,0.0,0.0,0.0,102211.25,-5.0,48.875,22.825000000000024,0
2015-07-15,-0.23030567023061196,-0.973118337233262,0.4482293417404102,0.8939185965192572,0.0,0.0,0.0,102115.0,-96.25,49.375,24.225000000000023,0
2015-07-16,-0.24702218048093527,-0.9690098257244063,0.47873384011578785,0.8779600847008885,0.0,0.0,0.0,101752.5,-362.5,45.625,26.637500000000024,0
2015-07-17,-0.2636654927280072,-0.9646141756912435,0.5086709438521045,0.8609610158889943,0.0,0.0,0.0,101423.75,-328.75,46.0,27.500000000000014,0
2015-07-18,-0.2802306751992161,-0.9599326896597445,0.5380051715382995,0.8429415373547829,0.0,0.0,0.0,101688.75,265.0,63.125,27.02500000000002,1
2015-07-19,-0.2967128192734901,-0.9549667548552553,0.5667017562911173,0.8239230057575544,10.7,1.0,10.7,101523.75,-165.0,63.375,27.000000000000014,1
2015-07-20,-0.3131070409358267,-0.9497178427914317,0.5947266869607636,0.8039279618328211,5.7,1.0,16.4,101691.25,167.5,70.25,24.01250000000003,0
2015-07-21,-0.3294084822245302,-0.9441875088341994,0.6220467484408676,0.7829801036770627,0.2,0.0,16.599999999999998,101616.25,-75.0,57.0,26.337500000000013,0
2015-07-22,-0.3456123126707333,-0.9383773917408642,0.6486295610349815,0.7611042586607746,0.0,0.0,5.9,101457.5,-158.75,51.875,28.37500000000002,1
2015-07-23,-0.3617137307297674,-0.9322892131745134,0.6744436188329453,0.7383263540031066,14.1,1.0,14.3,101722.5,265.0,74.5,24.237500000000026,0
2015-07-24,-0.37770796520396466,-0.9259247771938499,0.6994583270516468,0.7146733860429613,0.0,0.0,14.1,101711.25,-11.25,57.5,23.90000000000002,0
2015-07-25,-0.39359027665646645,-0.9192859697186105,0.723644038295912,0.6901733882429724,0.6,0.0,14.7,101133.75,-577.5,58.75,24.325000000000017,0
2015-07-26,-0.4093559588156211,-0.9123747579707274,0.7469720876965548,0.664855397964287,0.0,0.0,0.6,101847.5,713.75,53.25,21.61250000000002,0
2015-07-27,-0.42500033996955394,-0.9051931898913975,0.7694148268839378,0.6387494220515272,0.0,0.0,0.6,101467.5,-380.0,48.625,22.962500000000027,0
2015-07-28,-0.4405187843504952,-0.8977433935342336,0.7909456567567776,0.6118864012687238,0.0,0.0,0.0,101526.25,58.75,60.0,22.787500000000023,0
2015-07-29,-0.455906693508459,-0.8900275764346766,0.8115390590073613,0.5842981736283681,0.0,0.0,0.0,101550.0,23.75,59.875,22.037500000000023,0
2015-07-30,-0.47115950767386394,-0.8820480249558535,0.8311706263658081,0.5560174366570443,0.8,0.0,0.8,101441.25,-108.75,74.125,21.12500000000002,1
2015-07-31,-0.4862727071086902,-0.8738071036110807,0.8498170915275279,0.527077708642372,9.4,1.0,10.200000000000001,101717.5,276.25,87.625,16.925000000000026,1
2015-08-01,-0.5012418134457756,-0.8653072543632061,0.8674563547295968,0.49751328890718066,6.6000000000000005,1.0,16.8,101315.0,-402.5,89.0,16.412500000000023,0
2015-08-02,-0.5160623910158526,-0.8565509959010037,0.8840675099433635,0.46735921715800244,0.0,0.0,16.0,101645.0,330.0,67.625,19.850000000000023,0
2015-08-03,-0.5307300481619331,-0.8475409228928312,0.8996308696522431,0.43665123195606426,0.0,0.0,6.6000000000000005,101600.0,-45.0,54.625,22.36250000000002,0
2015-08-04,-0.5452404385406507,-0.8382797052177745,0.9141279881853336,0.40542572835999774,0.2,0.0,0.2,101428.75,-171.25,46.625,26.987500000000026,1
2015-08-05,-0.5595892624101763,-0.828770087174504,0.9275416835791963,0.37371971479046967,3.6,1.0,3.8000000000000003,101817.5,388.75,78.625,21.537500000000016,0
2015-08-06,-0.5737722679043243,-0.8190148866680802,0.9398560579418951,0.34157076916785645,0.0,0.0,3.8000000000000003,101306.25,-511.25,60.75,26.48750000000002,0
2015-08-07,-0.5877852522924734,-0.8090169943749472,0.9510565162951538,0.30901699437494684,0.0,0.0,3.6,101510.0,203.75,69.375,24.775000000000027,0
2015-08-08,-0.6016240632249227,-0.7987793728863648,0.9611297838723009,0.27609697309746845,0.0,0.0,0.0,101592.5,82.5,72.625,24.450000000000024,1
2015-08-09,-0.6152845999633277,-0.7883050558305253,0.9700639218515071,0.24284972209593542,14.299999999999999,1.0,14.299999999999999,102181.25,588.75,86.625,18.637500000000024,1
2015-08-10,-0.6287628145958345,-0.7775971469736268,0.9778483415056568,0.2093146459630485,8.5,1.0,22.799999999999997,102241.25,60.0,92.25,17.037500000000016,0
2015-08-11,-0.6420547132365636,-0.7666588193001592,0.9844738167520922,0.17553149042142824,0.0,0.0,22.799999999999997,101873.75,-367.5,74.0,21.162500000000023,0
2015-08-12,-0.655156357209085,-0.7554933140726804,0.989932495087353,0.14154029521704348,0.0,0.0,8.5,101353.75,-520.0,62.0,24.387500000000024,0
2015-08-13,-0.6680638642135333,-0.7441039398713608,0.9942179068939518,0.10738134666416355,0.0,0.0,0.0,101458.75,105.0,59.125,26.08750000000002,1
2015-08-14,-0.6807734094770159,-0.7324940716135792,0.9973249731081555,0.07309512989807825,28.900000000000002,1.0,28.900000000000002,101417.5,-41.25,82.875,21.875000000000014,1
2015-08-15,-0.6932812268869771,-0.7206671495538615,0.9992500112396835,0.038722280892175366,1.2000000000000002,1.0,30.1,101661.25,243.75,83.375,17.93750000000003,1
2015-08-16,-0.7055836101071774,-0.70862667826446,0.9999907397361901,0.004303538296245199,1.2,1.0,31.3,101617.5,-43.75,77.25,18.037500000000023,0
2015-08-17,-0.7176769136759615,-0.6963762255968726,0.9995462806873574,-0.030120304846906983,0.0,0.0,2.4000000000000004,101512.5,-105.0,62.125,18.400000000000027,0
2015-08-18,-0.7295575540864876,-0.6839194216246105,0.9979171608653922,-0.06450844944931665,0.0,0.0,1.2,101488.75,-23.75,55.0,20.15000000000002,0
2015-08-19,-0.7412220108485957,-0.6712599575675315,0.9951053111006976,-0.09882013873287163,0.0,0.0,0.0,101583.75,95.0,54.5,20.475000000000023,0
2015-08-20,-0.7526668275320083,-0.6584015846980489,0.9911140639934547,-0.13301470653419586,0.0,0.0,0.0,101992.5,408.75,59.5,20.075000000000024,0
2015-08-21,-0.7638886127905429,-0.64534811322955,0.9859481499638303,-0.16705162550211988,0.0,0.0,0.0,102183.75,191.25,57.625,21.23750000000002,0
2015-08-22,-0.7748840413670406,-0.6321034111873488,0.9796136916454901,-0.2008905551306348,0.0,0.0,0.0,101947.5,-236.25,53.125,23.62500000000003,0
2015-08-23,-0.7856498550787144,-0.6186714032625032,0.9721181966290613,-0.23449138957041005,0.8,0.0,0.8,101290.0,-657.5,70.875,23.13750000000003,1
2015-08-24,-0.7961828637826154,-0.6050560696488494,0.963470548564149,-0.2678143051621735,1.4,1.0,2.2,100822.5,-467.5,82.375,20.400000000000027,0
2015-08-25,-0.8064799463209447,-0.5912614448635782,0.9536809966304456,-0.3008198076356675,0.0,0.0,2.2,101157.5,335.0,65.75,19.58750000000002,0
2015-08-26,-0.8165380514459157,-0.5772916165517278,0.942761143390421,-0.33346877891818577,0.0,0.0,1.4,101925.0,767.5,55.875,20.487500000000026,0
2015-08-27,-0.8263541987239094,-0.5631507242749187,0.9307239310379796,-0.36572252349726875,0.0,0.0,0.0,101475.0,-450.0,52.625,23.58750000000002,0
2015-08-28,-0.8359254794186365,-0.5488429582847199,0.9175836260593944,-0.3975428142825545,0.0,0.0,0.0,101281.25,-193.75,75.125,24.36250000000002,0
2015-08-29,-0.8452490573530634,-0.5343725582809785,0.903355802324684,-0.4288919379124845,0.0,0.0,0.0,101662.5,381.25,72.375,25.325000000000024,0
2015-08-30,-0.8543221697498269,-0.5197438121555157,0.8880573226294932,-0.45973273945210413,0.0,0.0,0.0,101728.75,66.25,65.125,25.46250000000002,0
2015-08-31,-0.8631421280499115,-0.5049610547215202,0.8717063187093216,-0.4900286664290598,0.0,0.0,0.0,101565.0,-163.75,58.375,25.550000000000033,1
2015-09-01,-0.8717063187093217,-0.4900286664290594,0.8543221697498272,-0.5197438121555152,19.3,1.0,19.3,101410.0,-155.0,75.0,23.88750000000003,1
2015-09-02,-0.8800122039735356,-0.4749510720670502,0.8359254794186368,-0.5488429582847194,7.1000000000000005,1.0,26.400000000000002,101800.0,390.0,81.25,20.162500000000023,0
2015-09-03,-0.888057322629493,-0.4597327394521046,0.8165380514459165,-0.5772916165517267,0.0,0.0,26.400000000000002,101750.0,-50.0,64.625,18.900000000000034,0
2015-09-04,-0.8958392907349089,-0.4443781781046134,0.7961828637826157,-0.605056069648849,1.0,0.0,8.100000000000001,101630.0,-120.0,75.125,19.025000000000027,0
2015-09-09,-0.9307239310379793,-0.3657225234972692,0.6807734094770164,-0.7324940716135787,0.0,0.0,0.0,101881.25,-405.0,60.125,17.412500000000023,0
2015-09-10,-0.9368813462954315,-0.34964745525122826,0.6551563572090847,-0.7554933140726807,0.0,0.0,0.0,101508.75,-372.5,53.25,19.700000000000024,0
2015-09-11,-0.9427611433904206,-0.33346877891818705,0.6287628145958348,-0.7775971469736266,0.2,0.0,0.2,101571.25,62.5,73.125,18.26250000000001,0
2015-09-12,-0.9483615800121716,-0.31719128858910595,0.6016240632249223,-0.798779372886365,0.2,0.0,0.4,101443.75,-127.5,73.0,19.35000000000003,1
2015-09-13,-0.9536809966304455,-0.300819807635668,0.5737722679043255,-0.8190148866680794,1.4,1.0,1.7999999999999998,101266.25,-177.5,76.875,21.150000000000013,0
2015-09-14,-0.9587178169872964,-0.2843591872810036,0.5452404385406511,-0.8382797052177742,0.2,0.0,1.7999999999999998,100730.0,-536.25,78.0,20.712500000000013,0
2015-09-15,-0.9634705485641486,-0.26781430516217486,0.5160623910158538,-0.8565509959010029,0.0,0.0,1.5999999999999996,101231.25,501.25,73.125,16.725000000000023,0
2015-09-16,-0.9679377830240642,-0.25119006388481957,0.4862727071086906,-0.8738071036110805,0.0,0.0,0.1999999999999998,100651.25,-580.0,73.125,18.650000000000027,0
2015-09-17,-0.9721181966290612,-0.23449138957041052,0.45590669350846025,-0.8900275764346759,0.0,0.0,0.0,99731.25,-920.0,58.375,24.325000000000017,1
2015-09-18,-0.9760105506323682,-0.21772323039653224,0.4250003399695548,-0.9051931898913971,17.5,1.0,17.5,100996.25,1265.0,78.125,17.100000000000016,1
2015-09-19,-0.9796136916454901,-0.20089055513063528,0.39359027665646695,-0.9192859697186104,1.4,1.0,18.9,102122.5,1126.25,72.75,16.25000000000002,0
2015-09-20,-0.9829265519799822,-0.18399835165767986,0.36171373072976704,-0.9322892131745135,0.0,0.0,18.9,102530.0,407.5,71.625,16.612500000000026,0
2015-09-21,-0.9859481499638303,-0.1670516255021195,0.3294084822245307,-0.9441875088341992,0.0,0.0,1.4,102372.5,-157.5,67.0,16.37500000000003,0
2015-09-22,-0.9886775902323404,-0.15005539834465262,0.29671281927349014,-0.9549667548552553,0.0,0.0,0.0,101793.75,-578.75,66.75,16.67500000000002,0
2015-09-23,-0.9911140639934546,-0.13301470653419636,0.26366549272800816,-0.9646141756912432,0.4,0.0,0.4,101467.5,-326.25,78.625,16.12500000000003,1
2015-09-24,-0.9932568492674143,-0.11593459959550066,0.23030567023061246,-0.9731183372332619,1.4,1.0,1.7999999999999998,101782.5,315.0,73.375,14.637500000000017,0
2015-09-25,-0.9951053111006974,-0.09882013873287211,0.19667288979357758,-0.9804691603616318,0.0,0.0,1.7999999999999998,102180.0,397.5,68.625,14.625000000000021,0
2015-09-26,-0.99665890175417,-0.08167639533042288,0.16280701293851738,-0.9866579328916569,0.0,0.0,1.4,102148.75,-31.25,70.0,16.400000000000034,0
2015-09-27,-0.9979171608653922,-0.06450844944931625,0.1287481774525807,-0.99167731989929,0.0,0.0,0.0,101947.5,-201.25,68.375,16.662500000000016,0
2015-09-28,-0.9988797155850335,-0.04732138832243232,0.09453674981720026,-0.9955213724144751,0.0,0.0,0.0,102138.75,191.25,75.625,15.675000000000033,0
2015-09-29,-0.9995462806873573,-0.03012030484690836,0.060213277365793266,-0.9981855344718586,0.0,0.0,0.0,102328.75,190.0,69.375,16.862500000000026,0
2015-09-30,-0.9999166586547379,-0.012910296075008843,0.02581844022713244,-0.9996666485105112,0.0,0.0,0.0,101978.75,-350.0,68.375,16.18750000000003,0
2015-10-01,-0.9999907397361901,0.004303538296243821,-0.008606996888687764,-0.9999629591162655,0.4,0.0,0.4,102001.25,22.5,61.125,17.262500000000017,1
2015-10-02,-0.9997685019798909,0.021516097436222233,-0.04302223300453054,-0.99907411510223,10.899999999999999,1.0,11.299999999999999,101988.75,-12.5,72.75,15.512500000000017,0
2015-10-03,-0.9992500112396835,0.03872228089217399,-0.07738647923346208,-0.9970011699250152,0.0,0.0,11.299999999999999,101802.5,-186.25,76.625,16.012500000000017,0
2015-10-04,-0.9984354211555643,0.05591699010060302,-0.11165900712169419,-0.9937465804361781,0.0,0.0,10.899999999999999,101596.25,-206.25,73.625,14.887500000000017,0
2015-10-05,-0.9973249731081555,0.07309512989807776,-0.14579919691987506,-0.9893142039703663,0.0,0.0,0.0,101678.75,82.5,76.0,13.275000000000027,0
2015-10-06,-0.9959189961471792,0.0902516100310407,-0.17976658572556148,-0.9837092937736099,0.2,0.0,0.2,101202.5,-476.25,75.25,18.450000000000024,0
2015-10-07,-0.994217906893952,0.10738134666416306,-0.2135209154397961,-0.9769384927771817,0.2,0.0,0.4,100952.5,-250.0,71.625,20.312500000000014,0
2015-10-08,-0.9922222094179324,0.12447926388678869,-0.2470221804809346,-0.9690098257244064,0.0,0.0,0.4,101947.5,995.0,71.625,16.225000000000023,0
2015-10-09,-0.989932495087353,0.141540295217043,-0.28023067519921585,-0.9599326896597447,0.0,0.0,0.2,102015.0,67.5,66.75,14.912500000000016,0
2015-10-10,-0.9873494423939864,0.15855938510313475,-0.31310704093582686,-0.9497178427914317,0.0,0.0,0.0,101652.5,-362.5,63.625,13.100000000000023,0
2015-10-11,-0.9844738167520923,0.17553149042142777,-0.3456123126707326,-0.9383773917408644,0.0,0.0,0.0,101068.75,-583.75,69.875,14.200000000000017,0
2015-10-12,-0.9813064702716093,0.19245158197082995,-0.3777079652039649,-0.9259247771938498,0.0,0.0,0.0,100703.75,-365.0,66.0,15.600000000000023,0
2015-10-13,-0.9778483415056567,0.20931464596304888,-0.4093559588156221,-0.912374757970727,0.0,0.0,0.0,101037.5,333.75,67.375,17.825000000000017,1
2015-10-14,-0.9741004551724206,0.22611568550828803,-0.4405187843504946,-0.8977433935342339,1.8,1.0,1.8,101578.75,541.25,91.375,13.287500000000016,0
2015-10-15,-0.970063921851507,0.2428497220959358,-0.47115950767386416,-0.8820480249558535,0.0,0.0,1.8,101826.25,247.5,69.75,8.662500000000023,0
2015-10-16,-0.965739937654855,0.25951179706979943,-0.5012418134457749,-0.8653072543632064,0.0,0.0,1.8,101867.5,41.25,69.625,8.562500000000028,0
2015-10-17,-0.9611297838723007,0.27609697309746883,-0.5307300481619333,-0.8475409228928311,0.0,0.0,0.0,101957.5,90.0,65.25,8.600000000000023,0
2015-10-18,-0.9562348265919058,0.2926003356333479,-0.5595892624101757,-0.8287700871745043,0.0,0.0,0.0,101613.75,-343.75,69.875,10.175000000000026,1
2015-10-19,-0.9510565162951536,0.30901699437494723,-0.5877852522924728,-0.8090169943749477,1.8,1.0,1.8,101372.5,-241.25,87.5,14.100000000000016,0
2015-10-20,-0.9455963874271428,0.3253420847119795,-0.6152845999633265,-0.7883050558305263,0.0,0.0,1.8,101330.0,-42.5,83.625,16.11250000000002,0
2015-10-21,-0.9398560579418953,0.341570769167856,-0.6420547132365644,-0.7666588193001584,0.0,0.0,1.8,101921.25,591.25,76.5,11.91250000000003,0
2015-10-22,-0.9338372288229252,0.35769823883312546,-0.6680638642135334,-0.7441039398713607,0.0,0.0,0.0,102270.0,348.75,76.25,10.050000000000018,0
2015-10-23,-0.9275416835791965,0.3737197147904692,-0.6932812268869779,-0.7206671495538607,0.0,0.0,0.0,102390.0,120.0,81.0,11.775000000000027,0
2015-10-24,-0.9209712877166347,0.38963044953078774,-0.7176769136759616,-0.6963762255968725,0.0,0.0,0.0,102186.25,-203.75,77.75,13.912500000000023,0
2015-10-25,-0.9141279881853337,0.4054257283599973,-0.7412220108485958,-0.6712599575675313,0.0,0.0,0.0,101916.25,-270.0,77.75,15.225000000000023,0
2015-10-26,-0.9070138128026362,0.42110087079608916,-0.7638886127905421,-0.6453481132295509,0.0,0.0,0.0,102201.25,285.0,80.375,15.46250000000002,0
2015-10-27,-0.8996308696522434,0.4366512319560638,-0.7856498550787143,-0.6186714032625035,0.0,0.0,0.0,101336.25,-865.0,74.75,16.837500000000027,0
2015-10-28,-0.8919813464595487,0.45207220393230374,-0.806479946320944,-0.5912614448635792,0.0,0.0,0.0,100962.5,-373.75,74.875,18.450000000000024,1
2015-10-29,-0.8840675099433637,0.46735921715800205,-0.8263541987239093,-0.563150724274919,2.0,1.0,2.0,101300.0,337.5,77.875,13.712500000000027,0
2015-10-30,-0.8758917051442433,0.48250774176121763,-0.8452490573530623,-0.5343725582809802,0.0,0.0,2.0,101843.75,543.75,76.0,12.137500000000017,0
2015-10-31,-0.8674563547295971,0.4975132889071803,-0.863142128049911,-0.5049610547215212,0.0,0.0,2.0,101872.5,28.75,63.75,15.075000000000031,0
2015-11-01,-0.858763958275803,0.5123714121284235,-0.8800122039735355,-0.4749510720670504,0.0,0.0,0.0,101933.75,61.25,55.625,17.40000000000002,0
2015-11-02,-0.8498170915275277,0.5270777086423724,-0.8958392907349091,-0.44437817810461283,0.0,0.0,0.0,102473.75,540.0,53.25,17.187500000000014,0
2015-11-03,-0.8406184056344783,0.5416278206559811,-0.9106046300942161,-0.41327860778290465,0.2,0.0,0.2,101827.5,-646.25,69.5,16.55000000000001,1
2015-11-04,-0.8311706263658079,0.5560174366570446,-0.9242907221930933,-0.3816892202666588,14.0,1.0,14.2,101510.0,-317.5,82.875,16.162500000000023,0
2015-11-05,-0.8214765533024145,0.5702422926917867,-0.9368813462954312,-0.3496474552512293,0.0,0.0,14.2,102033.75,523.75,83.625,15.137500000000024,0
2015-11-06,-0.8115390590073611,0.5842981736283683,-0.9483615800121715,-0.31719128858910617,0.0,0.0,14.0,102118.75,85.0,83.125,15.83750000000002,0
2015-11-07,-0.801361088174677,0.5981809144059158,-0.9587178169872961,-0.28435918728100473,0.0,0.0,0.0,102516.25,397.5,77.875,16.76250000000003,0
2015-11-08,-0.7909456567567774,0.6118864012687242,-0.9679377830240641,-0.2511900638848198,0.0,0.0,0.0,102651.25,135.0,78.375,16.96250000000002,0
2015-11-09,-0.780295851070776,0.6254105729852457,-0.976010550632368,-0.21772323039653332,0.2,0.0,0.2,102787.5,136.25,90.875,14.800000000000018,0
2015-11-10,-0.7694148268839381,0.6387494220515268,-0.982926551979982,-0.18399835165768097,0.0,0.0,0.2,103227.5,440.0,90.875,14.950000000000024,0
2015-11-11,-0.7583058084785625,0.6518989958787125,-0.9886775902323404,-0.15005539834465284,0.0,0.0,0.2,103017.5,-210.0,88.625,14.237500000000018,0
2015-11-12,-0.7469720876965551,0.6648553979642866,-0.9932568492674143,-0.11593459959550002,0.0,0.0,0.0,102746.25,-271.25,99.25,9.662500000000023,0
2015-11-13,-0.7354170229639858,0.6776147890466887,-0.99665890175417,-0.08167639533042312,0.0,0.0,0.0,102697.5,-48.75,97.625,10.112500000000018,0
2015-11-14,-0.7236440382959124,0.690173388242972,-0.9988797155850336,-0.04732138832243168,0.0,0.0,0.0,103208.75,511.25,93.5,11.46250000000002,0
2015-11-15,-0.711656622281775,0.7025274741691566,-0.9999166586547379,-0.012910296075009976,0.0,0.0,0.0,103366.25,157.5,94.0,10.887500000000024,0
2015-11-16,-0.6994583270516471,0.7146733860429608,-0.9997685019798909,0.021516097436221987,0.0,0.0,0.0,102633.75,-732.5,93.25,9.687500000000021,0
2015-11-17,-0.6870527672236675,0.7266075247685652,-0.9984354211555644,0.05591699010060189,0.0,0.0,0.0,102503.75,-130.0,89.0,8.78750000000003,0
2015-11-18,-0.6744436188329457,0.7383263540031063,-0.9959189961471792,0.09025161003104046,0.0,0.0,0.0,102636.25,132.5,88.75,8.575000000000017,0
2015-11-19,-0.661634618242279,0.749826401204568,-0.9922222094179325,0.12447926388678757,0.0,0.0,0.0,102761.25,125.0,82.25,14.637500000000024,0
2015-11-20,-0.6486295610349818,0.7611042586607742,-0.9873494423939866,0.1585593851031336,0.2,0.0,0.2,102906.25,145.0,86.25,16.12500000000002,0
2015-11-21,-0.6354323008901775,0.7721565844991641,-0.9813064702716094,0.1924515819708297,0.0,0.0,0.2,102357.5,-548.75,69.375,16.100000000000016,1
2015-11-22,-0.622046748440868,0.7829801036770624,-0.9741004551724208,0.22611568550828692,17.4,1.0,17.599999999999998,101082.5,-1275.0,83.625,9.175000000000026,0
2015-11-23,-0.6084768701151264,0.7935716089521472,-0.9657399376548551,0.25951179706979915,0.0,0.0,17.4,101535.0,452.5,66.5,4.912500000000016,0
2015-11-24,-0.594726686960764,0.8039279618328208,-0.9562348265919062,0.2926003356333468,0.0,0.0,17.4,102443.75,908.75,73.625,2.5000000000000284,0
2015-11-25,-0.5808002734538013,0.8140460935082175,-0.9455963874271429,0.32534208471197923,0.0,0.0,0.0,102693.75,250.0,86.5,1.9125000000000227,1
2015-11-26,-0.5667017562911184,0.8239230057575536,-0.9338372288229259,0.35769823883312357,5.2,1.0,5.2,101746.25,-947.5,94.5,10.037500000000023,1
2015-11-27,-0.5524353131676203,0.8335557718385695,-0.9209712877166351,0.3896304495307867,2.8000000000000003,1.0,8.0,101938.75,192.5,91.0,8.350000000000023,0
2015-11-28,-0.5380051715382992,0.8429415373547832,-0.9070138128026355,0.42110087079609054,0.0,0.0,8.0,102058.75,120.0,80.0,6.225000000000016,0
2015-11-29,-0.5234156073655503,0.8520775211013093,-0.8919813464595485,0.4520722039323043,0.6000000000000001,0.0,3.4000000000000004,102431.25,372.5,77.5,9.200000000000031,0
2015-11-30,-0.5086709438521042,0.8609610158889945,-0.8758917051442426,0.48250774176121897,0.0,0.0,0.6000000000000001,103298.75,867.5,72.25,9.250000000000021,0
2015-12-01,-0.49377555015997737,0.8695893893466109,-0.8587639582758032,0.5123714121284233,0.0,0.0,0.6000000000000001,103546.25,247.5,84.125,7.15000000000002,0
2015-12-02,-0.4787338401157883,0.8779600847008883,-0.840618405634478,0.5416278206559817,0.0,0.0,0.0,103373.75,-172.5,91.875,5.1125000000000185,0
2015-12-03,-0.4635502709028512,0.8860706215341378,-0.8214765533024146,0.5702422926917865,0.0,0.0,0.0,103027.5,-346.25,96.125,4.012500000000031,0
2015-12-04,-0.4482293417404106,0.893918596519257,-0.8013610881746766,0.5981809144059164,0.0,0.0,0.0,103040.0,12.5,88.75,5.862500000000026,0
2015-12-05,-0.4327755925504317,0.9015016841318838,-0.7802958510707761,0.6254105729852455,0.0,0.0,0.0,103425.0,385.0,91.25,8.887500000000017,0
2015-12-06,-0.41719360261231697,0.9088176373395028,-0.7583058084785628,0.6518989958787123,0.0,0.0,0.0,103263.75,-161.25,94.25,9.387500000000024,0
2015-12-11,-0.33752289959411347,0.941317317512847,-0.6354323008901778,0.772156584499164,0.0,0.0,1.7999999999999998,103478.75,-391.25,89.5,4.5500000000000185,0
2015-12-12,-0.32126966169236515,0.9469877530760751,-0.6084768701151273,0.7935716089521465,0.0,0.0,0.0,103395.0,-83.75,80.375,6.362500000000026,0
2015-12-13,-0.3049212246562894,0.9523775757303973,-0.5808002734538015,0.8140460935082173,0.2,0.0,0.2,102791.25,-603.75,86.0,5.35000000000003,0
2015-12-14,-0.2884824328806098,0.9574851883550389,-0.5524353131676212,0.8335557718385689,0.0,0.0,0.2,102213.75,-577.5,87.25,6.337500000000027,0
2015-12-15,-0.27195815753410524,0.9623090774541487,-0.5234156073655497,0.8520775211013096,0.0,0.0,0.2,102041.25,-172.5,88.0,8.737500000000026,0
2015-12-16,-0.2553532951161881,0.9668478136052773,-0.49377555015997915,0.8695893893466099,0.0,0.0,0.0,102451.25,410.0,86.75,12.03750000000003,0
2015-12-17,-0.23867276600594997,0.9711000518829505,-0.4635502709028506,0.8860706215341381,0.0,0.0,0.0,102980.0,528.75,87.25,10.225000000000016,0
2015-12-18,-0.22192151300416674,0.9750645322571945,-0.4327755925504335,0.9015016841318829,0.0,0.0,0.0,102696.25,-283.75,87.5,11.40000000000002,0
2015-12-19,-0.20510449986861926,0.9787400799669153,-0.4014879892059731,0.9158642882672872,0.0,0.0,0.0,102642.5,-53.75,87.625,11.937500000000021,0
2015-12-20,-0.1882267098432439,0.9821256058680006,-0.3697245428906726,0.9291414114031745,0.0,0.0,0.0,102332.5,-310.0,86.25,11.937500000000028,0
2015-12-21,-0.1712931441814778,0.9852201067560606,-0.3375228995941137,0.9413173175128469,0.0,0.0,0.0,102292.5,-40.0,82.875,13.425000000000026,0
2015-12-22,-0.154308820664281,0.9880226656636976,-0.3049212246562888,0.9523775757303975,0.0,0.0,0.0,103126.25,833.75,93.0,9.937500000000028,0
2015-12-23,-0.13727877211326517,0.9905324521322227,-0.2719581575341063,0.9623090774541484,0.0,0.0,0.0,103180.0,53.75,89.625,10.02500000000002,0
2015-12-24,-0.12020804489935275,0.9927487224577402,-0.23867276600595022,0.9711000518829503,0.0,0.0,0.0,103025.0,-155.0,87.875,8.962500000000027,0
2015-12-25,-0.10310169744743544,0.9946708199115211,-0.20510449986862037,0.9787400799669149,0.0,0.0,0.0,102681.25,-343.75,83.75,12.250000000000021,0
2015-12-26,-0.0859647987374467,0.9962981749346077,-0.17129314418147804,0.9852201067560605,0.0,0.0,0.0,103110.0,428.75,89.5,10.362500000000018,0
2015-12-27,-0.06880242680232064,0.9976303053065857,-0.1372787721132663,0.9905324521322226,0.0,0.0,0.0,103058.75,-51.25,85.5,12.737500000000026,0
2015-12-28,-0.05161966722325418,0.9986668162884759,-0.10310169744743568,0.994670819911521,0.0,0.0,0.0,102948.75,-110.0,83.875,12.837500000000034,0
2015-12-29,-0.034421611622745804,0.9994074007397048,-0.06880242680232,0.9976303053065857,0.0,0.0,0.0,102356.25,-592.5,70.625,13.625000000000021,0
2015-12-30,-0.01721335615583528,0.9998518392091162,-0.03442161162274694,0.9994074007397047,0.0,0.0,0.0,102838.75,482.5,85.0,11.562500000000028,0
2015-12-31,6.432490598706546e-16,1.0,1.2864981197413093e-15,1.0,0.0,0.0,0.0,102338.75,-500.0,79.75,10.075000000000031,1
2016-01-01,0.01716632975470737,0.9998526477050269,0.034327600513243496,0.9994106342455052,1.2000000000000002,1.0,1.2000000000000002,102537.5,198.75,89.0,10.537500000000016,0
2016-01-02,0.034327600513243496,0.9994106342455052,0.06861473800213404,0.9976432316860063,0.0,0.0,1.2000000000000002,101995.0,-542.5,92.5,9.050000000000026,1
2016-01-03,0.05147875477034653,0.9986740898848305,0.1028209971373604,0.9946998756145891,3.2,1.0,4.4,101787.5,-207.5,85.0,10.037500000000023,1
2016-01-04,0.06861473800213404,0.9976432316860063,0.13690605792347524,0.990584035457797,2.6,1.0,5.800000000000001,101048.75,-738.75,88.25,6.937500000000021,1
2016-01-05,0.08573050015569435,0.9963183634476755,0.17082974322534417,0.985300562686109,2.6,1.0,8.4,100183.75,-865.0,88.75,9.937500000000021,0
2016-01-10,0.17082974322534417,0.985300562686109,0.33663728424691025,0.9416343976591259,0.4,0.0,5.4,100476.25,-66.25,92.75,11.33750000000002,1
2016-01-11,0.1877185654371987,0.9822228566828407,0.3687629311922601,0.9295234803804003,3.2,1.0,3.800000000000001,100283.75,-192.5,90.125,10.100000000000016,1
2016-01-12,0.2045520661262008,0.9788556850953578,0.40045390565126643,0.9163169044870048,2.6,1.0,6.200000000000001,100288.75,5.0,73.875,10.65000000000002,1
2016-01-13,0.22132528438243257,0.9752000402445825,0.43167285247378384,0.9020302369860707,4.800000000000001,1.0,10.600000000000001,101712.5,1423.75,81.375,7.525000000000027,0
2016-01-14,0.2380332770614856,0.9712569994658314,0.4623829729035149,0.88668031802274,0.0,0.0,7.400000000000001,102443.75,731.25,76.25,7.26250000000001,1
2016-01-15,0.2546711202412287,0.9670277247913204,0.4925480679538643,0.8702852410301553,2.2,1.0,7.000000000000002,101587.5,-856.25,84.5,7.687500000000021,0
2016-01-16,0.27123391067291003,0.9625134626077081,0.5221325810768248,0.8528643314021597,0.0,0.0,2.200000000000001,102401.25,813.75,80.25,5.587500000000027,0
2016-01-17,0.287716767226167,0.9577155432887803,0.5511016400746002,0.8344381237138473,0.0,0.0,2.200000000000001,103135.0,733.75,77.0,3.0000000000000213,0
2016-01-18,0.30411483232751785,0.9526353808033826,0.5794210982045637,0.8150283375168114,0.0,0.0,0.0,102740.0,-395.0,65.625,3.7375000000000256,1
2016-01-19,0.3204232733919111,0.9472744722987169,0.6070575744291002,0.7946578517376252,6.3,1.0,6.300000000000001,101527.5,-1212.5,80.0,4.77500000000002,1
2016-01-20,0.33663728424691025,0.9416343976591259,0.6339784927628866,0.7733506777097299,2.4,1.0,8.700000000000001,101565.0,37.5,86.5,7.950000000000024,0
2016-01-21,0.3527520865490948,0.9357168190404936,0.6601521206712317,0.7511319308705199,0.0,0.0,8.700000000000001,101746.25,181.25,82.125,7.387500000000031,0
2016-01-22,0.3687629311922601,0.9295234803804003,0.6855476064742154,0.7280278011569848,0.0,0.0,2.400000000000001,102210.0,463.75,94.75,3.9375000000000284,0
2016-01-23,0.3846650997070012,0.9230562068841761,0.7101350157125358,0.7040655221348057,0.8,0.0,0.8000000000000009,102777.5,567.5,85.625,6.687500000000028,0
2016-01-24,0.40045390565126643,0.9163169044870048,0.733885366432199,0.6792733388972931,1.0,0.0,1.800000000000001,103357.5,580.0,90.75,10.325000000000024,0
2016-01-25,0.41612469599147445,0.9093075592922358,0.7567706633464626,0.653680474772006,0.0,0.0,1.800000000000001,103292.5,-65.0,84.5,8.062500000000028,0
2016-01-26,0.43167285247378384,0.9020302369860707,0.7787639308347607,0.6273170968742937,0.0,0.0,1.0000000000000009,103026.25,-266.25,86.25,10.537500000000023,0
2016-01-27,0.44709379298511387,0.8944870822287956,0.7998392447397193,0.6002142805483682,0.0,0.0,0.0,103147.5,121.25,90.75,8.737500000000026,0
2016-01-28,0.4623829729035149,0.88668031802274,0.8199717629247771,0.5724039727378148,0.0,0.0,0.0,102758.75,-388.75,84.375,10.375000000000028,0
2016-01-29,0.47753588643748823,0.8786122450571483,0.8391377545563938,0.5439189543287247,0.0,0.0,0.0,102700.0,-58.75,81.125,11.325000000000024,0
2016-01-30,0.4925480679538643,0.8702852410301553,0.8573146280763322,0.5147928015098309,0.2,0.0,0.2000000000000009,103432.5,732.5,91.5,9.600000000000023,0
2016-01-31,0.5074150932938455,0.8617017599480682,0.8744809578310397,0.4850598461951962,0.0,0.0,0.2000000000000009,103157.5,-275.0,79.5,7.975000000000016,0
2016-02-01,0.5221325810768248,0.8528643314021597,0.8906165093267404,0.4547551355561058,0.2,0.0,0.4000000000000009,102873.75,-283.75,82.375,12.050000000000018,0
2016-02-02,0.5366961939916004,0.8437755598231856,0.9057022630804714,0.42391439070986076,0.2,0.0,0.4000000000000009,103351.25,477.5,88.0,12.787500000000016,0
2016-02-03,0.5511016400746002,0.8344381237138473,0.9197204370389467,0.3925739646141717,0.0,0.0,0.4000000000000009,102971.25,-380.0,81.0,11.812500000000028,1
2016-02-04,0.5653446739747429,0.8248547748594244,0.9326545075388224,0.36077079921678346,1.8,1.0,2.000000000000001,103136.25,165.0,77.25,9.112500000000011,0
2016-02-05,0.5794210982045637,0.8150283375168114,0.9444892287836613,0.32854238191083485,0.0,0.0,1.800000000000001,103826.25,690.0,68.875,6.58750000000002,0
2016-02-06,0.593326764377232,0.8049617075821959,0.9552106508146316,0.2959267013472893,0.0,0.0,1.800000000000001,102772.5,-1053.75,72.625,8.087500000000013,0
2016-02-07,0.6070575744291002,0.7946578517376252,0.9648061359537645,0.2629622026565149,0.0,0.0,0.0,101575.0,-1197.5,70.375,11.050000000000026,1
2016-02-08,0.6206094818274227,0.7841198065767104,0.9732643737003824,0.22968774213179574,6.6,1.0,6.6000000000000005,101388.75,-186.25,79.625,8.487500000000018,0
2016-02-09,0.6339784927628866,0.7733506777097299,0.9805753940631429,0.19614254142819698,0.0,0.0,6.6000000000000005,101893.75,505.0,63.875,10.987500000000026,1
2016-02-10,0.647160667326606,0.7623536388483904,0.9867305793119814,0.162366141330764,12.9,1.0,19.5,101051.25,-842.5,85.375,7.537500000000016,1
2016-02-11,0.6601521206712317,0.7511319308705199,0.9917226741361015,0.12839835514655099,11.399999999999999,1.0,24.3,101117.5,66.25,86.5,6.112500000000026,0
2016-02-12,0.6729490241558329,0.7396888608649668,0.9955457941960382,0.09427922177542453,0.4,0.0,24.7,101063.75,-53.75,83.875,8.012500000000024,1
2016-02-13,0.6855476064742154,0.7280278011569848,0.998195433059714,0.0600489585149486,16.1,1.0,27.9,100337.5,-726.25,85.25,9.41250000000003,1
2016-02-14,0.6979441547663435,0.7161521883143933,0.999668467514313,0.025747913654988658,7.5,1.0,24.0,100012.5,-325.0,75.625,12.400000000000013,1
2016-02-15,0.7101350157125358,0.7040655221348057,0.9999631612477099,-0.008583481082086933,6.5,1.0,30.1,99778.75,-233.75,81.25,8.525000000000027,0
2016-02-16,0.7221165966101162,0.6917713646142218,0.9990791668951153,-0.04290475819955447,0.0,0.0,14.0,101476.25,1697.5,76.25,5.450000000000024,0
2016-02-17,0.733885366432199,0.6792733388972931,0.9970175264485267,-0.07717546212664618,0.0,0.0,6.5,102993.75,1517.5,71.25,3.0125000000000313,0
2016-02-18,0.7454378568683001,0.6665751282095632,0.9937806700284985,-0.11135519690480862,0.0,0.0,0.0,102197.5,-796.25,69.0,2.387500000000017,0
2016-02-19,0.7567706633464626,0.653680474772006,0.9893724130196829,-0.14540367380368988,0.4,0.0,0.4,101878.75,-318.75,78.5,4.825000000000031,0
2016-02-20,0.7678804460366,0.6405931786981751,0.9837979515735163,-0.17928075881073566,0.0,0.0,0.4,102778.75,900.0,76.125,5.03750000000003,0
2016-02-21,0.7787639308347607,0.6273170968742937,0.9770638564833507,-0.21294651993841593,0.0,0.0,0.4,103098.75,320.0,67.75,6.787500000000023,0
2016-02-22,0.7894179103280197,0.613856141822612,0.9691780654392537,-0.2463612742933147,0.0,0.0,0.0,102655.0,-443.75,69.375,9.925000000000026,1
2016-02-23,0.7998392447397193,0.6002142805483682,0.9601498736716018,-0.2794856348516094,12.100000000000001,1.0,12.100000000000001,102080.0,-575.0,89.375,8.037500000000023,0
2016-02-24,0.8100248628547753,0.5863955333706956,0.949989922994501,-0.31228055688579476,0.8,0.0,12.900000000000002,102275.0,195.0,85.375,10.450000000000024,0
2016-02-25,0.8199717629247771,0.5724039727378148,0.9387101892619443,-0.3447073839879337,0.0,0.0,12.900000000000002,101687.5,-587.5,75.75,11.162500000000023,0
2016-02-26,0.8296770135526188,0.5582437220268648,0.926323968251495,-0.376727893635185,0.4,0.0,1.2000000000000002,101402.5,-285.0,80.875,9.962500000000013,0
2016-02-27,0.8391377545563938,0.5439189543287247,0.9128458599921355,-0.40830434224389345,0.0,0.0,0.4,100893.75,-508.75,73.0,6.937500000000014,1
2016-02-28,0.8483511978123038,0.5294338912181853,0.898291751554753,-0.43939950965914143,14.7,1.0,15.1,99168.75,-1725.0,80.875,7.762500000000024,1
2016-02-29,0.8573146280763322,0.5147928015098309,0.8826787983255476,-0.4699767430273197,3.0,1.0,17.7,100440.0,1271.25,87.0,6.312500000000028,0
2016-03-01,0.8660254037844386,0.5000000000000001,0.8660254037844387,-0.4999999999999998,0.0,0.0,17.7,101871.25,1431.25,74.125,4.887500000000017,0
2016-03-02,0.8744809578310397,0.4850598461951962,0.848351197812304,-0.5294338912181852,0.0,0.0,3.0,102796.25,925.0,70.375,7.037500000000023,1
2016-03-03,0.8826787983255474,0.46997674302731995,0.8296770135526188,-0.5582437220268649,6.0,1.0,6.0,101970.0,-826.25,82.625,9.08750000000002,1
2016-03-04,0.8906165093267404,0.4547551355561058,0.8100248628547752,-0.5863955333706956,7.4,1.0,13.4,101672.5,-297.5,81.5,7.712500000000027,1
2016-03-05,0.8982917515547528,0.4393995096591417,0.7894179103280199,-0.6138561418226116,8.7,1.0,22.1,100465.0,-1207.5,77.875,10.537500000000023,1
2016-03-06,0.9057022630804714,0.42391439070986076,0.7678804460366001,-0.6405931786981751,1.6,1.0,17.7,100313.75,-151.25,81.125,6.450000000000017,1
2016-03-07,0.9128458599921356,0.40830434224389334,0.7454378568683001,-0.6665751282095632,2.0,1.0,12.299999999999999,101062.5,748.75,79.75,5.287500000000016,0
2016-03-08,0.9197204370389467,0.3925739646141717,0.722116596610116,-0.6917713646142222,1.0,0.0,4.6,100803.75,-258.75,85.5,5.412500000000023,0
2016-03-09,0.926323968251495,0.3767278936351851,0.6979441547663435,-0.7161521883143933,0.0,0.0,3.0,101990.0,1186.25,61.625,5.52500000000002,1
2016-03-10,0.9326545075388224,0.36077079921678346,0.672949024155833,-0.7396888608649667,8.1,1.0,9.1,101188.75,-801.25,78.5,6.350000000000023,0
2016-03-11,0.9387101892619443,0.3447073839879338,0.647160667326606,-0.7623536388483902,0.0,0.0,8.1,101493.75,305.0,71.375,6.975000000000016,0
2016-03-12,0.9444892287836613,0.32854238191083485,0.620609481827423,-0.7841198065767103,0.0,0.0,8.1,102293.75,800.0,67.75,7.712500000000027,0
2016-03-13,0.949989922994501,0.3122805568857947,0.593326764377232,-0.8049617075821959,0.0,0.0,0.0,102543.75,250.0,62.5,7.212500000000027,0
2016-03-14,0.9552106508146316,0.2959267013472893,0.5653446739747428,-0.8248547748594245,0.0,0.0,0.0,102240.0,-303.75,59.875,8.687500000000021,0
2016-03-15,0.9601498736716018,0.2794856348516095,0.5366961939916005,-0.8437755598231856,0.0,0.0,0.0,101921.25,-318.75,61.0,9.575000000000024,0
2016-03-16,0.9648061359537645,0.2629622026565149,0.5074150932938458,-0.861701759948068,0.0,0.0,0.0,102027.5,106.25,68.5,9.275000000000034,0
2016-03-17,0.9691780654392536,0.2463612742933148,0.47753588643748834,-0.8786122450571482,0.0,0.0,0.0,101696.25,-331.25,74.125,7.650000000000034,0
2016-03-18,0.9732643737003824,0.22968774213179574,0.44709379298511426,-0.8944870822287954,0.0,0.0,0.0,102183.75,487.5,80.875,6.250000000000021,1
2016-03-19,0.9770638564833508,0.21294651993841582,0.4161246959914746,-0.9093075592922357,5.6,1.0,5.6,101992.5,-191.25,86.875,7.225000000000023,0
2016-03-20,0.9805753940631429,0.19614254142819698,0.3846650997070012,-0.923056206884176,0.0,0.0,5.6,101500.0,-492.5,77.0,9.662500000000023,0
2016-03-21,0.9837979515735163,0.17928075881073577,0.352752086549095,-0.9357168190404935,0.2,0.0,5.8,101426.25,-73.75,76.25,12.137500000000024,0
2016-03-22,0.9867305793119814,0.162366141330764,0.3204232733919116,-0.9472744722987168,0.0,0.0,0.2,101441.25,15.0,75.25,11.700000000000024,0
2016-03-23,0.989372413019683,0.14540367380368976,0.2877167672261668,-0.9577155432887804,0.0,0.0,0.2,100947.5,-493.75,72.625,9.825000000000024,0
2016-03-24,0.9917226741361015,0.12839835514655099,0.2546711202412288,-0.9670277247913204,0.0,0.0,0.0,100963.75,16.25,61.0,10.150000000000027,0
2016-03-25,0.9937806700284985,0.11135519690480875,0.22132528438243243,-0.9752000402445825,0.0,0.0,0.0,101847.5,883.75,60.125,9.52500000000002,0
2016-03-26,0.9955457941960382,0.09427922177542453,0.18771856543719884,-0.9822228566828406,0.0,0.0,0.0,102265.0,417.5,69.625,10.325000000000031,0
2016-03-27,0.9970175264485267,0.07717546212664653,0.15389057670406214,-0.9880878960910771,0.0,0.0,0.0,101753.75,-511.25,63.75,14.675000000000018,1
2016-03-28,0.998195433059714,0.0600489585149486,0.11988119229922782,-0.9927882451625399,2.2,1.0,2.2,101758.75,5.0,71.125,11.27500000000002,0
2016-03-29,0.9990791668951153,0.042904758199554374,0.0857305001556943,-0.9963183634476755,0.0,0.0,2.2,101282.5,-476.25,60.75,13.33750000000002,0
2016-03-30,0.999668467514313,0.025747913654988658,0.05147875477034673,-0.9986740898848305,0.0,0.0,2.2,101503.75,221.25,70.0,13.662500000000023,0
2016-03-31,0.9999631612477099,0.008583481082087055,0.01716632975470737,-0.9998526477050269,0.0,0.0,0.0,101150.0,-353.75,68.0,14.475000000000016,0
2016-04-01,0.9999631612477099,-0.008583481082086933,-0.017166329754707124,-0.9998526477050269,0.4,0.0,0.4,100887.5,-262.5,81.625,11.187500000000028,0
2016-04-02,0.9996684675143132,-0.025747913654988314,-0.051478754770346045,-0.9986740898848305,0.4,0.0,0.8,101916.25,1028.75,76.875,7.975000000000016,0
2016-04-03,0.9990791668951153,-0.04290475819955447,-0.0857305001556945,-0.9963183634476755,0.0,0.0,0.8,101192.5,-723.75,79.75,10.675000000000033,0
2016-04-04,0.998195433059714,-0.06004895851494825,-0.11988119229922714,-0.99278824516254,0.0,0.0,0.4,100823.75,-368.75,72.0,14.650000000000034,1
2016-04-05,0.9970175264485267,-0.07717546212664618,-0.15389057670406148,-0.9880878960910772,1.4,1.0,1.4,100536.25,-287.5,76.75,13.400000000000027,1
2016-04-06,0.9955457941960382,-0.0942792217754244,-0.1877185654371986,-0.9822228566828407,17.8,1.0,19.2,101070.0,533.75,87.75,11.250000000000028,0
2016-04-07,0.9937806700284985,-0.11135519690480862,-0.22132528438243218,-0.9752000402445826,0.0,0.0,19.2,101908.75,838.75,68.75,12.03750000000003,1
2016-04-08,0.9917226741361015,-0.12839835514655107,-0.254671120241229,-0.9670277247913203,2.6,1.0,20.400000000000002,101842.5,-66.25,82.0,9.500000000000021,0
2016-04-09,0.9893724130196829,-0.14540367380368988,-0.287716767226167,-0.9577155432887803,0.0,0.0,2.6,101591.25,-251.25,71.5,8.712500000000027,1
2016-04-10,0.9867305793119814,-0.16236614133076366,-0.32042327339191096,-0.947274472298717,2.2,1.0,4.800000000000001,101241.25,-350.0,82.0,9.425000000000018,0
2016-04-11,0.9837979515735163,-0.17928075881073566,-0.35275208654909473,-0.9357168190404936,0.0,0.0,2.2,100422.5,-818.75,70.0,13.375000000000028,0
2016-04-12,0.980575394063143,-0.19614254142819687,-0.38466509970700097,-0.9230562068841761,0.0,0.0,2.2,100672.5,250.0,62.375,14.800000000000018,1
2016-04-13,0.9770638564833507,-0.21294651993841593,-0.4161246959914748,-0.9093075592922356,8.3,1.0,8.3,100867.5,195.0,69.875,14.562500000000021,0
2016-04-14,0.9732643737003824,-0.22968774213179563,-0.44709379298511404,-0.8944870822287955,0.0,0.0,8.3,101075.0,207.5,67.125,14.15000000000002,0
2016-04-15,0.9691780654392537,-0.2463612742933147,-0.4775358864374881,-0.8786122450571483,0.0,0.0,8.3,101195.0,120.0,58.125,15.000000000000014,0
2016-04-16,0.9648061359537646,-0.26296220265651454,-0.5074150932938452,-0.8617017599480683,0.0,0.0,0.0,100886.25,-308.75,64.125,16.487500000000026,1
2016-04-17,0.9601498736716018,-0.2794856348516094,-0.5366961939916003,-0.8437755598231858,6.5,1.0,6.5,100722.5,-163.75,72.125,15.987500000000018,1
2016-04-18,0.9552106508146317,-0.2959267013472892,-0.5653446739747425,-0.8248547748594246,2.0,1.0,8.5,101358.75,636.25,72.875,13.71250000000002,0
2016-04-19,0.949989922994501,-0.31228055688579476,-0.5933267643772321,-0.8049617075821958,0.0,0.0,8.5,102226.25,867.5,55.75,12.250000000000021,0
2016-04-20,0.9444892287836613,-0.32854238191083474,-0.6206094818274228,-0.7841198065767104,0.0,0.0,2.0,101998.75,-227.5,44.625,13.575000000000017,0
2016-04-21,0.9387101892619443,-0.3447073839879337,-0.6471606673266059,-0.7623536388483905,0.0,0.0,0.0,101561.25,-437.5,40.625,16.92500000000002,1
2016-04-22,0.9326545075388225,-0.3607707992167831,-0.6729490241558326,-0.7396888608649671,9.7,1.0,9.7,101905.0,343.75,80.0,13.637500000000017,0
2016-04-23,0.926323968251495,-0.376727893635185,-0.6979441547663433,-0.7161521883143935,0.0,0.0,9.7,101972.5,67.5,84.125,12.187500000000021,0
2016-04-24,0.9197204370389467,-0.39257396461417177,-0.7221165966101161,-0.691771364614222,0.6000000000000001,0.0,10.299999999999999,101633.75,-338.75,75.25,13.312500000000036,0
2016-04-25,0.9128458599921355,-0.40830434224389345,-0.7454378568683003,-0.6665751282095631,0.6,0.0,1.2000000000000002,101882.5,248.75,65.625,10.500000000000021,0
2016-04-26,0.9057022630804715,-0.42391439070986064,-0.7678804460366,-0.6405931786981752,0.0,0.0,1.2000000000000002,101915.0,32.5,62.75,10.58750000000002,0
2016-04-27,0.898291751554753,-0.43939950965914143,-0.7894179103280194,-0.6138561418226122,0.0,0.0,0.6,101448.75,-466.25,66.375,11.437500000000028,0
2016-04-28,0.8906165093267405,-0.4547551355561055,-0.8100248628547748,-0.5863955333706962,0.0,0.0,0.0,101455.0,6.25,63.875,11.425000000000026,0
2016-04-29,0.8826787983255476,-0.4699767430273197,-0.8296770135526185,-0.5582437220268655,0.0,0.0,0.0,101660.0,205.0,49.625,11.600000000000023,0
2016-04-30,0.8744809578310397,-0.4850598461951961,-0.8483511978123038,-0.5294338912181854,0.0,0.0,0.0,101898.75,238.75,52.875,12.650000000000027,0
2016-05-01,0.8660254037844387,-0.4999999999999998,-0.8660254037844385,-0.5000000000000004,1.0,0.0,1.0,102088.75,190.0,68.5,9.887500000000024,0
2016-05-02,0.8573146280763323,-0.5147928015098308,-0.8826787983255475,-0.4699767430273199,0.2,0.0,1.2,102786.25,697.5,57.25,9.950000000000024,0
2016-05-03,0.848351197812304,-0.5294338912181852,-0.8982917515547529,-0.43939950965914165,0.0,0.0,1.2,102617.5,-168.75,55.5,12.237500000000026,0
2016-05-04,0.8391377545563939,-0.5439189543287246,-0.9128458599921354,-0.40830434224389367,0.0,0.0,0.2,102620.0,2.5,68.0,12.862500000000033,0
2016-05-05,0.8296770135526188,-0.5582437220268649,-0.9263239682514951,-0.3767278936351848,0.0,0.0,0.0,102097.5,-522.5,51.5,15.262500000000031,0
2016-05-06,0.8199717629247771,-0.5724039727378148,-0.9387101892619443,-0.3447073839879337,0.0,0.0,0.0,101325.0,-772.5,42.25,17.13750000000003,0
2016-05-07,0.8100248628547752,-0.5863955333706956,-0.9499899229945009,-0.3122805568857948,0.0,0.0,0.0,100988.75,-336.25,56.0,17.100000000000023,0
2016-05-08,0.7998392447397195,-0.600214280548368,-0.9601498736716017,-0.2794856348516098,0.0,0.0,0.0,100631.25,-357.5,51.5,17.575000000000024,0
2016-05-09,0.7894179103280199,-0.6138561418226116,-0.9691780654392534,-0.24636127429331536,0.0,0.0,0.0,100328.75,-302.5,70.75,16.12500000000003,1
2016-05-10,0.7787639308347607,-0.6273170968742938,-0.9770638564833508,-0.21294651993841573,2.6,1.0,2.6,100330.0,1.25,80.875,15.875000000000021,1
2016-05-11,0.7678804460366001,-0.6405931786981751,-0.9837979515735163,-0.1792807588107359,2.6,1.0,5.2,100643.75,313.75,79.125,15.912500000000023,1
2016-05-12,0.7567706633464627,-0.6536804747720057,-0.9893724130196829,-0.14540367380369032,9.0,1.0,14.2,100441.25,-202.5,87.25,12.675000000000018,1
2016-05-13,0.7454378568683001,-0.6665751282095632,-0.9937806700284985,-0.11135519690480865,1.8,1.0,13.4,100486.25,45.0,78.875,13.412500000000016,0
2016-05-14,0.7338853664321991,-0.6792733388972931,-0.9970175264485267,-0.07717546212664643,1.0,0.0,11.8,100932.5,446.25,79.875,14.062500000000021,1
2016-05-15,0.722116596610116,-0.6917713646142222,-0.9990791668951153,-0.04290475819955383,4.2,1.0,7.0,101542.5,610.0,85.375,14.500000000000014,0
2016-05-16,0.7101350157125358,-0.7040655221348058,-0.9999631612477099,-0.008583481082086734,0.6000000000000001,0.0,5.800000000000001,102152.5,610.0,68.375,15.112500000000018,0
2016-05-17,0.6979441547663435,-0.7161521883143933,-0.999668467514313,0.025747913654988634,0.0,0.0,4.800000000000001,102382.5,230.0,65.75,14.425000000000026,0
2016-05-18,0.6855476064742155,-0.7280278011569847,-0.998195433059714,0.06004895851494813,0.0,0.0,0.6000000000000001,102010.0,-372.5,63.125,15.85000000000003,0
2016-05-19,0.672949024155833,-0.7396888608649667,-0.9955457941960382,0.09427922177542405,0.0,0.0,0.0,101591.25,-418.75,71.75,14.96250000000002,1
2016-05-20,0.660152120671232,-0.7511319308705197,-0.9917226741361016,0.1283983551465503,1.7999999999999998,1.0,1.7999999999999998,101995.0,403.75,71.5,14.575000000000031,0
2016-05-21,0.647160667326606,-0.7623536388483902,-0.9867305793119814,0.16236614133076377,0.0,0.0,1.7999999999999998,102265.0,270.0,69.75,15.737500000000033,0
2016-05-22,0.6339784927628868,-0.7733506777097298,-0.980575394063143,0.19614254142819676,0.0,0.0,1.7999999999999998,101437.5,-827.5,62.375,19.925000000000026,1
2016-05-23,0.620609481827423,-0.7841198065767103,-0.9732643737003827,0.22968774213179508,12.8,1.0,12.8,101517.5,80.0,79.875,14.012500000000024,1
2016-05-24,0.6070575744291006,-0.7946578517376249,-0.9648061359537647,0.262962202656514,3.2,1.0,16.0,102322.5,805.0,69.75,13.237500000000018,0
2016-05-25,0.593326764377232,-0.8049617075821959,-0.9552106508146317,0.2959267013472893,0.0,0.0,16.0,101472.5,-850.0,61.5,15.037500000000023,0
2016-05-26,0.5794210982045638,-0.8150283375168113,-0.9444892287836614,0.3285423819108344,0.0,0.0,3.2,101086.25,-386.25,64.375,17.85000000000003,0
2016-05-27,0.5653446739747428,-0.8248547748594245,-0.9326545075388223,0.3607707992167836,0.0,0.0,0.0,101235.0,148.75,64.625,17.86250000000002,0
2016-05-28,0.5511016400746,-0.8344381237138473,-0.9197204370389466,0.3925739646141719,0.0,0.0,0.0,101298.75,63.75,59.125,19.81250000000002,1
2016-05-29,0.5366961939916005,-0.8437755598231856,-0.9057022630804715,0.42391439070986053,15.2,1.0,15.2,101120.0,-178.75,75.25,19.200000000000024,1
2016-05-30,0.522132581076825,-0.8528643314021596,-0.8906165093267406,0.4547551355561054,11.700000000000001,1.0,26.9,101276.25,156.25,78.25,16.200000000000024,1
2016-05-31,0.5074150932938458,-0.861701759948068,-0.8744809578310401,0.4850598461951956,3.2,1.0,30.1,101645.0,368.75,73.125,16.137500000000017,1
2016-06-01,0.4925480679538644,-0.8702852410301553,-0.8573146280763323,0.5147928015098306,11.7,1.0,26.6,101902.5,257.5,83.5,14.937500000000028,0
2016-06-02,0.47753588643748834,-0.8786122450571482,-0.8391377545563939,0.5439189543287245,0.8,0.0,15.700000000000001,101942.5,40.0,77.75,14.53750000000003,1
2016-06-03,0.4623829729035151,-0.8866803180227399,-0.8199717629247775,0.5724039727378144,3.0,1.0,15.5,101616.25,-326.25,78.375,17.25000000000003,0
2016-06-04,0.44709379298511426,-0.8944870822287954,-0.7998392447397198,0.6002142805483676,0.0,0.0,3.8,101227.5,-388.75,75.375,18.637500000000017,0
2016-06-05,0.43167285247378384,-0.9020302369860707,-0.7787639308347607,0.6273170968742937,0.0,0.0,3.0,101365.0,137.5,74.25,19.262500000000024,0
2016-06-06,0.4161246959914746,-0.9093075592922357,-0.7567706633464628,0.6536804747720056,0.0,0.0,0.0,101751.25,386.25,64.5,20.02500000000002,0
2016-06-07,0.4004539056512664,-0.9163169044870048,-0.7338853664321989,0.6792733388972934,0.4,0.0,0.4,101743.75,-7.5,68.625,20.687500000000007,0
2016-06-08,0.3846650997070012,-0.923056206884176,-0.7101350157125358,0.7040655221348057,0.0,0.0,0.4,102301.25,557.5,74.625,19.962500000000027,0
2016-06-09,0.3687629311922603,-0.9295234803804002,-0.6855476064742156,0.7280278011569846,0.0,0.0,0.4,102038.75,-262.5,63.75,22.05000000000002,0
2016-06-10,0.352752086549095,-0.9357168190404935,-0.6601521206712321,0.7511319308705195,0.0,0.0,0.0,101573.75,-465.0,55.625,22.850000000000023,1
2016-06-11,0.3366372842469106,-0.9416343976591258,-0.6339784927628872,0.7733506777097294,3.4,1.0,3.4,101255.0,-318.75,75.375,19.737500000000033,0
2016-06-12,0.3204232733919116,-0.9472744722987168,-0.607057574429101,0.7946578517376245,0.0,0.0,3.4,101591.25,336.25,72.625,18.38750000000003,0
2016-06-13,0.30411483232751846,-0.9526353808033824,-0.5794210982045647,0.8150283375168107,0.0,0.0,3.4,101700.0,108.75,69.5,17.95000000000003,1
2016-06-14,0.2877167672261668,-0.9577155432887804,-0.5511016400745998,0.8344381237138475,4.4,1.0,4.4,101243.75,-456.25,78.0,18.63750000000003,0
2016-06-15,0.27123391067291,-0.9625134626077081,-0.5221325810768248,0.8528643314021598,0.2,0.0,4.6000000000000005,100975.0,-268.75,66.875,17.837500000000027,1
2016-06-16,0.2546711202412288,-0.9670277247913204,-0.4925480679538645,0.8702852410301551,19.9,1.0,24.5,100410.0,-565.0,72.375,17.23750000000002,1
2016-06-17,0.2380332770614858,-0.9712569994658313,-0.4623829729035152,0.8866803180227398,2.0,1.0,22.1,100655.0,245.0,72.0,15.537500000000016,0
2016-06-18,0.22132528438243243,-0.9752000402445825,-0.43167285247378356,0.9020302369860709,0.4,0.0,22.299999999999997,101501.25,846.25,68.0,16.525000000000027,1
2016-06-19,0.2045520661262008,-0.9788556850953578,-0.4004539056512665,0.9163169044870048,7.0,1.0,9.4,102321.25,820.0,76.875,15.600000000000009,0
2016-06-20,0.18771856543719884,-0.9822228566828406,-0.3687629311922604,0.9295234803804002,0.0,0.0,7.4,102781.25,460.0,72.75,15.97500000000003,0
2016-06-21,0.17082974322534442,-0.985300562686109,-0.3366372842469107,0.9416343976591258,0.0,0.0,7.0,102491.25,-290.0,66.125,18.575000000000024,0
2016-06-22,0.15389057670406214,-0.9880878960910771,-0.30411483232751857,0.9526353808033823,0.0,0.0,0.0,102141.25,-350.0,57.875,23.337500000000027,0
2016-06-27,0.0686147380021341,-0.9976432316860063,-0.1369060579234754,0.9905840354577969,0.0,0.0,1.2000000000000002,102186.25,182.5,56.0,19.412500000000023,0
2016-06-28,0.05147875477034673,-0.9986740898848305,-0.1028209971373608,0.9946998756145891,0.0,0.0,0.4,102386.25,200.0,60.5,19.58750000000002,0
2016-06-29,0.03432760051324382,-0.9994106342455052,-0.06861473800213468,0.9976432316860063,0.0,0.0,0.0,101945.0,-441.25,62.125,21.62500000000003,1
2016-06-30,0.01716632975470737,-0.9998526477050269,-0.034327600513243496,0.9994106342455052,3.6,1.0,3.6,101696.25,-248.75,69.5,21.312500000000014,0
2016-07-01,1.2246467991473532e-16,-1.0,-2.4492935982947064e-16,1.0,0.2,0.0,3.8000000000000003,101812.5,116.25,68.625,21.237500000000033,0
2016-07-02,-0.017166329754707124,-0.9998526477050269,0.03432760051324301,0.9994106342455054,0.0,0.0,3.8000000000000003,101801.25,-11.25,66.375,22.950000000000024,0
2016-07-03,-0.03432760051324313,-0.9994106342455054,0.0686147380021333,0.9976432316860063,0.0,0.0,0.2,102206.25,405.0,70.5,20.112500000000026,0
2016-07-04,-0.051478754770346045,-0.9986740898848305,0.10282099713735943,0.9946998756145892,0.0,0.0,0.0,102388.75,182.5,59.5,19.85000000000003,0
2016-07-05,-0.06861473800213432,-0.9976432316860063,0.1369060579234758,0.9905840354577969,0.6,0.0,0.6,101937.5,-451.25,59.25,23.06250000000002,1
2016-07-06,-0.0857305001556945,-0.9963183634476755,0.1708297432253445,0.9853005626861089,3.1999999999999997,1.0,3.8,101962.5,25.0,71.25,23.162500000000016,0
2016-07-07,-0.10282099713736044,-0.9946998756145891,0.2045520661262009,0.9788556850953578,0.0,0.0,3.8,102023.75,61.25,57.75,24.31250000000003,0
2016-07-08,-0.11988119229922714,-0.99278824516254,0.23803327706148544,0.9712569994658314,0.0,0.0,3.1999999999999997,101833.75,-190.0,48.5,25.87500000000003,0
2016-07-09,-0.13690605792347504,-0.990584035457797,0.27123391067290964,0.9625134626077082,0.0,0.0,0.0,102013.75,180.0,64.625,25.287500000000023,0
2016-07-10,-0.15389057670406148,-0.9880878960910772,0.30411483232751724,0.9526353808033827,0.0,0.0,0.0,102103.75,90.0,60.25,24.28750000000003,0
2016-07-11,-0.17082974322534417,-0.985300562686109,0.33663728424691025,0.9416343976591259,0.0,0.0,0.0,101488.75,-615.0,53.625,27.275000000000027,1
2016-07-12,-0.1877185654371986,-0.9822228566828407,0.36876293119225995,0.9295234803804003,19.8,1.0,19.8,101705.0,216.25,78.25,20.81250000000003,1
2016-07-13,-0.20455206612620058,-0.9788556850953579,0.40045390565126604,0.916316904487005,25.9,1.0,45.7,101890.0,185.0,86.5,17.25000000000002,0
2016-07-14,-0.22132528438243218,-0.9752000402445826,0.4316728524737831,0.9020302369860711,0.2,0.0,45.9,102255.0,365.0,64.0,17.92500000000001,0
2016-07-15,-0.23803327706148514,-0.9712569994658315,0.462382972903514,0.8866803180227405,0.0,0.0,26.099999999999998,102527.5,272.5,59.5,17.112500000000026,0
2016-07-16,-0.254671120241229,-0.9670277247913203,0.49254806795386485,0.8702852410301549,0.0,0.0,0.2,102633.75,106.25,50.75,18.737500000000026,0
2016-07-17,-0.2712339106729102,-0.9625134626077081,0.5221325810768251,0.8528643314021596,0.0,0.0,0.0,102260.0,-373.75,47.875,20.775000000000027,0
2016-07-18,-0.287716767226167,-0.9577155432887803,0.5511016400746002,0.8344381237138473,0.0,0.0,0.0,101882.5,-377.5,46.125,23.812500000000014,0
2016-07-19,-0.3041148323275178,-0.9526353808033826,0.5794210982045636,0.8150283375168115,0.0,0.0,0.0,101768.75,-113.75,45.0,25.61250000000001,0
2016-07-20,-0.32042327339191096,-0.947274472298717,0.6070575744290999,0.7946578517376254,0.0,0.0,0.0,101578.75,-190.0,58.25,25.037500000000023,0
2016-07-21,-0.3366372842469099,-0.941634397659126,0.6339784927628861,0.7733506777097303,0.0,0.0,0.0,101618.75,40.0,71.75,22.700000000000017,0
2016-07-22,-0.35275208654909473,-0.9357168190404936,0.6601521206712317,0.7511319308705199,0.0,0.0,0.0,101723.75,105.0,66.625,23.287500000000016,1
2016-07-23,-0.36876293119226006,-0.9295234803804003,0.6855476064742153,0.728027801156985,19.5,1.0,19.5,101768.75,45.0,79.75,20.787500000000023,1
2016-07-24,-0.38466509970700097,-0.9230562068841761,0.7101350157125355,0.704065522134806,1.2,1.0,20.7,102095.0,326.25,72.875,21.400000000000027,0
2016-07-25,-0.40045390565126615,-0.9163169044870049,0.7338853664321986,0.6792733388972937,0.0,0.0,20.7,102138.75,43.75,64.5,22.350000000000023,0
2016-07-26,-0.4161246959914748,-0.9093075592922356,0.756770663346463,0.6536804747720053,0.0,0.0,1.2,102072.5,-66.25,62.0,23.737500000000026,0
2016-07-27,-0.431672852473784,-0.9020302369860707,0.7787639308347609,0.6273170968742934,0.0,0.0,0.0,102097.5,25.0,63.25,23.95000000000001,0
2016-07-28,-0.44709379298511404,-0.8944870822287955,0.7998392447397196,0.600214280548368,0.0,0.0,0.0,102108.75,11.25,62.0,22.40000000000002,0
2016-07-29,-0.4623829729035149,-0.88668031802274,0.8199717629247771,0.5724039727378148,0.0,0.0,0.0,102097.5,-11.25,66.75,21.37500000000002,0
2016-07-30,-0.4775358864374881,-0.8786122450571483,0.8391377545563937,0.5439189543287248,0.0,0.0,0.0,101678.75,-418.75,64.0,23.81250000000003,0
2016-07-31,-0.4925480679538642,-0.8702852410301554,0.8573146280763321,0.5147928015098311,0.6,0.0,0.6,101343.75,-335.0,67.0,25.837500000000013,0
2016-08-01,-0.5074150932938452,-0.8617017599480683,0.8744809578310394,0.4850598461951968,0.4,0.0,1.0,101841.25,497.5,71.875,20.96250000000002,0
2016-08-02,-0.5221325810768248,-0.8528643314021597,0.8906165093267404,0.45475513555610586,0.0,0.0,1.0,102181.25,340.0,60.625,21.16250000000003,0
2016-08-03,-0.5366961939916003,-0.8437755598231858,0.9057022630804713,0.423914390709861,0.0,0.0,0.4,102146.25,-35.0,59.375,22.012500000000017,0
2016-08-04,-0.5511016400745998,-0.8344381237138474,0.9197204370389465,0.3925739646141723,0.4,0.0,0.4,101688.75,-457.5,55.0,24.61250000000002,0
2016-08-05,-0.5653446739747425,-0.8248547748594246,0.9326545075388222,0.36077079921678407,0.8,0.0,1.2000000000000002,101565.0,-123.75,70.25,21.86250000000002,0
2016-08-06,-0.5794210982045637,-0.8150283375168114,0.9444892287836613,0.32854238191083485,0.4,0.0,1.6,102353.75,788.75,64.125,20.212500000000027,0
2016-08-07,-0.5933267643772321,-0.8049617075821958,0.9552106508146319,0.29592670134728893,0.0,0.0,1.2000000000000002,102696.25,342.5,53.75,21.662500000000016,0
2016-08-08,-0.6070575744291004,-0.794657851737625,0.9648061359537646,0.2629622026565145,0.0,0.0,0.4,102652.5,-43.75,49.25,23.262500000000024,0
2016-08-09,-0.6206094818274228,-0.7841198065767104,0.9732643737003825,0.22968774213179555,0.0,0.0,0.0,102347.5,-305.0,54.875,24.837500000000027,0
2016-08-10,-0.6339784927628865,-0.77335067770973,0.9805753940631429,0.19614254142819723,0.0,0.0,0.0,102225.0,-122.5,65.375,21.087500000000027,0
2016-08-11,-0.6471606673266059,-0.7623536388483905,0.9867305793119814,0.16236614133076424,0.0,0.0,0.0,102318.75,93.75,49.75,19.837500000000027,0
2016-08-12,-0.6601521206712315,-0.7511319308705201,0.9917226741361014,0.12839835514655165,0.0,0.0,0.0,102593.75,275.0,48.125,19.112500000000026,0
2016-08-13,-0.6729490241558326,-0.7396888608649671,0.9955457941960381,0.09427922177542543,0.0,0.0,0.0,102542.5,-51.25,49.5,21.675000000000026,0
2016-08-14,-0.6855476064742154,-0.7280278011569848,0.998195433059714,0.06004895851494862,0.0,0.0,0.0,102157.5,-385.0,44.125,24.700000000000024,0
2016-08-15,-0.6979441547663433,-0.7161521883143935,0.999668467514313,0.025747913654989123,0.0,0.0,0.0,101966.25,-191.25,45.125,25.200000000000024,0
2016-08-16,-0.7101350157125356,-0.7040655221348059,0.9999631612477099,-0.008583481082086243,0.0,0.0,0.0,101668.75,-297.5,57.875,25.187500000000007,0
2016-08-17,-0.7221165966101161,-0.691771364614222,0.9990791668951153,-0.04290475819955423,0.0,0.0,0.0,101386.25,-282.5,56.375,26.575000000000024,0
2016-08-18,-0.7338853664321993,-0.6792733388972929,0.9970175264485266,-0.07717546212664683,0.0,0.0,0.0,101342.5,-43.75,65.375,24.412500000000023,0
2016-08-19,-0.7454378568683003,-0.6665751282095631,0.9937806700284983,-0.11135519690480904,0.0,0.0,0.0,101402.5,60.0,69.75,22.13750000000003,0
2016-08-20,-0.7567706633464625,-0.653680474772006,0.9893724130196829,-0.14540367380368985,0.0,0.0,0.0,101128.75,-273.75,58.625,24.225000000000023,1
2016-08-21,-0.7678804460366,-0.6405931786981752,0.9837979515735163,-0.1792807588107354,22.7,1.0,22.7,101916.25,787.5,76.125,19.025000000000027,0
2016-08-22,-0.7787639308347605,-0.627317096874294,0.9770638564833509,-0.21294651993841524,0.2,0.0,22.9,102527.5,611.25,63.25,20.237500000000033,0
2016-08-23,-0.7894179103280194,-0.6138561418226122,0.9691780654392538,-0.24636127429331403,0.0,0.0,22.9,102465.0,-62.5,55.375,21.987500000000026,0
2016-08-24,-0.7998392447397191,-0.6002142805483686,0.9601498736716021,-0.2794856348516085,0.0,0.0,0.2,102018.75,-446.25,39.125,25.48750000000002,0
2016-08-25,-0.8100248628547748,-0.5863955333706962,0.9499899229945014,-0.3122805568857935,0.0,0.0,0.0,101802.5,-216.25,44.125,25.825000000000024,0
2016-08-26,-0.8199717629247767,-0.5724039727378154,0.9387101892619447,-0.34470738398793244,0.0,0.0,0.0,101523.75,-278.75,39.25,26.81250000000002,0
2016-08-27,-0.8296770135526185,-0.5582437220268655,0.9263239682514957,-0.3767278936351835,0.0,0.0,0.0,101662.5,138.75,50.875,24.87500000000003,0
2016-08-28,-0.8391377545563938,-0.5439189543287248,0.9128458599921356,-0.4083043422438932,0.0,0.0,0.0,101660.0,-2.5,46.625,26.087500000000027,0
2016-08-29,-0.8483511978123038,-0.5294338912181854,0.8982917515547532,-0.4393995096591412,0.2,0.0,0.2,102032.5,372.5,69.125,23.62500000000002,0
2016-08-30,-0.8573146280763322,-0.514792801509831,0.8826787983255477,-0.46997674302731945,0.4,0.0,0.6000000000000001,102318.75,286.25,66.0,21.262500000000017,0
2016-08-31,-0.8660254037844385,-0.5000000000000004,0.8660254037844392,-0.4999999999999992,0.0,0.0,0.6000000000000001,102080.0,-238.75,58.25,21.450000000000017,0
2016-09-01,-0.8744809578310394,-0.4850598461951967,0.8483511978123045,-0.5294338912181843,0.0,0.0,0.4,102028.75,-51.25,55.5,22.63750000000001,0
2016-09-02,-0.8826787983255475,-0.4699767430273199,0.8296770135526187,-0.558243722026865,0.0,0.0,0.0,102207.5,178.75,49.875,24.737500000000026,0
2016-09-03,-0.8906165093267404,-0.45475513555610575,0.810024862854775,-0.5863955333706958,0.0,0.0,0.0,102036.25,-171.25,50.625,24.62500000000003,0
2016-09-04,-0.8982917515547529,-0.43939950965914165,0.7894179103280198,-0.6138561418226118,0.0,0.0,0.0,101923.75,-112.5,50.25,25.700000000000024,0
2016-09-05,-0.9057022630804714,-0.42391439070986087,0.7678804460366003,-0.6405931786981749,0.0,0.0,0.0,101893.75,-30.0,55.5,24.537500000000023,0
2016-09-06,-0.9128458599921354,-0.40830434224389367,0.7454378568683006,-0.6665751282095627,0.0,0.0,0.0,102265.0,371.25,57.75,22.93750000000002,0
2016-09-07,-0.9197204370389468,-0.3925739646141714,0.7221165966101155,-0.6917713646142226,0.0,0.0,0.0,102028.75,-236.25,59.125,24.637500000000024,0
2016-09-08,-0.9263239682514951,-0.3767278936351848,0.6979441547663431,-0.7161521883143938,0.0,0.0,0.0,101400.0,-628.75,47.875,25.337500000000027,0
2016-09-09,-0.9326545075388225,-0.3607707992167831,0.6729490241558326,-0.7396888608649671,0.0,0.0,0.0,101740.0,340.0,69.125,22.36250000000002,0
2016-09-10,-0.9387101892619443,-0.3447073839879337,0.6471606673266059,-0.7623536388483905,0.4,0.0,0.4,101737.5,-2.5,51.625,22.37500000000002,0
2016-09-11,-0.9444892287836613,-0.32854238191083474,0.6206094818274228,-0.7841198065767104,0.2,0.0,0.6000000000000001,101723.75,-13.75,58.0,22.475000000000016,0
2016-09-12,-0.9499899229945009,-0.3122805568857948,0.5933267643772322,-0.8049617075821958,0.0,0.0,0.6000000000000001,101676.25,-47.5,54.5,23.037500000000023,0
2016-09-13,-0.9552106508146316,-0.29592670134728966,0.5653446739747433,-0.824854774859424,0.0,0.0,0.2,101307.5,-368.75,55.75,25.325000000000017,0
2016-09-14,-0.9601498736716017,-0.2794856348516098,0.5366961939916012,-0.8437755598231852,0.0,0.0,0.0,100927.5,-380.0,58.5,25.450000000000024,1
2016-09-15,-0.9648061359537644,-0.2629622026565152,0.5074150932938464,-0.8617017599480676,11.4,1.0,11.4,101260.0,332.5,85.75,16.212500000000027,0
2016-09-16,-0.9691780654392534,-0.24636127429331536,0.47753588643748934,-0.8786122450571476,0.0,0.0,11.4,101248.75,-11.25,68.5,17.525000000000013,1
2016-09-17,-0.9732643737003823,-0.2296877421317963,0.44709379298511526,-0.8944870822287949,3.0,1.0,14.4,101807.5,558.75,79.5,16.937500000000014,0
2016-09-18,-0.9770638564833508,-0.21294651993841573,0.41612469599147445,-0.9093075592922358,0.0,0.0,3.0,102177.5,370.0,66.125,17.162500000000023,0
2016-09-19,-0.9805753940631429,-0.19614254142819712,0.3846650997070014,-0.923056206884176,0.0,0.0,3.0,102147.5,-30.0,72.25,15.787500000000023,0
2016-09-20,-0.9837979515735163,-0.1792807588107359,0.35275208654909523,-0.9357168190404935,0.0,0.0,0.0,102100.0,-47.5,68.375,18.075000000000017,0
2016-09-21,-0.9867305793119814,-0.16236614133076413,0.32042327339191184,-0.9472744722987166,0.0,0.0,0.0,101712.5,-387.5,64.5,19.275000000000027,0
2016-09-22,-0.9893724130196829,-0.14540367380369032,0.2877167672261679,-0.9577155432887801,0.0,0.0,0.0,101697.5,-15.0,62.875,18.88750000000003,0
2016-09-23,-0.9917226741361014,-0.12839835514655154,0.2546711202412299,-0.96702772479132,0.0,0.0,0.0,101970.0,272.5,57.375,18.637500000000017,0
2016-09-24,-0.9937806700284985,-0.11135519690480865,0.2213252843824322,-0.9752000402445826,0.0,0.0,0.0,102376.25,406.25,61.75,19.350000000000016,0
2016-09-25,-0.9955457941960382,-0.09427922177542443,0.18771856543719864,-0.9822228566828407,0.0,0.0,0.0,102076.25,-300.0,63.375,20.225000000000016,0
2016-09-26,-0.9970175264485267,-0.07717546212664643,0.15389057670406195,-0.9880878960910772,0.0,0.0,0.0,102100.0,23.75,75.375,19.000000000000014,0
2016-09-27,-0.998195433059714,-0.06004895851494849,0.11988119229922763,-0.9927882451625399,0.2,0.0,0.2,102240.0,140.0,64.75,17.375000000000036,0
2016-09-28,-0.9990791668951153,-0.04290475819955383,0.08573050015569322,-0.9963183634476757,0.0,0.0,0.2,102616.25,376.25,59.75,18.037500000000023,0
2016-09-29,-0.9996684675143132,-0.025747913654988113,0.05147875477034565,-0.9986740898848305,0.0,0.0,0.2,102900.0,283.75,54.375,19.73750000000002,0
2016-09-30,-0.9999631612477099,-0.008583481082086734,0.01716632975470673,-0.9998526477050269,0.0,0.0,0.0,102375.0,-525.0,59.5,19.787500000000023,0
2016-10-01,-0.9999631612477099,0.008583481082087254,-0.01716632975470777,-0.9998526477050269,0.0,0.0,0.0,101631.25,-743.75,68.5,21.50000000000003,0
2016-10-02,-0.999668467514313,0.025747913654988634,-0.05147875477034669,-0.9986740898848305,0.6000000000000001,0.0,0.6000000000000001,101421.25,-210.0,75.375,18.912500000000023,0
2016-10-03,-0.9990791668951153,0.04290475819955435,-0.08573050015569426,-0.9963183634476755,0.7999999999999999,0.0,1.4,101822.5,401.25,67.125,17.825000000000017,0
2016-10-04,-0.998195433059714,0.06004895851494813,-0.1198811922992269,-0.99278824516254,0.0,0.0,1.4,102171.25,348.75,58.25,17.55000000000002,0
2016-10-05,-0.9970175264485267,0.07717546212664607,-0.15389057670406123,-0.9880878960910773,0.0,0.0,0.7999999999999999,102020.0,-151.25,50.75,19.87500000000003,0
2016-10-10,-0.9867305793119814,0.16236614133076377,-0.3204232733919111,-0.9472744722987169,0.0,0.0,0.0,102258.75,116.25,56.125,13.362500000000011,0
2016-10-11,-0.9837979515735163,0.17928075881073555,-0.3527520865490945,-0.9357168190404938,0.0,0.0,0.0,102152.5,-106.25,52.5,11.312500000000021,0
2016-10-12,-0.980575394063143,0.19614254142819676,-0.38466509970700075,-0.9230562068841762,0.0,0.0,0.0,101632.5,-520.0,46.75,12.200000000000017,0
2016-10-13,-0.9770638564833509,0.21294651993841537,-0.4161246959914738,-0.9093075592922362,0.0,0.0,0.0,100848.75,-783.75,57.625,13.675000000000026,1
2016-10-14,-0.9732643737003827,0.22968774213179508,-0.44709379298511304,-0.894487082228796,2.0,1.0,2.0,100122.5,-726.25,78.25,16.612500000000026,1
2016-10-15,-0.9691780654392538,0.24636127429331414,-0.4775358864374871,-0.8786122450571489,15.299999999999999,1.0,17.299999999999997,100438.75,316.25,88.625,13.52500000000002,0
2016-10-16,-0.9648061359537647,0.262962202656514,-0.5074150932938442,-0.861701759948069,0.0,0.0,17.299999999999997,101368.75,930.0,72.875,14.40000000000002,0
2016-10-17,-0.9601498736716018,0.2794856348516095,-0.5366961939916005,-0.8437755598231856,0.0,0.0,15.299999999999999,101810.0,441.25,79.625,14.83750000000002,0
2016-10-18,-0.9552106508146317,0.2959267013472893,-0.5653446739747428,-0.8248547748594245,0.2,0.0,0.2,102235.0,425.0,81.25,16.925000000000033,0
2016-10-19,-0.9499899229945011,0.3122805568857945,-0.5933267643772315,-0.8049617075821962,0.8,0.0,1.0,102627.5,392.5,73.0,16.225000000000023,0
2016-10-20,-0.9444892287836614,0.3285423819108344,-0.6206094818274223,-0.7841198065767109,0.0,0.0,1.0,102375.0,-252.5,66.0,13.625000000000021,0
2016-10-21,-0.938710189261944,0.3447073839879342,-0.6471606673266067,-0.7623536388483897,0.0,0.0,0.8,101911.25,-463.75,59.25,13.075000000000024,0
2016-10-22,-0.9326545075388223,0.3607707992167836,-0.6729490241558334,-0.7396888608649664,0.0,0.0,0.0,101756.25,-155.0,64.375,10.375000000000014,0
2016-10-23,-0.9263239682514949,0.3767278936351853,-0.6979441547663439,-0.7161521883143931,0.0,0.0,0.0,101105.0,-651.25,77.125,10.52500000000002,0
2016-10-24,-0.9197204370389466,0.3925739646141719,-0.7221165966101162,-0.6917713646142218,0.0,0.0,0.0,100451.25,-653.75,77.25,17.82500000000003,0
2016-10-25,-0.9128458599921356,0.40830434224389334,-0.7454378568683001,-0.6665751282095633,0.8,0.0,0.8,101088.75,637.5,81.5,17.31250000000002,1
2016-10-26,-0.9057022630804715,0.42391439070986053,-0.7678804460365998,-0.6405931786981754,20.599999999999998,1.0,21.4,101915.0,826.25,87.375,16.87500000000002,0
2016-10-27,-0.898291751554753,0.4393995096591413,-0.7894179103280193,-0.6138561418226124,0.4,0.0,21.799999999999997,102520.0,605.0,92.625,16.225000000000016,0
2016-10-28,-0.8906165093267406,0.4547551355561054,-0.8100248628547747,-0.5863955333706964,0.2,0.0,21.2,103068.75,548.75,92.625,11.287500000000023,0
2016-10-29,-0.8826787983255476,0.46997674302731957,-0.8296770135526182,-0.5582437220268657,0.0,0.0,0.6000000000000001,103186.25,117.5,92.375,9.400000000000027,0
2016-10-30,-0.8744809578310401,0.4850598461951956,-0.8483511978123032,-0.5294338912181864,0.0,0.0,0.2,102822.5,-363.75,87.125,10.375000000000021,0
2016-10-31,-0.8660254037844386,0.5000000000000001,-0.8660254037844387,-0.49999999999999983,0.0,0.0,0.0,102291.25,-531.25,75.375,12.175000000000026,0
2016-11-01,-0.8573146280763323,0.5147928015098306,-0.8826787983255474,-0.4699767430273201,0.0,0.0,0.0,102163.75,-127.5,74.0,14.200000000000024,0
2016-11-02,-0.848351197812304,0.5294338912181851,-0.8982917515547528,-0.4393995096591418,0.0,0.0,0.0,102148.75,-15.0,77.5,15.037500000000023,0
2016-11-03,-0.8391377545563939,0.5439189543287245,-0.9128458599921354,-0.4083043422438939,0.0,0.0,0.0,102053.75,-95.0,79.75,12.725000000000023,0
2016-11-04,-0.8296770135526191,0.5582437220268645,-0.9263239682514947,-0.37672789363518583,0.2,0.0,0.2,101918.75,-135.0,92.125,10.21250000000002,0
2016-11-05,-0.8199717629247775,0.5724039727378144,-0.9387101892619438,-0.3447073839879348,0.0,0.0,0.2,101581.25,-337.5,84.125,11.050000000000026,1
2016-11-06,-0.8100248628547756,0.5863955333706952,-0.9499899229945006,-0.31228055688579587,5.8,1.0,6.0,100738.75,-842.5,89.625,11.437500000000014,1
2016-11-07,-0.7998392447397198,0.6002142805483676,-0.9601498736716013,-0.27948563485161093,1.8,1.0,7.6,100891.25,152.5,83.5,8.062500000000021,0
2016-11-08,-0.7894179103280197,0.613856141822612,-0.9691780654392536,-0.24636127429331475,0.0,0.0,7.6,101246.25,355.0,81.375,6.412500000000023,0
2016-11-09,-0.7787639308347607,0.6273170968742937,-0.9770638564833507,-0.21294651993841596,0.0,0.0,1.8,101657.5,411.25,77.875,7.450000000000031,1
2016-11-10,-0.7678804460366002,0.640593178698175,-0.9837979515735162,-0.17928075881073613,7.3999999999999995,1.0,7.3999999999999995,101478.75,-178.75,82.5,9.962500000000027,1
2016-11-11,-0.7567706633464628,0.6536804747720056,-0.9893724130196828,-0.14540367380369057,4.4,1.0,11.8,102047.5,568.75,86.25,11.137500000000024,1
2016-11-12,-0.7454378568682999,0.6665751282095634,-0.9937806700284985,-0.11135519690480801,3.0,1.0,14.8,102288.75,241.25,84.375,11.225000000000016,0
2016-11-13,-0.7338853664321989,0.6792733388972934,-0.9970175264485267,-0.07717546212664579,0.0,0.0,7.4,102292.5,3.75,75.875,10.075000000000031,1
2016-11-14,-0.7221165966101161,0.6917713646142221,-0.9990791668951153,-0.042904758199554076,9.4,1.0,12.4,102385.0,92.5,90.0,11.150000000000027,0
2016-11-15,-0.7101350157125358,0.7040655221348057,-0.9999631612477099,-0.008583481082086978,1.0,0.0,10.4,102985.0,600.0,82.375,9.800000000000026,0
2016-11-16,-0.6979441547663436,0.7161521883143932,-0.9996684675143132,0.02574791365498839,0.0,0.0,10.4,103318.75,333.75,74.625,8.58750000000002,0
2016-11-17,-0.6855476064742156,0.7280278011569846,-0.998195433059714,0.06004895851494788,0.0,0.0,1.0,102856.25,-462.5,83.0,10.037500000000016,0
2016-11-18,-0.6729490241558331,0.7396888608649665,-0.9955457941960382,0.09427922177542382,0.0,0.0,0.0,102037.5,-818.75,81.25,11.625000000000021,0
2016-11-19,-0.6601521206712321,0.7511319308705195,-0.9917226741361016,0.12839835514655004,0.8,0.0,0.8,101428.75,-608.75,87.75,10.750000000000014,0
2016-11-20,-0.6471606673266065,0.7623536388483899,-0.9867305793119816,0.16236614133076263,0.4,0.0,1.2000000000000002,101391.25,-37.5,76.625,10.58750000000002,0
2016-11-21,-0.6339784927628872,0.7733506777097294,-0.9805753940631432,0.19614254142819565,0.0,0.0,1.2000000000000002,100471.25,-920.0,72.125,12.725000000000023,1
2016-11-22,-0.6206094818274227,0.7841198065767104,-0.9732643737003824,0.22968774213179569,1.8,1.0,2.2,99868.75,-602.5,74.75,14.41250000000003,0
2016-11-23,-0.607057574429101,0.7946578517376245,-0.9648061359537651,0.26296220265651293,0.0,0.0,1.8,100662.5,793.75,86.625,11.35000000000003,1
2016-11-24,-0.5933267643772321,0.8049617075821958,-0.9552106508146317,0.2959267013472891,14.1,1.0,15.899999999999999,100523.75,-138.75,90.875,10.625000000000014,1
2016-11-25,-0.5794210982045647,0.8150283375168107,-0.944489228783662,0.3285423819108325,3.8000000000000003,1.0,17.9,100740.0,216.25,86.25,10.325000000000024,0
2016-11-26,-0.5653446739747432,0.8248547748594242,-0.9326545075388227,0.36077079921678257,0.0,0.0,17.9,101155.0,415.0,80.5,9.637500000000017,0
2016-11-27,-0.5511016400745998,0.8344381237138475,-0.9197204370389463,0.3925739646141725,0.0,0.0,3.800000000000002,101282.5,127.5,86.0,7.20000000000001,0
2016-11-28,-0.5366961939916011,0.8437755598231853,-0.9057022630804721,0.4239143907098595,0.0,0.0,0.0,101232.5,-50.0,77.375,11.662500000000016,0
2016-11-29,-0.5221325810768248,0.8528643314021598,-0.8906165093267403,0.45475513555610597,0.0,0.0,0.0,101450.0,217.5,94.875,6.500000000000021,0
2016-11-30,-0.5074150932938463,0.8617017599480677,-0.8744809578310405,0.4850598461951946,0.0,0.0,0.0,102343.75,893.75,86.125,8.162500000000023,0
2016-12-01,-0.4925480679538645,0.8702852410301551,-0.8573146280763324,0.5147928015098305,0.0,0.0,0.0,103081.25,737.5,72.5,9.850000000000023,0
2016-12-02,-0.47753588643748845,0.8786122450571482,-0.8391377545563942,0.5439189543287243,0.0,0.0,0.0,102783.75,-297.5,79.875,5.725000000000016,0
2016-12-03,-0.4623829729035152,0.8866803180227398,-0.8199717629247776,0.5724039727378142,0.0,0.0,0.0,102062.5,-721.25,89.125,2.637500000000024,0
2016-12-04,-0.44709379298511437,0.8944870822287954,-0.79983924473972,0.6002142805483675,0.0,0.0,0.0,101573.75,-488.75,80.25,4.700000000000017,0
2016-12-05,-0.43167285247378356,0.9020302369860709,-0.7787639308347603,0.6273170968742943,0.0,0.0,0.0,101467.5,-106.25,75.875,13.137500000000024,0
2016-12-06,-0.4161246959914751,0.9093075592922355,-0.7567706633464635,0.6536804747720047,0.0,0.0,0.0,102113.75,646.25,77.375,12.650000000000027,0
2016-12-07,-0.4004539056512665,0.9163169044870048,-0.733885366432199,0.6792733388972931,0.0,0.0,0.0,102766.25,652.5,82.25,8.537500000000023,0
2016-12-08,-0.3846650997070013,0.923056206884176,-0.710135015712536,0.7040655221348054,0.0,0.0,0.0,103056.25,290.0,79.875,8.000000000000028,0
2016-12-09,-0.3687629311922604,0.9295234803804002,-0.6855476064742159,0.7280278011569845,0.0,0.0,0.0,103232.5,176.25,79.375,9.962500000000027,0
2016-12-10,-0.3527520865490943,0.9357168190404939,-0.660152120671231,0.7511319308705207,0.0,0.0,0.0,103147.5,-85.0,84.0,8.900000000000027,0
2016-12-11,-0.3366372842469107,0.9416343976591258,-0.6339784927628873,0.7733506777097293,0.0,0.0,0.0,102905.0,-242.5,96.75,5.675000000000026,0
2016-12-12,-0.3204232733919109,0.947274472298717,-0.6070575744290998,0.7946578517376255,0.0,0.0,0.0,102772.5,-132.5,87.625,5.312500000000028,0
2016-12-13,-0.30411483232751857,0.9526353808033823,-0.5794210982045649,0.8150283375168105,0.0,0.0,0.0,102671.25,-101.25,93.0,4.637500000000024,0
2016-12-14,-0.28771676722616696,0.9577155432887803,-0.5511016400746,0.8344381237138473,0.0,0.0,0.0,102473.75,-197.5,82.875,5.47500000000003,0
2016-12-15,-0.27123391067291097,0.9625134626077079,-0.5221325810768265,0.8528643314021587,0.0,0.0,0.0,102045.0,-428.75,82.625,9.187500000000021,0
2016-12-16,-0.25467112024122895,0.9670277247913203,-0.49254806795386474,0.870285241030155,0.0,0.0,0.0,102197.5,152.5,75.75,6.6125000000000185,0
2016-12-17,-0.23803327706148678,0.9712569994658311,-0.462382972903517,0.886680318022739,0.0,0.0,0.0,102170.0,-27.5,82.625,8.637500000000017,0
2016-12-18,-0.22132528438243296,0.9752000402445824,-0.43167285247378456,0.9020302369860703,0.0,0.0,0.0,103471.25,1301.25,79.5,9.550000000000011,0
2016-12-19,-0.2045520661262005,0.9788556850953579,-0.4004539056512659,0.916316904487005,0.0,0.0,0.0,103323.75,-147.5,89.25,3.90000000000002,1
2016-12-20,-0.1877185654371994,0.9822228566828405,-0.36876293119226145,0.9295234803803998,1.2,1.0,1.2000000000000017,102236.25,-1087.5,89.0,2.8625000000000256,0
2016-12-21,-0.17082974322534408,0.985300562686109,-0.3366372842469101,0.941634397659126,0.0,0.0,1.2000000000000017,102186.25,-50.0,87.75,5.16250000000003,0
2016-12-22,-0.1538905767040627,0.9880878960910771,-0.3041148323275197,0.952635380803382,0.0,0.0,1.2000000000000017,103052.5,866.25,83.625,3.2375000000000185,1
2016-12-23,-0.1369060579234754,0.9905840354577969,-0.27123391067291036,0.962513462607708,1.8,1.0,1.8000000000000018,103462.5,410.0,90.375,3.200000000000024,1
2016-12-24,-0.1198811922992275,0.99278824516254,-0.23803327706148616,0.9712569994658312,1.8,1.0,3.600000000000002,103600.0,137.5,93.0,10.712500000000027,0
2016-12-25,-0.1028209971373608,0.9946998756145891,-0.2045520661262016,0.9788556850953577,0.6,0.0,4.200000000000002,103777.5,177.5,89.625,11.625000000000028,0
2016-12-26,-0.08573050015569487,0.9963183634476755,-0.17082974322534522,0.9853005626861088,0.0,0.0,2.400000000000002,103592.5,-185.0,88.25,11.362500000000018,0
2016-12-27,-0.06861473800213468,0.9976432316860063,-0.13690605792347654,0.9905840354577968,0.2,0.0,0.8000000000000018,103500.0,-92.5,86.625,9.912500000000009,0
2016-12-28,-0.05147875477034641,0.9986740898848305,-0.10282099713736016,0.9946998756145891,0.0,0.0,0.2000000000000018,103607.5,107.5,89.875,8.350000000000016,0
2016-12-29,-0.034327600513243496,0.9994106342455052,-0.06861473800213404,0.9976432316860063,0.0,0.0,0.2000000000000018,103606.25,-1.25,84.25,5.662500000000023,0
2016-12-30,-0.017166329754707492,0.9998526477050269,-0.034327600513243746,0.9994106342455052,0.0,0.0,0.0,103580.0,-26.25,89.5,2.7250000000000156,0
2016-12-31,-2.4492935982947064e-16,1.0,-4.898587196589413e-16,1.0,0.0,0.0,0.0,103696.25,116.25,96.875,2.137500000000017,0
2017-01-01,0.017213356155834685,0.9998518392091162,0.03442161162274574,0.9994074007397048,0.0,0.0,0.0,103280.0,-416.25,97.25,3.250000000000014,0
2017-01-02,0.03442161162274574,0.9994074007397048,0.06880242680231986,0.9976303053065857,0.0,0.0,0.0,102610.0,-670.0,95.375,1.5750000000000242,0
2017-01-03,0.051619667223253764,0.998666816288476,0.10310169744743485,0.9946708199115211,0.0,0.0,0.0,102345.0,-265.0,96.125,1.6750000000000185,0
2017-01-04,0.06880242680231986,0.9976303053065857,0.13727877211326478,0.9905324521322229,0.0,0.0,0.0,102697.5,352.5,92.25,1.6250000000000142,0
2017-01-05,0.08596479873744647,0.9962981749346078,0.1712931441814776,0.9852201067560606,0.0,0.0,0.0,102920.0,222.5,90.625,0.22500000000002274,0
2017-01-11,0.1882267098432442,0.9821256058680006,0.3697245428906731,0.9291414114031743,10.5,1.0,10.500000000000002,101740.0,-1252.5,86.25,6.825000000000024,0
2017-01-12,0.2051044998686192,0.9787400799669153,0.401487989205973,0.9158642882672872,1.0,0.0,11.500000000000002,102253.75,513.75,89.875,8.125000000000021,1
2017-01-13,0.2219215130041655,0.9750645322571948,0.4327755925504312,0.901501684131884,3.2,1.0,14.700000000000003,102011.25,-242.5,91.875,10.600000000000016,1
2017-01-14,0.2386727660059501,0.9711000518829505,0.4635502709028509,0.886070621534138,3.0,1.0,7.200000000000002,101975.0,-36.25,76.5,5.837500000000027,0
2017-01-15,0.255353295116187,0.9668478136052775,0.49377555015997715,0.869589389346611,0.2,0.0,6.400000000000002,102577.5,602.5,76.5,3.7375000000000256,0
2017-01-16,0.2719581575341055,0.9623090774541486,0.5234156073655503,0.8520775211013093,0.0,0.0,3.200000000000002,102631.25,53.75,83.125,4.487500000000026,1
2017-01-21,0.3536761221763716,0.9353679493131483,0.6616346182422783,0.7498264012045686,0.0,0.0,0.0,102581.25,-253.75,74.125,1.1875000000000213,0
2017-01-22,0.3697245428906731,0.9291414114031743,0.6870527672236669,0.7266075247685656,0.0,0.0,0.0,102312.5,-268.75,66.375,4.462500000000034,0
2017-01-23,0.38566340624360707,0.9226395488404876,0.7116566222817746,0.7025274741691571,0.2,0.0,0.2000000000000018,102212.5,-100.0,86.875,2.575000000000024,0
2017-01-24,0.401487989205973,0.9158642882672872,0.7354170229639855,0.6776147890466889,0.6,0.0,0.8000000000000018,102277.5,65.0,79.875,5.412500000000023,0
2017-01-25,0.4171936026123168,0.9088176373395029,0.7583058084785624,0.6518989958787126,0.0,0.0,0.8000000000000017,102543.75,266.25,71.5,2.8125000000000284,0
2017-01-26,0.4327755925504312,0.901501684131884,0.7802958510707755,0.6254105729852463,0.0,0.0,0.6000000000000016,102408.75,-135.0,77.25,-0.474999999999973,0
2017-01-27,0.4482293417404106,0.893918596519257,0.8013610881746766,0.5981809144059165,0.0,0.0,0.0,101696.25,-712.5,77.5,1.5000000000000284,0
2017-01-28,0.4635502709028509,0.886070621534138,0.8214765533024142,0.5702422926917871,0.0,0.0,0.0,100983.75,-712.5,60.125,10.700000000000024,0
2017-01-29,0.47873384011578846,0.8779600847008882,0.8406184056344782,0.5416278206559814,0.0,0.0,0.0,101917.5,933.75,79.25,8.137500000000017,0
2017-01-30,0.49377555015997715,0.869589389346611,0.8587639582758029,0.5123714121284237,0.0,0.0,0.0,102316.25,398.75,73.625,6.700000000000038,0
2017-01-31,0.5086709438521044,0.8609610158889943,0.8758917051442429,0.48250774176121847,0.0,0.0,0.0,102050.0,-266.25,81.75,8.800000000000026,0
2017-02-01,0.5234156073655503,0.8520775211013093,0.8919813464595485,0.45207220393230435,0.0,0.0,0.0,101653.75,-396.25,81.5,10.375000000000028,0
2017-02-02,0.5380051715382996,0.8429415373547828,0.9070138128026359,0.4211008707960896,0.0,0.0,0.0,101521.25,-132.5,79.625,11.487500000000018,1
2017-02-03,0.5524353131676196,0.8335557718385699,0.9209712877166346,0.38963044953078796,1.5999999999999999,1.0,1.6000000000000016,100927.5,-593.75,79.25,11.312500000000014,1
2017-02-04,0.5667017562911176,0.8239230057575542,0.9338372288229252,0.35769823883312546,1.4,1.0,3.0000000000000018,101157.5,230.0,78.625,7.937500000000014,1
2017-02-05,0.5808002734538009,0.8140460935082178,0.9455963874271426,0.3253420847119801,6.6,1.0,9.600000000000001,100817.5,-340.0,74.75,9.975000000000016,1
2017-02-06,0.5947266869607634,0.8039279618328213,0.9562348265919056,0.29260033563334836,15.1,1.0,23.1,100798.75,-18.75,83.0,8.08750000000002,0
2017-02-07,0.6084768701151261,0.7935716089521474,0.9657399376548549,0.2595117970697999,0.0,0.0,21.700000000000003,102183.75,1385.0,73.875,7.4875000000000185,1
2017-02-08,0.6220467484408675,0.7829801036770629,0.9741004551724205,0.22611568550828828,6.4,1.0,21.5,102031.25,-152.5,86.875,9.887500000000031,0
2017-02-09,0.6354323008901774,0.7721565844991642,0.9813064702716093,0.19245158197082998,1.0,0.0,7.400000000000002,102380.0,348.75,84.75,5.837500000000027,0
2017-02-10,0.6486295610349814,0.7611042586607747,0.9873494423939864,0.15855938510313475,0.0,0.0,7.400000000000002,102191.25,-188.75,74.25,5.375000000000021,0
2017-02-11,0.6616346182422783,0.7498264012045686,0.9922222094179323,0.12447926388678915,0.0,0.0,1.0000000000000018,101428.75,-762.5,71.25,6.15000000000002,0
2017-02-12,0.6744436188329455,0.7383263540031065,0.995918996147179,0.09025161003104117,0.0,0.0,0.0,101560.0,131.25,77.875,6.2375000000000185,0
2017-02-13,0.6870527672236669,0.7266075247685656,0.9984354211555643,0.055916990100603484,0.0,0.0,0.0,101020.0,-540.0,72.0,12.212500000000027,0
2017-02-14,0.699458327051647,0.7146733860429609,0.9997685019798909,0.021516097436222254,0.0,0.0,0.0,101033.75,13.75,70.125,13.062500000000021,0
2017-02-15,0.7116566222817746,0.7025274741691571,0.9999166586547379,-0.01291029607500882,0.8,0.0,0.8000000000000018,102177.5,1143.75,80.625,12.200000000000031,0
2017-02-16,0.7236440382959124,0.6901733882429719,0.9988797155850336,-0.04732138832243185,0.0,0.0,0.8000000000000018,103108.75,931.25,77.625,12.637500000000024,0
2017-02-17,0.7354170229639855,0.6776147890466889,0.9966589017541702,-0.08167639533042241,0.0,0.0,0.8000000000000018,103156.25,47.5,74.75,12.162500000000023,0
2017-02-18,0.7469720876965552,0.6648553979642865,0.9932568492674143,-0.11593459959550041,0.0,0.0,0.0,102806.25,-350.0,72.75,9.77500000000002,0
2017-02-19,0.7583058084785624,0.6518989958787126,0.9886775902323405,-0.1500553983446526,0.0,0.0,0.0,102285.0,-521.25,70.125,8.675000000000018,0
2017-02-20,0.7694148268839378,0.6387494220515272,0.9829265519799822,-0.18399835165768005,0.0,0.0,0.0,102693.75,408.75,76.875,8.262500000000017,0
2017-02-21,0.7802958510707755,0.6254105729852463,0.9760105506323683,-0.21772323039653177,0.0,0.0,0.0,102911.25,217.5,77.875,8.550000000000026,0
2017-02-22,0.7909456567567772,0.6118864012687243,0.9679377830240642,-0.25119006388481935,0.0,0.0,0.0,102718.75,-192.5,73.5,10.200000000000031,0
2017-02-23,0.8013610881746766,0.5981809144059165,0.9587178169872964,-0.2843591872810034,0.0,0.0,0.0,102298.75,-420.0,72.5,10.950000000000024,0
2017-02-24,0.8115390590073611,0.5842981736283684,0.9483615800121715,-0.3171912885891061,0.0,0.0,0.0,101650.0,-648.75,79.25,8.875000000000021,0
2017-02-25,0.8214765533024142,0.5702422926917871,0.9368813462954315,-0.3496474552512284,0.6,0.0,0.6000000000000018,101913.75,263.75,68.375,9.175000000000026,0
2017-02-26,0.8311706263658079,0.5560174366570446,0.9242907221930933,-0.3816892202666588,0.0,0.0,0.6000000000000018,102212.5,298.75,55.375,7.112500000000033,0
2017-02-27,0.8406184056344782,0.5416278206559814,0.9106046300942162,-0.4132786077829042,0.0,0.0,0.6000000000000018,102106.25,-106.25,73.75,7.062500000000021,0
2017-02-28,0.8498170915275278,0.5270777086423722,0.895839290734909,-0.4443781781046132,0.0,0.0,0.0,101206.25,-900.0,75.625,9.000000000000021,1
2017-03-01,0.8587639582758029,0.5123714121284237,0.8800122039735357,-0.47495107206704995,3.2,1.0,3.200000000000002,101011.25,-195.0,73.0,9.325000000000031,0
2017-03-02,0.8674563547295969,0.49751328890718066,0.8631421280499114,-0.5049610547215204,0.0,0.0,3.200000000000002,101795.0,783.75,69.5,8.812500000000014,0
2017-03-03,0.8758917051442429,0.48250774176121847,0.8452490573530633,-0.5343725582809786,0.0,0.0,3.200000000000002,101842.5,47.5,71.625,11.725000000000023,0
2017-03-04,0.8840675099433636,0.4673592171580022,0.8263541987239096,-0.5631507242749186,0.0,0.0,0.0,100392.5,-1450.0,70.125,12.33750000000002,1
2017-03-05,0.8919813464595485,0.45207220393230435,0.8064799463209448,-0.5912614448635781,28.1,1.0,28.1,100195.0,-197.5,77.75,7.700000000000031,1
2017-03-06,0.8996308696522433,0.43665123195606403,0.7856498550787147,-0.6186714032625031,2.4,1.0,30.5,101383.75,1188.75,75.125,7.887500000000024,1
2017-03-07,0.9070138128026359,0.4211008707960896,0.7638886127905428,-0.6453481132295501,2.2,1.0,32.7,101777.5,393.75,70.75,11.412500000000023,1
2017-03-08,0.9141279881853337,0.40542572835999735,0.7412220108485958,-0.6712599575675313,15.9,1.0,20.5,102433.75,656.25,85.125,8.887500000000024,1
2017-03-09,0.9209712877166346,0.38963044953078796,0.717676913675962,-0.6963762255968722,4.7,1.0,22.8,102752.5,318.75,82.75,12.325000000000017,0
2017-03-10,0.9275416835791966,0.37371971479046906,0.6932812268869777,-0.7206671495538609,0.0,0.0,20.599999999999998,102788.75,36.25,77.5,11.237500000000026,0
2017-03-11,0.9338372288229252,0.35769823883312546,0.6680638642135335,-0.7441039398713607,0.0,0.0,4.7,102377.5,-411.25,71.375,11.225000000000016,0
2017-03-12,0.9398560579418954,0.3415707691678556,0.6420547132365637,-0.766658819300159,0.0,0.0,0.0,101730.0,-647.5,64.5,13.062500000000014,0
2017-03-13,0.9455963874271426,0.3253420847119801,0.6152845999633276,-0.7883050558305255,0.4,0.0,0.4,101750.0,20.0,80.25,12.100000000000009,0
2017-03-14,0.9510565162951535,0.30901699437494745,0.5877852522924732,-0.8090169943749473,0.2,0.0,0.6000000000000001,102485.0,735.0,88.375,10.837500000000027,0
2017-03-15,0.9562348265919056,0.29260033563334836,0.5595892624101765,-0.8287700871745038,0.0,0.0,0.6000000000000001,103208.75,723.75,82.25,10.712500000000027,0
2017-03-16,0.9611297838723007,0.27609697309746883,0.5307300481619334,-0.8475409228928311,0.0,0.0,0.2,102880.0,-328.75,78.25,10.162500000000016,0
2017-03-17,0.9657399376548549,0.2595117970697999,0.5012418134457758,-0.865307254363206,0.0,0.0,0.0,102287.5,-592.5,67.0,12.41250000000003,0
2017-03-18,0.9700639218515071,0.2428497220959356,0.4711595076738638,-0.8820480249558537,0.0,0.0,0.0,102237.5,-50.0,66.625,12.90000000000002,0
2017-03-19,0.9741004551724205,0.22611568550828828,0.440518784350495,-0.8977433935342337,0.0,0.0,0.0,102521.25,283.75,68.125,10.712500000000027,0
2017-03-20,0.9778483415056568,0.20931464596304847,0.4093559588156213,-0.9123747579707273,0.0,0.0,0.0,102155.0,-366.25,75.25,10.387500000000017,0
2017-03-21,0.9813064702716093,0.19245158197082998,0.3777079652039649,-0.9259247771938498,0.0,0.0,0.0,101787.5,-367.5,78.0,11.187500000000014,0
2017-03-22,0.9844738167520922,0.1755314904214282,0.3456123126707335,-0.9383773917408641,0.8,0.0,0.8,101708.75,-78.75,78.25,10.08750000000002,0
2017-03-23,0.9873494423939864,0.15855938510313475,0.3131070409358269,-0.9497178427914316,0.0,0.0,0.8,101162.5,-546.25,71.375,9.800000000000026,1
2017-03-24,0.989932495087353,0.141540295217043,0.28023067519921585,-0.9599326896597447,2.8,1.0,3.5999999999999996,101075.0,-87.5,74.125,7.662500000000023,1
2017-03-25,0.9922222094179323,0.12447926388678915,0.24702218048093552,-0.9690098257244062,6.3,1.0,9.1,101635.0,560.0,82.125,6.812500000000028,1
2017-03-26,0.994217906893952,0.10738134666416309,0.21352091543979612,-0.9769384927771817,8.3,1.0,17.4,101217.5,-417.5,77.875,9.062500000000014,0
2017-03-27,0.995918996147179,0.09025161003104117,0.1797665857255624,-0.9837092937736097,0.0,0.0,14.6,101673.75,456.25,65.0,12.000000000000036,0
2017-03-28,0.9973249731081555,0.07309512989807777,0.1457991969198751,-0.9893142039703663,0.0,0.0,8.3,101801.25,127.5,67.875,12.875000000000028,0
2017-03-29,0.9984354211555643,0.055916990100603484,0.11165900712169512,-0.993746580436178,0.0,0.0,0.0,102556.25,755.0,68.375,13.362500000000026,0
2017-03-30,0.9992500112396835,0.03872228089217446,0.07738647923346301,-0.9970011699250151,0.0,0.0,0.0,102627.5,71.25,57.75,14.287500000000023,0
2017-03-31,0.9997685019798909,0.021516097436222254,0.04302223300453059,-0.99907411510223,0.0,0.0,0.0,102222.5,-405.0,57.125,15.175000000000011,1
2017-04-01,0.9999907397361901,0.004303538296244289,0.008606996888688698,-0.9999629591162655,12.7,1.0,12.7,101822.5,-400.0,65.0,14.375000000000021,1
2017-04-02,0.9999166586547379,-0.01291029607500882,-0.02581844022713239,-0.9996666485105112,13.3,1.0,26.0,101820.0,-2.5,78.875,10.737500000000018,1
2017-04-03,0.9995462806873573,-0.030120304846908114,-0.060213277365792774,-0.9981855344718586,2.4,1.0,28.4,102130.0,310.0,76.0,11.237500000000026,0
2017-04-04,0.9988797155850336,-0.04732138832243185,-0.09453674981719933,-0.9955213724144752,0.0,0.0,15.700000000000001,102475.0,345.0,70.5,12.812500000000021,0
2017-04-05,0.9979171608653922,-0.06450844944931623,-0.12874817745258066,-0.99167731989929,0.0,0.0,2.4,102437.5,-37.5,61.0,14.362500000000026,0
2017-04-06,0.9966589017541702,-0.08167639533042241,-0.16280701293851646,-0.9866579328916572,0.0,0.0,0.0,102408.75,-28.75,70.25,12.700000000000024,0
2017-04-07,0.9951053111006976,-0.09882013873287143,-0.19667288979357622,-0.9804691603616321,0.0,0.0,0.0,102348.75,-60.0,60.125,11.950000000000024,0
2017-04-08,0.9932568492674143,-0.11593459959550041,-0.23030567023061196,-0.973118337233262,0.0,0.0,0.0,102188.75,-160.0,56.875,12.437500000000028,0
2017-04-09,0.9911140639934547,-0.1330147065341959,-0.2636654927280072,-0.9646141756912435,0.0,0.0,0.0,102012.5,-176.25,56.875,15.237500000000026,0
2017-04-10,0.9886775902323405,-0.1500553983446526,-0.2967128192734901,-0.9549667548552553,0.0,0.0,0.0,102190.0,177.5,58.5,16.38750000000003,0
2017-04-11,0.9859481499638304,-0.16705162550211924,-0.3294084822245302,-0.9441875088341994,0.0,0.0,0.0,102328.75,138.75,59.0,17.425000000000033,0
2017-04-12,0.9829265519799822,-0.18399835165768005,-0.3617137307297674,-0.9322892131745134,0.0,0.0,0.0,102432.5,103.75,63.375,14.562500000000028,0
2017-04-13,0.9796136916454901,-0.20089055513063506,-0.39359027665646645,-0.9192859697186105,0.0,0.0,0.0,102130.0,-302.5,57.25,14.46250000000002,0
2017-04-14,0.9760105506323683,-0.21772323039653177,-0.42500033996955394,-0.9051931898913975,0.0,0.0,0.0,101811.25,-318.75,52.625,15.58750000000002,0
2017-04-15,0.9721181966290613,-0.23449138957040985,-0.455906693508459,-0.8900275764346766,0.0,0.0,0.0,101883.75,72.5,58.625,14.825000000000024,0
2017-04-16,0.9679377830240642,-0.25119006388481935,-0.4862727071086902,-0.8738071036110807,0.0,0.0,0.0,102321.25,437.5,72.875,12.337500000000027,0
2017-04-17,0.9634705485641488,-0.2678143051621742,-0.5160623910158526,-0.8565509959010037,0.0,0.0,0.0,102515.0,193.75,68.0,12.925000000000018,0
2017-04-18,0.9587178169872964,-0.2843591872810034,-0.5452404385406507,-0.8382797052177745,0.0,0.0,0.0,102087.5,-427.5,61.375,13.375000000000028,0
2017-04-19,0.9536809966304457,-0.30081980763566735,-0.5737722679043243,-0.8190148866680802,0.0,0.0,0.0,102142.5,55.0,47.5,13.325000000000017,0
2017-04-20,0.9483615800121715,-0.3171912885891061,-0.6016240632249227,-0.7987793728863648,0.0,0.0,0.0,102583.75,441.25,34.625,10.90000000000002,0
2017-04-21,0.9427611433904207,-0.3334687789181868,-0.6287628145958345,-0.7775971469736268,0.0,0.0,0.0,102805.0,221.25,32.875,10.46250000000002,0
2017-04-22,0.9368813462954315,-0.3496474552512284,-0.655156357209085,-0.7554933140726804,0.0,0.0,0.0,102713.75,-91.25,37.5,12.475000000000023,0
2017-04-23,0.9307239310379795,-0.36572252349726897,-0.6807734094770159,-0.7324940716135792,0.0,0.0,0.0,102268.75,-445.0,31.5,15.775000000000013,0
2017-04-24,0.9242907221930933,-0.3816892202666588,-0.7055836101071774,-0.70862667826446,0.0,0.0,0.0,101792.5,-476.25,45.0,16.237500000000033,0
2017-04-25,0.9175836260593937,-0.39754281428255595,-0.7295575540864876,-0.6839194216246105,0.0,0.0,0.0,101468.75,-323.75,57.875,15.77500000000002,1
2017-04-26,0.9106046300942162,-0.4132786077829042,-0.7526668275320083,-0.6584015846980489,5.4,1.0,5.4,100908.75,-560.0,76.0,14.262500000000024,0
2017-04-27,0.9033558023246845,-0.4288919379124835,-0.7748840413670406,-0.6321034111873488,0.2,0.0,5.6000000000000005,101300.0,391.25,80.625,8.52500000000002,0
2017-04-28,0.895839290734909,-0.4443781781046132,-0.7961828637826154,-0.6050560696488494,0.0,0.0,5.6000000000000005,101788.75,488.75,57.375,8.062500000000021,0
2017-04-29,0.8880573226294932,-0.45973273945210397,-0.8165380514459157,-0.5772916165517278,0.0,0.0,0.2,102001.25,212.5,51.75,9.187500000000021,0
2017-04-30,0.8800122039735357,-0.47495107206704995,-0.8359254794186365,-0.5488429582847199,0.0,0.0,0.0,101367.5,-633.75,53.75,11.150000000000013,1
2017-05-01,0.8717063187093218,-0.4900286664290592,-0.8543221697498269,-0.5197438121555157,4.4,1.0,4.4,100795.0,-572.5,72.625,12.225000000000016,0
2017-05-02,0.8631421280499114,-0.5049610547215204,-0.8717063187093217,-0.4900286664290594,0.4,0.0,4.800000000000001,101892.5,1097.5,66.0,10.587500000000027,1
2017-05-03,0.854322169749827,-0.5197438121555155,-0.888057322629493,-0.4597327394521046,15.9,1.0,20.700000000000003,101892.5,0.0,84.25,12.225000000000009,0
2017-05-04,0.8452490573530633,-0.5343725582809786,-0.9033558023246842,-0.4288919379124841,0.6000000000000001,0.0,16.900000000000002,101765.0,-127.5,70.375,14.02500000000002,0
2017-05-05,0.8359254794186372,-0.548842958284719,-0.9175836260593934,-0.3975428142825566,0.0,0.0,16.5,101355.0,-410.0,69.0,15.487500000000018,0
2017-05-06,0.8263541987239096,-0.5631507242749186,-0.9307239310379793,-0.3657225234972692,0.0,0.0,0.6000000000000001,100998.75,-356.25,66.625,15.512500000000024,1
2017-05-07,0.8165380514459161,-0.5772916165517272,-0.9427611433904206,-0.33346877891818705,13.9,1.0,13.9,101521.25,522.5,71.125,14.912500000000016,0
2017-05-08,0.8064799463209448,-0.5912614448635781,-0.9536809966304455,-0.300819807635668,0.0,0.0,13.9,102225.0,703.75,62.125,14.825000000000031,0
2017-05-09,0.7961828637826158,-0.6050560696488488,-0.9634705485641486,-0.26781430516217486,0.0,0.0,13.9,102006.25,-218.75,61.75,15.712500000000027,0
2017-05-10,0.7856498550787147,-0.6186714032625031,-0.9721181966290612,-0.23449138957041052,0.0,0.0,0.0,101167.5,-838.75,52.625,15.600000000000023,1
2017-05-11,0.7748840413670407,-0.6321034111873487,-0.9796136916454901,-0.20089055513063528,3.8,1.0,3.8,100367.5,-800.0,61.5,16.45000000000003,1
2017-05-12,0.7638886127905428,-0.6453481132295501,-0.9859481499638303,-0.1670516255021195,8.8,1.0,12.600000000000001,99815.0,-552.5,70.5,16.612500000000033,0
2017-05-13,0.7526668275320085,-0.6584015846980488,-0.9911140639934546,-0.13301470653419636,0.0,0.0,12.600000000000001,100410.0,595.0,66.125,18.075000000000017,1
2017-05-14,0.7412220108485958,-0.6712599575675313,-0.9951053111006974,-0.09882013873287211,6.3,1.0,15.100000000000001,101470.0,1060.0,69.25,17.237500000000026,0
2017-05-15,0.7295575540864875,-0.6839194216246106,-0.9979171608653922,-0.06450844944931625,0.6,0.0,6.8999999999999995,102332.5,862.5,61.25,18.37500000000002,0
2017-05-16,0.717676913675962,-0.6963762255968722,-0.9995462806873573,-0.03012030484690836,0.0,0.0,6.8999999999999995,102680.0,347.5,56.25,20.537500000000023,0
2017-05-17,0.705583610107178,-0.7086266782644596,-0.9999907397361901,0.004303538296243821,0.0,0.0,0.6,102460.0,-220.0,50.875,22.18750000000002,0
2017-05-18,0.6932812268869777,-0.7206671495538609,-0.9992500112396835,0.03872228089217399,0.0,0.0,0.0,101838.75,-621.25,52.875,21.48750000000001,1
2017-05-19,0.6807734094770161,-0.7324940716135789,-0.9973249731081555,0.07309512989807776,17.7,1.0,17.7,101616.25,-222.5,84.875,14.625000000000007,0
2017-05-20,0.6680638642135335,-0.7441039398713607,-0.994217906893952,0.10738134666416306,0.2,0.0,17.9,102098.75,482.5,72.125,12.550000000000033,0
2017-05-21,0.6551563572090853,-0.7554933140726803,-0.989932495087353,0.141540295217043,0.0,0.0,17.9,102460.0,361.25,60.875,14.425000000000026,0
2017-05-22,0.6420547132365637,-0.766658819300159,-0.9844738167520923,0.17553149042142777,0.0,0.0,0.2,102037.5,-422.5,51.375,17.825000000000017,1
2017-05-23,0.6287628145958344,-0.7775971469736269,-0.9778483415056567,0.20931464596304888,5.3,1.0,5.3,101672.5,-365.0,58.0,19.73750000000001,0
2017-05-24,0.6152845999633276,-0.7883050558305255,-0.970063921851507,0.2428497220959358,0.6000000000000001,0.0,5.9,102377.5,705.0,81.375,16.11250000000002,0
2017-05-25,0.6016240632249226,-0.7987793728863649,-0.9611297838723007,0.27609697309746883,0.0,0.0,5.9,102118.75,-258.75,68.75,19.93750000000003,0
2017-05-26,0.5877852522924732,-0.8090169943749473,-0.9510565162951536,0.30901699437494723,0.0,0.0,0.6000000000000001,101463.75,-655.0,56.0,23.31250000000002,0
2017-05-27,0.5737722679043246,-0.8190148866680801,-0.9398560579418953,0.341570769167856,0.0,0.0,0.0,101337.5,-126.25,50.375,23.062500000000014,0
2017-05-28,0.5595892624101765,-0.8287700871745038,-0.9275416835791965,0.3737197147904692,0.0,0.0,0.0,101622.5,285.0,58.0,22.52500000000002,0
2017-05-29,0.545240438540651,-0.8382797052177744,-0.9141279881853337,0.4054257283599973,0.0,0.0,0.0,101522.5,-100.0,41.875,23.63750000000003,0
2017-05-30,0.5307300481619334,-0.8475409228928311,-0.8996308696522434,0.4366512319560638,0.6,0.0,0.6,101473.75,-48.75,61.875,20.975000000000023,1
2017-05-31,0.5160623910158528,-0.8565509959010036,-0.8840675099433637,0.46735921715800205,31.299999999999997,1.0,31.9,101775.0,301.25,87.625,18.11250000000001,1
2017-06-01,0.5012418134457758,-0.865307254363206,-0.8674563547295971,0.4975132889071803,10.899999999999999,1.0,42.8,101968.75,193.75,72.375,19.87500000000003,0
2017-06-02,0.48627270710868997,-0.8738071036110808,-0.8498170915275277,0.5270777086423724,0.0,0.0,42.199999999999996,101871.25,-97.5,61.125,22.00000000000002,0
2017-06-03,0.4711595076738638,-0.8820480249558537,-0.8311706263658079,0.5560174366570446,0.0,0.0,10.899999999999999,101705.0,-166.25,64.5,22.825000000000024,1
2017-06-04,0.4559066935084588,-0.8900275764346767,-0.8115390590073611,0.5842981736283683,2.0,1.0,2.0,101770.0,65.0,82.625,18.61250000000002,1
2017-06-05,0.440518784350495,-0.8977433935342337,-0.7909456567567774,0.6118864012687242,5.5,1.0,7.5,101996.25,226.25,74.5,15.912500000000023,0
2017-06-06,0.42500033996955416,-0.9051931898913974,-0.7694148268839381,0.6387494220515268,0.0,0.0,7.5,101628.75,-367.5,64.0,17.900000000000027,0
2017-06-07,0.4093559588156213,-0.9123747579707273,-0.7469720876965551,0.6648553979642866,0.2,0.0,5.7,101596.25,-32.5,58.625,17.700000000000024,0
2017-06-08,0.39359027665646673,-0.9192859697186104,-0.7236440382959124,0.690173388242972,0.0,0.0,0.2,102276.25,680.0,55.875,16.850000000000023,0
2017-06-09,0.3777079652039649,-0.9259247771938498,-0.6994583270516471,0.7146733860429608,0.0,0.0,0.2,101573.75,-702.5,48.125,21.262500000000017,1
2017-06-10,0.36171373072976765,-0.9322892131745133,-0.6744436188329457,0.7383263540031063,3.8000000000000003,1.0,3.8000000000000003,101710.0,136.25,74.0,20.86250000000002,0
2017-06-11,0.3456123126707335,-0.9383773917408641,-0.6486295610349818,0.7611042586607742,0.0,0.0,3.8000000000000003,101795.0,85.0,54.5,24.56250000000003,0
2017-06-12,0.3294084822245304,-0.9441875088341993,-0.622046748440868,0.7829801036770624,0.0,0.0,3.8000000000000003,101677.5,-117.5,53.625,26.550000000000026,0
2017-06-13,0.3131070409358269,-0.9497178427914316,-0.594726686960764,0.8039279618328208,0.0,0.0,0.0,101912.5,235.0,69.0,22.475000000000016,0
2017-06-14,0.29671281927349075,-0.9549667548552551,-0.5667017562911184,0.8239230057575536,0.0,0.0,0.0,101343.75,-568.75,61.125,27.100000000000016,0
2017-06-15,0.28023067519921585,-0.9599326896597447,-0.5380051715382992,0.8429415373547832,0.0,0.0,0.0,101350.0,6.25,53.25,27.950000000000024,0
2017-06-16,0.26366549272800704,-0.9646141756912435,-0.5086709438521042,0.8609610158889945,0.0,0.0,0.0,101852.5,502.5,68.375,24.012500000000024,0
2017-06-17,0.24702218048093552,-0.9690098257244062,-0.4787338401157883,0.8779600847008883,0.0,0.0,0.0,102345.0,492.5,53.75,23.950000000000024,0
2017-06-18,0.23030567023061221,-0.9731183372332619,-0.4482293417404106,0.893918596519257,0.0,0.0,0.0,102043.75,-301.25,45.0,24.675000000000033,0
2017-06-19,0.21352091543979612,-0.9769384927771817,-0.41719360261231697,0.9088176373395028,0.0,0.0,0.0,101541.25,-502.5,41.125,26.525000000000027,0
2017-06-20,0.19667288979357647,-0.980469160361632,-0.38566340624360745,0.9226395488404875,0.0,0.0,0.0,101550.0,8.75,53.875,26.812500000000014,0
2017-06-21,0.1797665857255624,-0.9837092937736097,-0.3536761221763721,0.935367949313148,0.0,0.0,0.0,101645.0,95.0,56.875,27.30000000000001,0
2017-06-22,0.16280701293851715,-0.986657932891657,-0.32126966169236515,0.9469877530760751,0.0,0.0,0.0,101472.5,-172.5,51.75,28.90000000000002,0
2017-06-23,0.1457991969198751,-0.9893142039703663,-0.2884824328806098,0.9574851883550389,0.0,0.0,0.0,101576.25,103.75,47.625,30.00000000000002,0
2017-06-24,0.12874817745258132,-0.99167731989929,-0.2553532951161881,0.9668478136052773,0.0,0.0,0.0,102206.25,630.0,74.125,22.350000000000023,0
2017-06-25,0.11165900712169512,-0.993746580436178,-0.22192151300416674,0.9750645322571945,0.0,0.0,0.0,102108.75,-97.5,61.125,22.61250000000002,0
2017-06-26,0.09453674981719912,-0.9955213724144752,-0.1882267098432439,0.9821256058680006,0.0,0.0,0.0,101810.0,-298.75,55.125,23.11250000000002,1
2017-06-27,0.07738647923346301,-0.9970011699250151,-0.154308820664281,0.9880226656636976,1.6,1.0,1.6,101087.5,-722.5,69.5,22.67500000000001,1
2017-07-02,-0.008606996888688009,-0.9999629591162655,0.017213356155833904,0.9998518392091162,5.3,1.0,6.9,102191.25,741.25,78.75,15.437500000000021,0
2017-07-03,-0.02581844022713239,-0.9996666485105112,0.0516196672232528,0.998666816288476,0.4,0.0,7.3,102685.0,493.75,69.75,17.900000000000027,0
2017-07-04,-0.04302223300453034,-0.99907411510223,0.08596479873744621,0.9962981749346078,0.2,0.0,5.8999999999999995,102437.5,-247.5,64.375,21.68750000000002,0
2017-07-05,-0.060213277365792774,-0.9981855344718586,0.12020804489935226,0.9927487224577403,0.0,0.0,0.6000000000000001,101781.25,-656.25,53.75,24.350000000000023,0
2017-07-06,-0.07738647923346322,-0.9970011699250151,0.15430882066428142,0.9880226656636976,0.0,0.0,0.2,101451.25,-330.0,53.875,24.762500000000024,0
2017-07-07,-0.09453674981719933,-0.9955213724144752,0.1882267098432443,0.9821256058680006,0.0,0.0,0.0,101667.5,216.25,59.625,24.76250000000001,0
2017-07-08,-0.11165900712169444,-0.9937465804361781,0.2219215130041654,0.9750645322571948,0.0,0.0,0.0,101683.75,16.25,47.125,27.450000000000024,0
2017-07-09,-0.12874817745258066,-0.99167731989929,0.25535329511618676,0.9668478136052776,1.0,0.0,1.0,101523.75,-160.0,73.0,23.925000000000026,1
2017-07-10,-0.14579919691987442,-0.9893142039703664,0.28848243288060854,0.9574851883550394,12.1,1.0,13.1,101373.75,-150.0,76.875,21.262500000000017,1
2017-07-11,-0.16280701293851646,-0.9866579328916572,0.3212696616923639,0.9469877530760755,1.4,1.0,14.5,101586.25,212.5,73.5,20.462500000000013,0
2017-07-12,-0.17976658572556214,-0.9837092937736098,0.3536761221763716,0.9353679493131483,0.0,0.0,13.5,101687.5,101.25,67.25,21.87500000000003,0
2017-07-13,-0.19667288979357622,-0.9804691603616321,0.38566340624360695,0.9226395488404876,0.0,0.0,1.4,101986.25,298.75,67.875,21.925000000000033,0
2017-07-14,-0.2135209154397959,-0.9769384927771817,0.4171936026123165,0.908817637339503,0.0,0.0,0.0,102135.0,148.75,63.125,21.912500000000016,0
2017-07-15,-0.23030567023061196,-0.973118337233262,0.4482293417404102,0.8939185965192572,0.0,0.0,0.0,102225.0,90.0,60.25,21.475000000000023,0
2017-07-16,-0.24702218048093527,-0.9690098257244063,0.47873384011578785,0.8779600847008885,0.0,0.0,0.0,102192.5,-32.5,51.625,23.21250000000002,0
2017-07-17,-0.2636654927280072,-0.9646141756912435,0.5086709438521045,0.8609610158889943,0.0,0.0,0.0,102031.25,-161.25,45.875,25.50000000000003,0
2017-07-18,-0.2802306751992161,-0.9599326896597445,0.5380051715382995,0.8429415373547829,0.0,0.0,0.0,101611.25,-420.0,39.375,26.35000000000003,0
2017-07-19,-0.2967128192734901,-0.9549667548552553,0.5667017562911173,0.8239230057575544,0.0,0.0,0.0,101257.5,-353.75,56.125,25.900000000000027,0
2017-07-20,-0.3131070409358267,-0.9497178427914317,0.5947266869607636,0.8039279618328211,0.0,0.0,0.0,101182.5,-75.0,67.625,24.73750000000002,1
2017-07-21,-0.3294084822245302,-0.9441875088341994,0.6220467484408676,0.7829801036770627,26.7,1.0,26.7,101603.75,421.25,84.25,19.76250000000003,1
2017-07-22,-0.3456123126707333,-0.9383773917408642,0.6486295610349815,0.7611042586607746,3.9,1.0,30.599999999999998,101323.75,-280.0,72.75,20.112500000000026,0
2017-07-27,-0.42500033996955394,-0.9051931898913975,0.7694148268839378,0.6387494220515272,0.0,0.0,4.2,101742.5,-171.25,63.25,20.150000000000034,0
2017-07-28,-0.4405187843504952,-0.8977433935342336,0.7909456567567776,0.6118864012687238,0.0,0.0,0.0,101528.75,-213.75,64.0,22.725000000000016,0
2017-07-29,-0.455906693508459,-0.8900275764346766,0.8115390590073613,0.5842981736283681,0.0,0.0,0.0,101763.75,235.0,66.375,23.06250000000002,0
2017-07-30,-0.47115950767386394,-0.8820480249558535,0.8311706263658081,0.5560174366570443,0.0,0.0,0.0,101498.75,-265.0,56.875,25.325000000000024,0
2017-07-31,-0.4862727071086902,-0.8738071036110807,0.8498170915275279,0.527077708642372,0.0,0.0,0.0,101347.5,-151.25,65.25,24.06250000000003,0
2017-08-01,-0.5012418134457756,-0.8653072543632061,0.8674563547295968,0.49751328890718066,0.0,0.0,0.0,101156.25,-191.25,64.5,24.325000000000017,0
2017-08-06,-0.5737722679043243,-0.8190148866680802,0.9398560579418951,0.34157076916785645,0.0,0.0,0.0,101867.5,188.75,65.0,23.037500000000023,1
2017-08-07,-0.5877852522924734,-0.8090169943749472,0.9510565162951538,0.30901699437494684,3.9,1.0,3.9,102095.0,227.5,53.5,21.587500000000013,0
2017-08-08,-0.6016240632249227,-0.7987793728863648,0.9611297838723009,0.27609697309746845,0.4,0.0,4.3,101360.0,-735.0,51.125,23.787500000000023,1
2017-08-09,-0.6152845999633277,-0.7883050558305253,0.9700639218515071,0.24284972209593542,5.6000000000000005,1.0,9.9,101658.75,298.75,69.125,19.10000000000003,0
2017-08-10,-0.6287628145958345,-0.7775971469736268,0.9778483415056568,0.2093146459630485,0.0,0.0,6.0,102010.0,351.25,67.25,16.887500000000017,0
2017-08-11,-0.6420547132365636,-0.7666588193001592,0.9844738167520922,0.17553149042142824,0.2,0.0,5.800000000000001,102277.5,267.5,67.625,16.912500000000023,0
2017-08-12,-0.655156357209085,-0.7554933140726804,0.989932495087353,0.14154029521704348,1.0,0.0,1.2,102357.5,80.0,61.75,18.00000000000003,0
2017-08-13,-0.6680638642135333,-0.7441039398713608,0.9942179068939518,0.10738134666416355,0.0,0.0,1.2,102357.5,0.0,55.875,19.137500000000017,0
2017-08-14,-0.6807734094770159,-0.7324940716135792,0.9973249731081555,0.07309512989807825,0.0,0.0,1.0,101988.75,-368.75,55.0,22.287500000000016,0
2017-08-15,-0.6932812268869771,-0.7206671495538615,0.9992500112396835,0.038722280892175366,0.0,0.0,0.0,101528.75,-460.0,53.125,24.887500000000024,1
2017-08-16,-0.7055836101071774,-0.70862667826446,0.9999907397361901,0.004303538296245199,1.2,1.0,1.2,101836.25,307.5,71.5,23.66250000000003,1
2017-08-17,-0.7176769136759615,-0.6963762255968726,0.9995462806873574,-0.030120304846906983,2.6,1.0,3.8,102058.75,222.5,72.0,23.275000000000027,0
2017-08-18,-0.7295575540864876,-0.6839194216246105,0.9979171608653922,-0.06450844944931665,0.0,0.0,3.8000000000000003,102007.5,-51.25,58.25,24.475000000000016,0
2017-08-19,-0.7412220108485957,-0.6712599575675315,0.9951053111006976,-0.09882013873287163,0.0,0.0,2.6000000000000005,101852.5,-155.0,63.375,23.012500000000024,0
2017-08-20,-0.7526668275320083,-0.6584015846980489,0.9911140639934547,-0.13301470653419586,0.0,0.0,0.0,102265.0,412.5,55.875,20.762500000000024,0
2017-08-21,-0.7638886127905429,-0.64534811322955,0.9859481499638303,-0.16705162550211988,0.0,0.0,0.0,102451.25,186.25,41.375,19.97500000000003,0
2017-08-22,-0.7748840413670406,-0.6321034111873488,0.9796136916454901,-0.2008905551306348,0.0,0.0,0.0,101986.25,-465.0,41.75,23.62500000000002,0
2017-08-23,-0.7856498550787144,-0.6186714032625032,0.9721181966290613,-0.23449138957041005,0.0,0.0,0.0,101501.25,-485.0,31.875,26.73750000000002,0
2017-08-24,-0.7961828637826154,-0.6050560696488494,0.963470548564149,-0.2678143051621735,0.0,0.0,0.0,101790.0,288.75,64.5,23.325000000000017,0
2017-08-25,-0.8064799463209447,-0.5912614448635782,0.9536809966304456,-0.3008198076356675,0.0,0.0,0.0,101516.25,-273.75,63.0,25.600000000000023,0
2017-08-26,-0.8165380514459157,-0.5772916165517278,0.942761143390421,-0.33346877891818577,0.0,0.0,0.0,101552.5,36.25,67.375,24.862500000000026,0
2017-08-27,-0.8263541987239094,-0.5631507242749187,0.9307239310379796,-0.36572252349726875,0.0,0.0,0.0,101456.25,-96.25,64.25,25.61250000000002,1
2017-08-28,-0.8359254794186365,-0.5488429582847199,0.9175836260593944,-0.3975428142825545,1.6,1.0,1.6,101517.5,61.25,59.75,26.275000000000027,0
2017-09-05,-0.9033558023246842,-0.4288919379124841,0.7748840413670415,-0.6321034111873478,1.2,1.0,3.8,101680.0,23.75,62.125,21.06250000000002,0
2017-09-06,-0.9106046300942162,-0.41327860778290443,0.7526668275320086,-0.6584015846980485,0.0,0.0,1.2,102152.5,472.5,67.0,22.650000000000027,0
2017-09-07,-0.9175836260593934,-0.3975428142825566,0.7295575540864886,-0.6839194216246094,0.2,0.0,1.4,102446.25,293.75,62.75,20.25000000000003,0
2017-09-08,-0.9242907221930934,-0.3816892202666586,0.7055836101071772,-0.7086266782644604,0.0,0.0,0.2,102191.25,-255.0,53.375,17.887500000000024,0
2017-09-09,-0.9307239310379793,-0.3657225234972692,0.6807734094770164,-0.7324940716135787,0.0,0.0,0.2,101510.0,-681.25,54.125,19.23750000000002,1
2017-09-10,-0.9368813462954315,-0.34964745525122826,0.6551563572090847,-0.7554933140726807,16.3,1.0,16.3,100792.5,-717.5,74.125,16.487500000000026,0
2017-09-15,-0.9634705485641486,-0.26781430516217486,0.5160623910158538,-0.8565509959010029,0.6000000000000001,0.0,1.4000000000000001,102030.0,-13.75,71.25,16.75000000000003,1
2017-09-16,-0.9679377830240642,-0.25119006388481957,0.4862727071086906,-0.8738071036110805,2.4,1.0,3.0,101690.0,-340.0,67.75,14.100000000000023,0
2017-09-17,-0.9721181966290612,-0.23449138957041052,0.45590669350846025,-0.8900275764346759,0.6000000000000001,0.0,3.6,101553.75,-136.25,68.875,13.425000000000011,0
2017-09-18,-0.9760105506323682,-0.21772323039653224,0.4250003399695548,-0.9051931898913971,0.4,0.0,3.4,101788.75,235.0,77.375,12.562500000000021,1
2017-09-19,-0.9796136916454901,-0.20089055513063528,0.39359027665646695,-0.9192859697186104,5.0,1.0,6.0,101901.25,112.5,83.0,14.400000000000027,0
2017-09-20,-0.9829265519799822,-0.18399835165767986,0.36171373072976704,-0.9322892131745135,0.0,0.0,5.4,102350.0,448.75,64.875,15.037500000000023,0
2017-09-21,-0.9859481499638303,-0.1670516255021195,0.3294084822245307,-0.9441875088341992,0.0,0.0,5.0,102222.5,-127.5,58.375,14.525000000000027,0
2017-09-22,-0.9886775902323404,-0.15005539834465262,0.29671281927349014,-0.9549667548552553,0.0,0.0,0.0,101778.75,-443.75,54.75,17.06250000000003,0
2017-09-23,-0.9911140639934546,-0.13301470653419636,0.26366549272800816,-0.9646141756912432,0.0,0.0,0.0,102146.25,367.5,70.0,17.312500000000014,0
2017-09-24,-0.9932568492674143,-0.11593459959550066,0.23030567023061246,-0.9731183372332619,0.0,0.0,0.0,101997.5,-148.75,63.25,18.81250000000002,0
2017-09-25,-0.9951053111006974,-0.09882013873287211,0.19667288979357758,-0.9804691603616318,0.2,0.0,0.2,101900.0,-97.5,60.5,20.012500000000017,1
2017-09-26,-0.99665890175417,-0.08167639533042288,0.16280701293851738,-0.9866579328916569,7.9,1.0,8.1,102022.5,122.5,79.625,17.012500000000017,0
2017-09-27,-0.9979171608653922,-0.06450844944931625,0.1287481774525807,-0.99167731989929,0.2,0.0,8.3,102246.25,223.75,71.0,16.287500000000016,0
2017-09-28,-0.9988797155850335,-0.04732138832243232,0.09453674981720026,-0.9955213724144751,0.0,0.0,8.100000000000001,102078.75,-167.5,66.625,17.45000000000001,0
2017-09-29,-0.9995462806873573,-0.03012030484690836,0.060213277365793266,-0.9981855344718586,0.0,0.0,0.2,102291.25,212.5,71.125,19.68750000000002,0
2017-09-30,-0.9999166586547379,-0.012910296075008843,0.02581844022713244,-0.9996666485105112,0.0,0.0,0.0,102105.0,-186.25,64.375,20.325000000000017,1
2017-10-01,-0.9999907397361901,0.004303538296243821,-0.008606996888687764,-0.9999629591162655,9.7,1.0,9.7,102210.0,105.0,86.125,15.375000000000028,0
2017-10-02,-0.9997685019798909,0.021516097436222233,-0.04302223300453054,-0.99907411510223,1.0,0.0,10.7,102312.5,102.5,86.875,14.437500000000028,1
2017-10-03,-0.9992500112396835,0.03872228089217399,-0.07738647923346208,-0.9970011699250152,5.6,1.0,16.299999999999997,102386.25,73.75,89.0,18.93750000000003,0
2017-10-04,-0.9984354211555643,0.05591699010060302,-0.11165900712169419,-0.9937465804361781,0.4,0.0,7.0,102282.5,-103.75,84.375,19.825000000000024,0
2017-10-05,-0.9973249731081555,0.07309512989807776,-0.14579919691987506,-0.9893142039703663,0.2,0.0,6.199999999999999,102441.25,158.75,81.5,17.51250000000003,0
2017-10-06,-0.9959189961471792,0.0902516100310407,-0.17976658572556148,-0.9837092937736099,0.0,0.0,0.6000000000000001,102292.5,-148.75,73.75,17.262500000000024,0
2017-10-07,-0.994217906893952,0.10738134666416306,-0.2135209154397961,-0.9769384927771817,0.4,0.0,0.6000000000000001,102418.75,126.25,68.75,15.325000000000031,0
2017-10-08,-0.9922222094179324,0.12447926388678869,-0.2470221804809346,-0.9690098257244064,0.0,0.0,0.4,102540.0,121.25,57.5,12.70000000000001,0
2017-10-09,-0.989932495087353,0.141540295217043,-0.28023067519921585,-0.9599326896597447,0.0,0.0,0.4,102298.75,-241.25,63.875,12.762500000000024,0
2017-10-10,-0.9873494423939864,0.15855938510313475,-0.31310704093582686,-0.9497178427914317,0.0,0.0,0.0,102256.25,-42.5,72.375,14.050000000000018,0
2017-10-11,-0.9844738167520923,0.17553149042142777,-0.3456123126707326,-0.9383773917408644,0.0,0.0,0.0,102175.0,-81.25,77.125,14.487500000000026,0
2017-10-12,-0.9813064702716093,0.19245158197082995,-0.3777079652039649,-0.9259247771938498,0.0,0.0,0.0,102116.25,-58.75,67.5,16.725000000000023,0
2017-10-13,-0.9778483415056567,0.20931464596304888,-0.4093559588156221,-0.912374757970727,0.0,0.0,0.0,102595.0,478.75,67.5,17.52500000000002,0
2017-10-14,-0.9741004551724206,0.22611568550828803,-0.4405187843504946,-0.8977433935342339,0.0,0.0,0.0,102493.75,-101.25,64.75,17.887500000000024,0
2017-10-15,-0.970063921851507,0.2428497220959358,-0.47115950767386416,-0.8820480249558535,0.0,0.0,0.0,102510.0,16.25,77.25,17.425000000000033,0
2017-10-16,-0.965739937654855,0.25951179706979943,-0.5012418134457749,-0.8653072543632064,0.0,0.0,0.0,102407.5,-102.5,72.5,20.450000000000017,0
2017-10-17,-0.9611297838723007,0.27609697309746883,-0.5307300481619333,-0.8475409228928311,0.0,0.0,0.0,102333.75,-73.75,69.125,20.075000000000024,0
2017-10-18,-0.9562348265919058,0.2926003356333479,-0.5595892624101757,-0.8287700871745043,0.0,0.0,0.0,101940.0,-393.75,70.125,19.337500000000013,0
2017-10-19,-0.9510565162951536,0.30901699437494723,-0.5877852522924728,-0.8090169943749477,0.2,0.0,0.2,101107.5,-832.5,71.5,19.762500000000024,0
2017-10-20,-0.9455963874271428,0.3253420847119795,-0.6152845999633265,-0.7883050558305263,0.0,0.0,0.2,101151.25,43.75,78.75,15.825000000000017,0
2017-10-21,-0.9398560579418953,0.341570769167856,-0.6420547132365644,-0.7666588193001584,0.2,0.0,0.4,101733.75,582.5,75.0,16.100000000000023,0
2017-10-22,-0.9338372288229252,0.35769823883312546,-0.6680638642135334,-0.7441039398713607,0.2,0.0,0.4,102230.0,496.25,83.625,15.000000000000021,1
2017-10-23,-0.9275416835791965,0.3737197147904692,-0.6932812268869779,-0.7206671495538607,2.0,1.0,2.4,102725.0,495.0,72.0,13.062500000000036,0
2017-10-24,-0.9209712877166347,0.38963044953078774,-0.7176769136759616,-0.6963762255968725,0.0,0.0,2.1999999999999997,102766.25,41.25,68.125,13.987500000000026,0
2017-10-25,-0.9141279881853337,0.4054257283599973,-0.7412220108485958,-0.6712599575675313,0.0,0.0,2.0,102578.75,-187.5,69.125,14.950000000000024,0
2017-10-26,-0.9070138128026362,0.42110087079608916,-0.7638886127905421,-0.6453481132295509,0.0,0.0,0.0,102327.5,-251.25,64.25,16.775000000000013,0
2017-10-27,-0.8996308696522434,0.4366512319560638,-0.7856498550787143,-0.6186714032625035,0.0,0.0,0.0,102528.75,201.25,51.5,18.950000000000017,0
2017-10-28,-0.8919813464595487,0.45207220393230374,-0.806479946320944,-0.5912614448635792,0.0,0.0,0.0,103013.75,485.0,73.125,16.550000000000033,0
2017-10-29,-0.8840675099433637,0.46735921715800205,-0.8263541987239093,-0.563150724274919,0.0,0.0,0.0,102982.5,-31.25,65.25,13.412500000000023,0
2017-10-30,-0.8758917051442433,0.48250774176121763,-0.8452490573530623,-0.5343725582809802,0.6,0.0,0.6,102645.0,-337.5,74.5,10.862500000000011,0
2017-10-31,-0.8674563547295971,0.4975132889071803,-0.863142128049911,-0.5049610547215212,0.8,0.0,1.4,102220.0,-425.0,76.125,11.750000000000028,0
2017-11-01,-0.858763958275803,0.5123714121284235,-0.8800122039735355,-0.4749510720670504,0.0,0.0,1.4,102377.5,157.5,60.75,8.27500000000002,0
2017-11-02,-0.8498170915275277,0.5270777086423724,-0.8958392907349091,-0.44437817810461283,0.0,0.0,0.8,102107.5,-270.0,69.125,11.250000000000028,0
2017-11-03,-0.8406184056344783,0.5416278206559811,-0.9106046300942161,-0.41327860778290465,0.0,0.0,0.0,101826.25,-281.25,78.25,15.250000000000021,0
2017-11-04,-0.8311706263658079,0.5560174366570446,-0.9242907221930933,-0.3816892202666588,0.0,0.0,0.0,101381.25,-445.0,78.125,13.887500000000017,0
2017-11-05,-0.8214765533024145,0.5702422926917867,-0.9368813462954312,-0.3496474552512293,0.4,0.0,0.4,101143.75,-237.5,82.25,13.562500000000021,1
2017-11-06,-0.8115390590073611,0.5842981736283683,-0.9483615800121715,-0.31719128858910617,3.2,1.0,3.6,101908.75,765.0,76.875,10.562500000000028,0
2017-11-07,-0.801361088174677,0.5981809144059158,-0.9587178169872961,-0.28435918728100473,0.0,0.0,3.6,102425.0,516.25,71.875,6.887500000000024,0
2017-11-08,-0.7909456567567774,0.6118864012687242,-0.9679377830240641,-0.2511900638848198,0.0,0.0,3.2,102225.0,-200.0,63.75,6.0500000000000185,1
2017-11-09,-0.780295851070776,0.6254105729852457,-0.976010550632368,-0.21772323039653332,1.2,1.0,1.2,102237.5,12.5,77.0,6.787500000000016,1
2017-11-10,-0.7694148268839381,0.6387494220515268,-0.982926551979982,-0.18399835165768097,4.2,1.0,5.4,102648.75,411.25,88.375,7.275000000000027,0
2017-11-11,-0.7583058084785625,0.6518989958787125,-0.9886775902323404,-0.15005539834465284,0.0,0.0,5.4,102921.25,272.5,80.625,9.425000000000026,0
2017-11-12,-0.7469720876965551,0.6648553979642866,-0.9932568492674143,-0.11593459959550002,0.8,0.0,5.0,102605.0,-316.25,86.375,12.387500000000024,1
2017-11-13,-0.7354170229639858,0.6776147890466887,-0.99665890175417,-0.08167639533042312,2.2,1.0,3.0,101871.25,-733.75,84.375,12.875000000000028,0
2017-11-18,-0.6744436188329457,0.7383263540031063,-0.9959189961471792,0.09025161003104046,0.0,0.0,0.0,102366.25,101.25,80.0,6.125000000000028,0
2017-11-19,-0.661634618242279,0.749826401204568,-0.9922222094179325,0.12447926388678757,0.0,0.0,0.0,102468.75,102.5,87.75,4.912500000000016,0
2017-11-20,-0.6486295610349818,0.7611042586607742,-0.9873494423939866,0.1585593851031336,0.0,0.0,0.0,102630.0,161.25,89.625,2.8000000000000185,0
2017-11-21,-0.6354323008901775,0.7721565844991641,-0.9813064702716094,0.1924515819708297,0.0,0.0,0.0,102553.75,-76.25,93.0,3.7875000000000156,0
2017-11-22,-0.622046748440868,0.7829801036770624,-0.9741004551724208,0.22611568550828692,0.0,0.0,0.0,102136.25,-417.5,79.75,7.250000000000007,0
2017-11-23,-0.6084768701151264,0.7935716089521472,-0.9657399376548551,0.25951179706979915,0.0,0.0,0.0,101445.0,-691.25,80.75,10.112500000000018,0
2017-11-24,-0.594726686960764,0.8039279618328208,-0.9562348265919062,0.2926003356333468,0.0,0.0,0.0,101475.0,30.0,76.875,14.262500000000017,0
2017-11-25,-0.5808002734538013,0.8140460935082175,-0.9455963874271429,0.32534208471197923,0.0,0.0,0.0,101677.5,202.5,81.125,14.262500000000017,1
2017-11-26,-0.5667017562911184,0.8239230057575536,-0.9338372288229259,0.35769823883312357,5.2,1.0,5.2,102132.5,455.0,78.25,10.112500000000026,0
2017-11-27,-0.5524353131676203,0.8335557718385695,-0.9209712877166351,0.3896304495307867,0.0,0.0,5.2,103183.75,1051.25,71.625,5.65000000000002,0
2017-11-28,-0.5380051715382992,0.8429415373547832,-0.9070138128026355,0.42110087079609054,0.0,0.0,5.2,102996.25,-187.5,72.75,3.8875000000000313,0
2017-12-03,-0.4635502709028512,0.8860706215341378,-0.8214765533024146,0.5702422926917865,0.0,0.0,0.6,102302.5,655.0,74.75,1.6125000000000185,0
2017-12-04,-0.4482293417404106,0.893918596519257,-0.8013610881746766,0.5981809144059164,0.0,0.0,0.6,103155.0,852.5,69.375,1.2500000000000213,0
2017-12-05,-0.4327755925504317,0.9015016841318838,-0.7802958510707761,0.6254105729852455,0.0,0.0,0.0,103670.0,515.0,64.25,3.78750000000003,0
2017-12-06,-0.41719360261231697,0.9088176373395028,-0.7583058084785628,0.6518989958787123,0.0,0.0,0.0,103817.5,147.5,86.375,2.287500000000037,0
2017-12-07,-0.4014879892059737,0.9158642882672868,-0.7354170229639866,0.6776147890466879,0.0,0.0,0.0,103438.75,-378.75,86.25,3.250000000000014,0
2017-12-08,-0.38566340624360745,0.9226395488404875,-0.7116566222817752,0.7025274741691564,0.0,0.0,0.0,102897.5,-541.25,78.0,3.762500000000024,0
2017-12-09,-0.3697245428906732,0.9291414114031743,-0.687052767223667,0.7266075247685656,1.0,0.0,1.0,102465.0,-432.5,77.625,8.162500000000016,0
2017-12-10,-0.3536761221763721,0.935367949313148,-0.6616346182422791,0.7498264012045678,0.0,0.0,1.0,102403.75,-61.25,63.125,5.90000000000002,1
2017-12-11,-0.33752289959411347,0.941317317512847,-0.6354323008901778,0.772156584499164,17.3,1.0,18.3,100422.5,-1981.25,91.625,6.6125000000000185,1
2017-12-12,-0.32126966169236515,0.9469877530760751,-0.6084768701151273,0.7935716089521465,10.3,1.0,27.6,99030.0,-1392.5,82.25,8.050000000000026,0
2017-12-17,-0.23867276600594997,0.9711000518829505,-0.4635502709028506,0.8860706215341381,0.0,0.0,18.0,102033.75,1157.5,80.25,4.687500000000028,0
2017-12-18,-0.22192151300416674,0.9750645322571945,-0.4327755925504335,0.9015016841318829,0.2,0.0,12.0,103051.25,1017.5,77.75,5.27500000000002,1
2017-12-19,-0.20510449986861926,0.9787400799669153,-0.4014879892059731,0.9158642882672872,4.800000000000001,1.0,5.000000000000001,102830.0,-221.25,83.5,7.837500000000027,0
2017-12-20,-0.1882267098432439,0.9821256058680006,-0.3697245428906726,0.9291414114031745,0.0,0.0,5.000000000000001,103442.5,612.5,82.75,3.8125000000000213,0
2017-12-25,-0.10310169744743544,0.9946708199115211,-0.20510449986862037,0.9787400799669149,0.0,0.0,0.0,103240.0,-523.75,74.125,7.212500000000027,0
2017-12-26,-0.0859647987374467,0.9962981749346077,-0.17129314418147804,0.9852201067560605,0.0,0.0,0.0,102275.0,-965.0,84.375,6.712500000000027,0
2017-12-27,-0.06880242680232064,0.9976303053065857,-0.1372787721132663,0.9905324521322226,0.6,0.0,0.6,101380.0,-895.0,78.875,7.487500000000026,1
2017-12-28,-0.05161966722325418,0.9986668162884759,-0.10310169744743568,0.994670819911521,9.2,1.0,9.799999999999999,100070.0,-1310.0,74.625,6.600000000000023,0
2017-12-29,-0.034421611622745804,0.9994074007397048,-0.06880242680232,0.9976303053065857,0.6,0.0,10.399999999999999,101065.0,995.0,81.625,4.937500000000021,1
2017-12-30,-0.01721335615583528,0.9998518392091162,-0.03442161162274694,0.9994074007397047,8.7,1.0,18.5,101685.0,620.0,89.875,7.3000000000000185,0
2017-12-31,6.432490598706546e-16,1.0,1.2864981197413093e-15,1.0,0.0,0.0,9.299999999999999,102140.0,455.0,69.875,12.712500000000034,0
2018-01-01,0.017213356155834685,0.9998518392091162,0.03442161162274574,0.9994074007397048,0.6,0.0,9.299999999999999,101836.25,-303.75,78.875,8.650000000000027,1
2018-01-02,0.03442161162274574,0.9994074007397048,0.06880242680231986,0.9976303053065857,8.100000000000001,1.0,8.700000000000001,102175.0,338.75,70.25,9.96250000000002,1
2018-01-03,0.051619667223253764,0.998666816288476,0.10310169744743485,0.9946708199115211,2.6,1.0,11.3,102425.0,250.0,86.125,11.175000000000011,0
2018-01-04,0.06880242680231986,0.9976303053065857,0.13727877211326478,0.9905324521322229,0.8,0.0,11.500000000000002,102366.25,-58.75,77.25,14.450000000000031,0
2018-01-05,0.08596479873744647,0.9962981749346078,0.1712931441814776,0.9852201067560606,0.2,0.0,3.6,101918.75,-447.5,68.5,15.437500000000021,0
2018-01-06,0.10310169744743485,0.9946708199115211,0.2051044998686192,0.9787400799669153,0.0,0.0,1.0,100852.5,-1066.25,73.375,11.362500000000026,1
2018-01-07,0.1202080448993527,0.9927487224577402,0.2386727660059501,0.9711000518829505,3.0,1.0,3.2,100348.75,-503.75,92.0,7.812500000000014,1
2018-01-08,0.13727877211326478,0.9905324521322229,0.2719581575341055,0.9623090774541486,23.6,1.0,26.6,100225.0,-123.75,82.0,10.950000000000017,1
2018-01-09,0.15430882066428117,0.9880226656636976,0.30492122465628907,0.9523775757303974,8.5,1.0,35.1,101111.25,886.25,87.625,7.2500000000000355,0
2018-01-10,0.1712931441814776,0.9852201067560606,0.3375228995941133,0.9413173175128471,0.2,0.0,32.300000000000004,101296.25,185.0,83.75,7.637500000000024,1
2018-01-11,0.1882267098432442,0.9821256058680006,0.3697245428906731,0.9291414114031743,3.2,1.0,11.9,101385.0,88.75,82.5,8.537500000000016,0
2018-01-12,0.2051044998686192,0.9787400799669153,0.401487989205973,0.9158642882672872,0.6000000000000001,0.0,4.0,101808.75,423.75,79.125,6.762500000000024,0
2018-01-13,0.2219215130041655,0.9750645322571948,0.4327755925504312,0.901501684131884,0.0,0.0,3.8000000000000003,102506.25,697.5,88.875,5.637500000000031,0
2018-01-14,0.2386727660059501,0.9711000518829505,0.4635502709028509,0.886070621534138,0.0,0.0,0.6000000000000001,101772.5,-733.75,86.0,3.7875000000000156,0
2018-01-15,0.255353295116187,0.9668478136052775,0.49377555015997715,0.869589389346611,0.0,0.0,0.0,101717.5,-55.0,82.125,6.35000000000003,0
2018-01-16,0.2719581575341055,0.9623090774541486,0.5234156073655503,0.8520775211013093,0.0,0.0,0.0,102228.75,511.25,76.375,7.9250000000000185,1
2018-01-17,0.288482432880609,0.9574851883550393,0.5524353131676196,0.8335557718385699,6.6,1.0,6.6,101940.0,-288.75,85.75,11.837500000000027,1
2018-01-18,0.30492122465628907,0.9523775757303974,0.5808002734538009,0.8140460935082178,3.2,1.0,9.8,102358.75,418.75,78.5,9.262500000000024,0
2018-01-19,0.3212696616923644,0.9469877530760753,0.6084768701151261,0.7935716089521474,0.0,0.0,9.8,102377.5,18.75,74.75,8.83750000000002,1
2018-01-20,0.3375228995941133,0.9413173175128471,0.6354323008901774,0.7721565844991642,2.4,1.0,5.6,102080.0,-297.5,82.375,10.08750000000002,1
2018-01-21,0.3536761221763716,0.9353679493131483,0.6616346182422783,0.7498264012045686,4.2,1.0,6.6000000000000005,102011.25,-68.75,86.75,9.150000000000027,1
2018-01-22,0.3697245428906731,0.9291414114031743,0.6870527672236669,0.7266075247685656,3.4000000000000004,1.0,10.0,102300.0,288.75,91.625,12.550000000000026,1
2018-01-23,0.38566340624360707,0.9226395488404876,0.7116566222817746,0.7025274741691571,1.6,1.0,9.200000000000001,102637.5,337.5,86.875,12.237500000000033,0
2018-01-24,0.401487989205973,0.9158642882672872,0.7354170229639855,0.6776147890466889,0.2,0.0,5.200000000000001,102980.0,342.5,89.125,10.862500000000011,0
2018-01-25,0.4171936026123168,0.9088176373395029,0.7583058084785624,0.6518989958787126,0.0,0.0,1.800000000000001,102542.5,-437.5,83.25,10.562500000000021,0
2018-01-26,0.4327755925504312,0.901501684131884,0.7802958510707755,0.6254105729852463,0.4,0.0,0.600000000000001,101777.5,-765.0,80.125,11.575000000000024,1
2018-01-27,0.4482293417404106,0.893918596519257,0.8013610881746766,0.5981809144059165,11.9,1.0,12.3,102101.25,323.75,86.0,7.187500000000021,0
2018-01-28,0.4635502709028509,0.886070621534138,0.8214765533024142,0.5702422926917871,0.2,0.0,12.5,103231.25,1130.0,86.5,5.087500000000027,0
2018-01-29,0.47873384011578846,0.8779600847008882,0.8406184056344782,0.5416278206559814,0.0,0.0,12.1,104073.75,842.5,93.5,2.7375000000000256,0
2018-01-30,0.49377555015997715,0.869589389346611,0.8587639582758029,0.5123714121284237,0.0,0.0,0.2,103728.75,-345.0,88.0,4.700000000000031,0
2018-01-31,0.5086709438521044,0.8609610158889943,0.8758917051442429,0.48250774176121847,0.0,0.0,0.0,103227.5,-501.25,92.375,5.450000000000024,0
2018-02-01,0.5234156073655503,0.8520775211013093,0.8919813464595485,0.45207220393230435,0.0,0.0,0.0,102387.5,-840.0,82.75,6.587500000000027,1
2018-02-02,0.5380051715382996,0.8429415373547828,0.9070138128026359,0.4211008707960896,3.8000000000000003,1.0,3.8000000000000003,101205.0,-1182.5,84.375,6.40000000000002,0
2018-02-03,0.5524353131676196,0.8335557718385699,0.9209712877166346,0.38963044953078796,0.0,0.0,3.8000000000000003,101321.25,116.25,79.125,4.58750000000002,1
2018-02-04,0.5667017562911176,0.8239230057575542,0.9338372288229252,0.35769823883312546,2.0,1.0,5.800000000000001,101316.25,-5.0,79.375,5.275000000000027,0
2018-02-05,0.5808002734538009,0.8140460935082178,0.9455963874271426,0.3253420847119801,0.0,0.0,2.0,101306.25,-10.0,83.75,5.562500000000021,1
2018-02-06,0.5947266869607634,0.8039279618328213,0.9562348265919056,0.29260033563334836,4.6,1.0,6.6,101183.75,-122.5,91.375,4.750000000000028,0
2018-02-07,0.6084768701151261,0.7935716089521474,0.9657399376548549,0.2595117970697999,0.6000000000000001,0.0,5.199999999999999,101461.25,277.5,79.75,2.512500000000024,0
2018-02-08,0.6220467484408675,0.7829801036770629,0.9741004551724205,0.22611568550828828,0.0,0.0,5.199999999999999,101777.5,316.25,73.375,1.4625000000000128,0
2018-02-09,0.6354323008901774,0.7721565844991642,0.9813064702716093,0.19245158197082998,0.8,0.0,1.4000000000000001,102211.25,433.75,84.5,0.16250000000002274,0
2018-02-10,0.6486295610349814,0.7611042586607747,0.9873494423939864,0.15855938510313475,0.2,0.0,1.0,102048.75,-162.5,82.375,0.5500000000000185,0
2018-02-11,0.6616346182422783,0.7498264012045686,0.9922222094179323,0.12447926388678915,0.0,0.0,1.0,102327.5,278.75,71.125,3.02500000000002,1
2018-02-12,0.6744436188329455,0.7383263540031065,0.995918996147179,0.09025161003104117,7.8,1.0,8.0,101708.75,-618.75,85.75,6.287500000000023,1
2018-02-13,0.6870527672236669,0.7266075247685656,0.9984354211555643,0.055916990100603484,3.0,1.0,10.8,102093.75,385.0,70.5,5.4250000000000185,1
2018-02-14,0.699458327051647,0.7146733860429609,0.9997685019798909,0.021516097436222254,4.8,1.0,15.6,101615.0,-478.75,78.25,1.8000000000000256,1
2018-02-15,0.7116566222817746,0.7025274741691571,0.9999166586547379,-0.01291029607500882,9.5,1.0,17.3,101627.5,12.5,89.625,6.000000000000028,1
2018-02-16,0.7236440382959124,0.6901733882429719,0.9988797155850336,-0.04732138832243185,1.8,1.0,16.1,102062.5,435.0,82.125,13.325000000000024,0
2018-02-17,0.7354170229639855,0.6776147890466889,0.9966589017541702,-0.08167639533042241,0.0,0.0,11.3,102195.0,132.5,80.25,13.062500000000021,1
2018-02-18,0.7469720876965552,0.6648553979642865,0.9932568492674143,-0.11593459959550041,2.0,1.0,3.8,102318.75,123.75,77.25,10.287500000000037,1
2018-02-19,0.7583058084785624,0.6518989958787126,0.9886775902323405,-0.1500553983446526,1.8,1.0,3.8,102520.0,201.25,82.625,6.800000000000026,0
2018-02-20,0.7694148268839378,0.6387494220515272,0.9829265519799822,-0.18399835165768005,0.2,0.0,4.0,101915.0,-605.0,92.125,7.112500000000026,1
2018-02-21,0.7802958510707755,0.6254105729852463,0.9760105506323683,-0.21772323039653177,10.3,1.0,12.3,101590.0,-325.0,92.0,9.100000000000023,0
2018-02-22,0.7909456567567772,0.6118864012687243,0.9679377830240642,-0.25119006388481935,0.6000000000000001,0.0,11.1,101403.75,-186.25,67.25,6.0500000000000185,0
2018-02-23,0.8013610881746766,0.5981809144059165,0.9587178169872964,-0.2843591872810034,0.0,0.0,10.9,101205.0,-198.75,68.25,2.6375000000000313,0
2018-02-24,0.8115390590073611,0.5842981736283684,0.9483615800121715,-0.3171912885891061,0.0,0.0,0.6000000000000001,101025.0,-180.0,62.0,3.187500000000014,0
2018-02-25,0.8214765533024142,0.5702422926917871,0.9368813462954315,-0.3496474552512284,0.0,0.0,0.0,101055.0,30.0,70.0,2.4375000000000284,0
2018-02-26,0.8311706263658079,0.5560174366570446,0.9242907221930933,-0.3816892202666588,0.0,0.0,0.0,101248.75,193.75,68.0,5.400000000000027,0
2018-02-27,0.8406184056344782,0.5416278206559814,0.9106046300942162,-0.4132786077829042,0.0,0.0,0.0,101352.5,103.75,52.25,1.4875000000000256,0
2018-02-28,0.8498170915275278,0.5270777086423722,0.895839290734909,-0.4443781781046132,0.0,0.0,0.0,101293.75,-58.75,41.875,-2.249999999999986,0
2018-03-01,0.8587639582758029,0.5123714121284237,0.8800122039735357,-0.47495107206704995,0.2,0.0,0.2,100072.5,-1221.25,67.25,1.6125000000000185,0
2018-03-02,0.8674563547295969,0.49751328890718066,0.8631421280499114,-0.5049610547215204,0.0,0.0,0.2,98791.25,-1281.25,78.25,10.237500000000026,1
2018-03-03,0.8758917051442429,0.48250774176121847,0.8452490573530633,-0.5343725582809786,11.799999999999999,1.0,11.999999999999998,99427.5,636.25,63.125,9.675000000000018,0
2018-03-04,0.8840675099433636,0.4673592171580022,0.8263541987239096,-0.5631507242749186,0.6,0.0,12.399999999999999,99520.0,92.5,62.0,11.012500000000017,0
2018-03-05,0.8919813464595485,0.45207220393230435,0.8064799463209448,-0.5912614448635781,0.0,0.0,12.399999999999999,99637.5,117.5,71.625,10.150000000000013,0
2018-03-06,0.8996308696522433,0.43665123195606403,0.7856498550787147,-0.6186714032625031,0.2,0.0,0.8,99236.25,-401.25,84.5,8.637500000000017,0
2018-03-07,0.9070138128026359,0.4211008707960896,0.7638886127905428,-0.6453481132295501,0.4,0.0,0.6000000000000001,99658.75,422.5,71.25,9.412500000000023,0
2018-03-08,0.9141279881853337,0.40542572835999735,0.7412220108485958,-0.6712599575675313,0.4,0.0,1.0,100676.25,1017.5,73.0,7.437500000000007,0
2018-03-09,0.9209712877166346,0.38963044953078796,0.717676913675962,-0.6963762255968722,0.0,0.0,0.8,100797.5,121.25,70.625,8.562500000000021,0
2018-03-10,0.9275416835791966,0.37371971479046906,0.6932812268869777,-0.7206671495538609,0.0,0.0,0.4,100865.0,67.5,76.0,11.887500000000017,1
2018-03-11,0.9338372288229252,0.35769823883312546,0.6680638642135335,-0.7441039398713607,3.1999999999999997,1.0,3.1999999999999997,100217.5,-647.5,79.75,14.100000000000023,0
2018-03-12,0.9398560579418954,0.3415707691678556,0.6420547132365637,-0.766658819300159,0.0,0.0,3.1999999999999997,99581.25,-636.25,68.75,14.312500000000028,0
2018-03-13,0.9455963874271426,0.3253420847119801,0.6152845999633276,-0.7883050558305255,0.8,0.0,4.0,100847.5,1266.25,62.0,11.21250000000002,0
2018-03-14,0.9510565162951535,0.30901699437494745,0.5877852522924732,-0.8090169943749473,0.0,0.0,0.8,101523.75,676.25,65.375,10.312500000000028,0
2018-03-15,0.9562348265919056,0.29260033563334836,0.5595892624101765,-0.8287700871745038,0.0,0.0,0.8,100657.5,-866.25,69.0,9.95000000000001,0
2018-03-16,0.9611297838723007,0.27609697309746883,0.5307300481619334,-0.8475409228928311,0.4,0.0,0.4,99652.5,-1005.0,62.875,13.312500000000014,0
2018-03-17,0.9657399376548549,0.2595117970697999,0.5012418134457758,-0.865307254363206,0.4,0.0,0.8,100376.25,723.75,69.5,9.950000000000031,1
2018-03-18,0.9700639218515071,0.2428497220959356,0.4711595076738638,-0.8820480249558537,2.8,1.0,3.5999999999999996,100008.75,-367.5,82.75,6.1750000000000185,1
2018-03-19,0.9741004551724205,0.22611568550828828,0.440518784350495,-0.8977433935342337,2.2,1.0,5.4,100211.25,202.5,78.25,7.025000000000034,1
2018-03-20,0.9778483415056568,0.20931464596304847,0.4093559588156213,-0.9123747579707273,6.2,1.0,11.2,100602.5,391.25,82.125,5.612500000000026,0
2018-03-21,0.9813064702716093,0.19245158197082998,0.3777079652039649,-0.9259247771938498,0.0,0.0,8.399999999999999,101511.25,908.75,72.75,3.6250000000000284,0
2018-03-22,0.9844738167520922,0.1755314904214282,0.3456123126707335,-0.9383773917408641,0.0,0.0,6.199999999999999,102622.5,1111.25,53.5,5.212500000000027,0
2018-03-23,0.9873494423939864,0.15855938510313475,0.3131070409358269,-0.9497178427914316,0.0,0.0,0.0,102473.75,-148.75,57.25,5.075000000000031,0
2018-03-24,0.989932495087353,0.141540295217043,0.28023067519921585,-0.9599326896597447,0.0,0.0,0.0,101172.5,-1301.25,63.375,6.787500000000016,1
2018-03-25,0.9922222094179323,0.12447926388678915,0.24702218048093552,-0.9690098257244062,7.2,1.0,7.199999999999999,99993.75,-1178.75,81.0,7.550000000000026,1
2018-03-26,0.994217906893952,0.10738134666416309,0.21352091543979612,-0.9769384927771817,1.2000000000000002,1.0,8.399999999999999,100781.25,787.5,76.0,9.050000000000018,0
2018-03-27,0.995918996147179,0.09025161003104117,0.1797665857255624,-0.9837092937736097,0.8,0.0,9.2,101943.75,1162.5,77.875,9.187500000000028,1
2018-03-28,0.9973249731081555,0.07309512989807777,0.1457991969198751,-0.9893142039703663,6.2,1.0,8.2,102190.0,246.25,87.75,8.987500000000026,0
2018-03-29,0.9984354211555643,0.055916990100603484,0.11165900712169512,-0.993746580436178,0.4,0.0,7.3999999999999995,101607.5,-582.5,72.125,13.437500000000014,1
2018-03-30,0.9992500112396835,0.03872228089217446,0.07738647923346301,-0.9970011699250151,6.3,1.0,12.899999999999999,101015.0,-592.5,72.125,10.812500000000028,0
2018-03-31,0.9997685019798909,0.021516097436222254,0.04302223300453059,-0.99907411510223,0.0,0.0,6.699999999999999,100157.5,-857.5,62.25,9.850000000000016,1
2018-04-01,0.9999907397361901,0.004303538296244289,0.008606996888688698,-0.9999629591162655,8.0,1.0,14.299999999999999,100588.75,431.25,75.25,7.537500000000023,0
2018-04-02,0.9999166586547379,-0.01291029607500882,-0.02581844022713239,-0.9996666485105112,0.0,0.0,7.999999999999999,101612.5,1023.75,65.625,9.850000000000023,0
2018-04-03,0.9995462806873573,-0.030120304846908114,-0.060213277365792774,-0.9981855344718586,0.0,0.0,7.999999999999999,100675.0,-937.5,63.625,12.312500000000021,0
2018-04-04,0.9988797155850336,-0.04732138832243185,-0.09453674981719933,-0.9955213724144752,0.0,0.0,0.0,100445.0,-230.0,74.875,13.950000000000024,0
2018-04-05,0.9979171608653922,-0.06450844944931623,-0.12874817745258066,-0.99167731989929,0.0,0.0,0.0,100782.5,337.5,64.75,14.675000000000018,0
2018-04-06,0.9966589017541702,-0.08167639533042241,-0.16280701293851646,-0.9866579328916572,0.4,0.0,0.39999999999999913,101913.75,1131.25,62.0,12.612500000000018,0
2018-04-07,0.9951053111006976,-0.09882013873287143,-0.19667288979357622,-0.9804691603616321,0.0,0.0,0.39999999999999913,101108.75,-805.0,62.0,14.037500000000023,0
2018-04-08,0.9932568492674143,-0.11593459959550041,-0.23030567023061196,-0.973118337233262,0.0,0.0,0.39999999999999913,100661.25,-447.5,57.75,14.762500000000017,1
2018-04-09,0.9911140639934547,-0.1330147065341959,-0.2636654927280072,-0.9646141756912435,23.6,1.0,23.6,100553.75,-107.5,84.625,11.487500000000018,1
2018-04-10,0.9886775902323405,-0.1500553983446526,-0.2967128192734901,-0.9549667548552553,17.2,1.0,40.8,100512.5,-41.25,79.875,11.825000000000024,1
2018-04-11,0.9859481499638304,-0.16705162550211924,-0.3294084822245302,-0.9441875088341994,12.3,1.0,53.1,99957.5,-555.0,70.75,11.475000000000016,1
2018-04-12,0.9829265519799822,-0.18399835165768005,-0.3617137307297674,-0.9322892131745134,7.5,1.0,37.0,99553.75,-403.75,70.75,11.21250000000002,0
2018-04-13,0.9796136916454901,-0.20089055513063506,-0.39359027665646645,-0.9192859697186105,0.0,0.0,19.8,100107.5,553.75,73.375,10.500000000000028,0
2018-04-14,0.9760105506323683,-0.21772323039653177,-0.42500033996955394,-0.9051931898913975,0.0,0.0,7.5,100707.5,600.0,74.0,12.250000000000036,0
2018-04-15,0.9721181966290613,-0.23449138957040985,-0.455906693508459,-0.8900275764346766,0.0,0.0,0.0,101676.25,968.75,78.625,12.437500000000007,0
2018-04-16,0.9679377830240642,-0.25119006388481935,-0.4862727071086902,-0.8738071036110807,0.0,0.0,0.0,101455.0,-221.25,72.375,13.187500000000028,0
2018-04-17,0.9634705485641488,-0.2678143051621742,-0.5160623910158526,-0.8565509959010037,0.0,0.0,0.0,101757.5,302.5,72.75,12.412500000000023,0
2018-04-18,0.9587178169872964,-0.2843591872810034,-0.5452404385406507,-0.8382797052177745,0.0,0.0,0.0,102305.0,547.5,64.125,15.325000000000031,0
2018-04-19,0.9536809966304457,-0.30081980763566735,-0.5737722679043243,-0.8190148866680802,0.0,0.0,0.0,102343.75,38.75,56.75,17.937500000000014,0
2018-04-20,0.9483615800121715,-0.3171912885891061,-0.6016240632249227,-0.7987793728863648,0.0,0.0,0.0,102285.0,-58.75,43.25,19.93750000000002,0
2018-04-21,0.9427611433904207,-0.3334687789181868,-0.6287628145958345,-0.7775971469736268,0.0,0.0,0.0,102105.0,-180.0,46.0,19.40000000000002,0
2018-04-22,0.9368813462954315,-0.3496474552512284,-0.655156357209085,-0.7554933140726804,0.0,0.0,0.0,101801.25,-303.75,51.125,19.300000000000026,0
2018-04-27,0.9033558023246845,-0.4288919379124835,-0.7748840413670406,-0.6321034111873488,0.0,0.0,0.0,102123.75,48.75,59.25,14.762500000000024,0
2018-04-28,0.895839290734909,-0.4443781781046132,-0.7961828637826154,-0.6050560696488494,0.0,0.0,0.0,101392.5,-731.25,69.5,13.812500000000014,1
2018-04-29,0.8880573226294932,-0.45973273945210397,-0.8165380514459157,-0.5772916165517278,1.2,1.0,1.2,101065.0,-327.5,66.125,14.46250000000002,1
2018-04-30,0.8800122039735357,-0.47495107206704995,-0.8359254794186365,-0.5488429582847199,12.9,1.0,14.1,100553.75,-511.25,87.125,11.387500000000031,1
2018-05-01,0.8717063187093218,-0.4900286664290592,-0.8543221697498269,-0.5197438121555157,7.3,1.0,21.4,101260.0,706.25,79.25,10.200000000000017,1
2018-05-02,0.8631421280499114,-0.5049610547215204,-0.8717063187093217,-0.4900286664290594,1.2,1.0,21.4,101582.5,322.5,73.625,9.987500000000018,0
2018-05-03,0.854322169749827,-0.5197438121555155,-0.888057322629493,-0.4597327394521046,0.0,0.0,8.5,101401.25,-181.25,67.25,11.562500000000028,1
2018-05-04,0.8452490573530633,-0.5343725582809786,-0.9033558023246842,-0.4288919379124841,2.0,1.0,3.2,101567.5,166.25,86.75,11.375000000000021,0
2018-05-05,0.8359254794186372,-0.548842958284719,-0.9175836260593934,-0.3975428142825566,0.0,0.0,1.9999999999999998,101770.0,202.5,75.0,11.650000000000013,0
2018-05-06,0.8263541987239096,-0.5631507242749186,-0.9307239310379793,-0.3657225234972692,0.0,0.0,2.0,101880.0,110.0,73.25,14.250000000000021,0
2018-05-07,0.8165380514459161,-0.5772916165517272,-0.9427611433904206,-0.33346877891818705,0.0,0.0,0.0,101830.0,-50.0,73.75,17.10000000000003,1
2018-05-08,0.8064799463209448,-0.5912614448635781,-0.9536809966304455,-0.300819807635668,33.2,1.0,33.2,101428.75,-401.25,70.25,20.487500000000026,1
2018-05-09,0.7961828637826158,-0.6050560696488488,-0.9634705485641486,-0.26781430516217486,10.2,1.0,43.400000000000006,101323.75,-105.0,85.5,16.025000000000027,0
2018-05-10,0.7856498550787147,-0.6186714032625031,-0.9721181966290612,-0.23449138957041052,0.0,0.0,43.400000000000006,101322.5,-1.25,77.375,14.912500000000023,0
2018-05-11,0.7748840413670407,-0.6321034111873487,-0.9796136916454901,-0.20089055513063528,0.0,0.0,10.2,101835.0,512.5,66.875,14.875000000000028,0
2018-05-12,0.7638886127905428,-0.6453481132295501,-0.9859481499638303,-0.1670516255021195,0.0,0.0,0.0,101635.0,-200.0,61.875,16.93750000000002,1
2018-05-13,0.7526668275320085,-0.6584015846980488,-0.9911140639934546,-0.13301470653419636,7.5,1.0,7.5,101630.0,-5.0,84.0,12.250000000000036,1
2018-05-14,0.7412220108485958,-0.6712599575675313,-0.9951053111006974,-0.09882013873287211,18.8,1.0,26.3,101941.25,311.25,80.875,9.125000000000028,1
2018-05-15,0.7295575540864875,-0.6839194216246106,-0.9979171608653922,-0.06450844944931625,6.6000000000000005,1.0,32.9,101967.5,26.25,87.5,9.325000000000024,1
2018-05-16,0.717676913675962,-0.6963762255968722,-0.9995462806873573,-0.03012030484690836,3.4,1.0,28.8,102042.5,75.0,89.0,11.200000000000031,1
2018-05-17,0.705583610107178,-0.7086266782644596,-0.9999907397361901,0.004303538296243821,2.0,1.0,12.0,102007.5,-35.0,78.625,13.83750000000002,0
2018-05-18,0.6932812268869777,-0.7206671495538609,-0.9992500112396835,0.03872228089217399,0.4,0.0,5.8,101831.25,-176.25,81.875,14.500000000000021,0
2018-05-19,0.6807734094770161,-0.7324940716135789,-0.9973249731081555,0.07309512989807776,0.2,0.0,2.6,101772.5,-58.75,79.0,16.37500000000002,0
2018-05-20,0.6680638642135335,-0.7441039398713607,-0.994217906893952,0.10738134666416306,0.0,0.0,0.6000000000000001,101733.75,-38.75,72.625,17.487500000000026,0
2018-05-21,0.6551563572090853,-0.7554933140726803,-0.989932495087353,0.141540295217043,0.4,0.0,0.6000000000000001,101540.0,-193.75,70.5,17.31250000000002,0
2018-05-22,0.6420547132365637,-0.766658819300159,-0.9844738167520923,0.17553149042142777,0.0,0.0,0.4,101148.75,-391.25,64.75,19.33750000000002,0
2018-05-23,0.6287628145958344,-0.7775971469736269,-0.9778483415056567,0.20931464596304888,1.0,0.0,1.4,101412.5,263.75,68.375,18.70000000000003,0
2018-05-24,0.6152845999633276,-0.7883050558305255,-0.970063921851507,0.2428497220959358,0.0,0.0,1.0,101661.25,248.75,65.25,19.687500000000014,0
2018-05-25,0.6016240632249226,-0.7987793728863649,-0.9611297838723007,0.27609697309746883,0.0,0.0,1.0,101592.5,-68.75,70.375,20.237500000000026,0
2018-05-26,0.5877852522924732,-0.8090169943749473,-0.9510565162951536,0.30901699437494723,0.2,0.0,0.2,101385.0,-207.5,67.75,19.925000000000026,0
2018-05-27,0.5737722679043246,-0.8190148866680801,-0.9398560579418953,0.341570769167856,0.0,0.0,0.2,101216.25,-168.75,55.125,21.53750000000003,1
2018-05-28,0.5595892624101765,-0.8287700871745038,-0.9275416835791965,0.3737197147904692,9.7,1.0,9.899999999999999,101428.75,212.5,73.875,19.637500000000024,1
2018-05-29,0.545240438540651,-0.8382797052177744,-0.9141279881853337,0.4054257283599973,6.8,1.0,16.5,101417.5,-11.25,92.25,16.875000000000014,0
2018-05-30,0.5307300481619334,-0.8475409228928311,-0.8996308696522434,0.4366512319560638,0.0,0.0,16.5,101391.25,-26.25,79.875,18.400000000000027,1
2018-05-31,0.5160623910158528,-0.8565509959010036,-0.8840675099433637,0.46735921715800205,8.5,1.0,15.3,101302.5,-88.75,82.875,17.850000000000016,0
2018-06-01,0.5012418134457758,-0.865307254363206,-0.8674563547295971,0.4975132889071803,1.0,0.0,9.5,101722.5,420.0,76.125,18.475000000000023,0
2018-06-02,0.48627270710868997,-0.8738071036110808,-0.8498170915275277,0.5270777086423724,0.0,0.0,9.5,101902.5,180.0,63.75,21.512500000000024,1
2018-06-03,0.4711595076738638,-0.8820480249558537,-0.8311706263658079,0.5560174366570446,2.7,1.0,3.7,101722.5,-180.0,70.875,20.72500000000003,0
2018-06-04,0.4559066935084588,-0.8900275764346767,-0.8115390590073611,0.5842981736283683,0.2,0.0,2.9000000000000004,101387.5,-335.0,76.0,19.50000000000003,1
2018-06-05,0.440518784350495,-0.8977433935342337,-0.7909456567567774,0.6118864012687242,5.9,1.0,8.8,101157.5,-230.0,76.0,19.700000000000017,1
2018-06-06,0.42500033996955416,-0.9051931898913974,-0.7694148268839381,0.6387494220515268,14.700000000000001,1.0,20.8,101095.0,-62.5,88.875,17.66250000000003,0
2018-06-07,0.4093559588156213,-0.9123747579707273,-0.7469720876965551,0.6648553979642866,0.2,0.0,20.800000000000004,101387.5,292.5,79.375,16.925000000000026,0
2018-06-08,0.39359027665646673,-0.9192859697186104,-0.7236440382959124,0.690173388242972,0.4,0.0,15.3,101582.5,195.0,72.875,19.00000000000002,0
2018-06-09,0.3777079652039649,-0.9259247771938498,-0.6994583270516471,0.7146733860429608,0.0,0.0,0.6000000000000019,101257.5,-325.0,66.875,20.71250000000002,0
2018-06-10,0.36171373072976765,-0.9322892131745133,-0.6744436188329457,0.7383263540031063,0.0,0.0,0.4000000000000018,101107.5,-150.0,71.25,22.137500000000024,1
2018-06-11,0.3456123126707335,-0.9383773917408641,-0.6486295610349818,0.7611042586607742,2.2,1.0,2.200000000000002,101157.5,50.0,79.5,19.87500000000003,1
2018-06-12,0.3294084822245304,-0.9441875088341993,-0.622046748440868,0.7829801036770624,25.3,1.0,27.500000000000004,101155.0,-2.5,83.875,17.825000000000024,1
2018-06-13,0.3131070409358269,-0.9497178427914316,-0.594726686960764,0.8039279618328208,3.5999999999999996,1.0,31.1,101198.75,43.75,83.375,16.68750000000003,1
2018-06-14,0.29671281927349075,-0.9549667548552551,-0.5667017562911184,0.8239230057575536,1.2,1.0,30.100000000000005,101622.5,423.75,73.625,19.287500000000023,0
2018-06-15,0.28023067519921585,-0.9599326896597447,-0.5380051715382992,0.8429415373547832,0.0,0.0,4.800000000000003,101841.25,218.75,72.625,18.68750000000002,0
2018-06-16,0.26366549272800704,-0.9646141756912435,-0.5086709438521042,0.8609610158889945,0.4,0.0,1.6000000000000036,101827.5,-13.75,75.375,18.11250000000001,1
2018-06-17,0.24702218048093552,-0.9690098257244062,-0.4787338401157883,0.8779600847008883,6.9,1.0,7.300000000000004,101928.75,101.25,75.375,18.63750000000003,0
2018-06-18,0.23030567023061221,-0.9731183372332619,-0.4482293417404106,0.893918596519257,0.0,0.0,7.300000000000004,102361.25,432.5,70.25,17.76250000000003,0
2018-06-19,0.21352091543979612,-0.9769384927771817,-0.41719360261231697,0.9088176373395028,0.0,0.0,6.900000000000004,102558.75,197.5,74.375,18.35000000000003,0
2018-06-20,0.19667288979357647,-0.980469160361632,-0.38566340624360745,0.9226395488404875,0.0,0.0,0.0,102242.5,-316.25,67.0,22.25000000000002,0
2018-06-21,0.1797665857255624,-0.9837092937736097,-0.3536761221763721,0.935367949313148,0.0,0.0,0.0,101800.0,-442.5,65.625,24.475000000000016,0
2018-06-22,0.16280701293851715,-0.986657932891657,-0.32126966169236515,0.9469877530760751,0.0,0.0,0.0,101842.5,42.5,72.75,23.712500000000027,0
2018-06-23,0.1457991969198751,-0.9893142039703663,-0.2884824328806098,0.9574851883550389,0.0,0.0,0.0,101975.0,132.5,63.875,22.67500000000002,0
2018-06-24,0.12874817745258132,-0.99167731989929,-0.2553532951161881,0.9668478136052773,0.0,0.0,0.0,102008.75,33.75,49.875,20.637500000000017,0
2018-06-25,0.11165900712169512,-0.993746580436178,-0.22192151300416674,0.9750645322571945,0.0,0.0,0.0,101748.75,-260.0,58.625,21.512500000000024,0
2018-06-26,0.09453674981719912,-0.9955213724144752,-0.1882267098432439,0.9821256058680006,0.0,0.0,0.0,101682.5,-66.25,52.625,22.98750000000002,0
2018-06-27,0.07738647923346301,-0.9970011699250151,-0.154308820664281,0.9880226656636976,0.0,0.0,0.0,101670.0,-12.5,49.0,24.962500000000027,0
2018-06-28,0.06021327736579302,-0.9981855344718586,-0.12020804489935275,0.9927487224577402,0.0,0.0,0.0,101597.5,-72.5,60.375,24.925000000000033,0
2018-06-29,0.04302223300453059,-0.99907411510223,-0.0859647987374467,0.9962981749346077,0.0,0.0,0.0,101335.0,-262.5,65.0,23.037500000000023,0
2018-06-30,0.02581844022713308,-0.9996666485105112,-0.05161966722325418,0.9986668162884759,0.0,0.0,0.0,101055.0,-280.0,64.25,23.80000000000002,0
2018-07-01,0.008606996888688698,-0.9999629591162655,-0.01721335615583528,0.9998518392091162,0.0,0.0,0.0,100835.0,-220.0,52.125,25.362500000000026,0
2018-07-02,-0.008606996888688009,-0.9999629591162655,0.017213356155833904,0.9998518392091162,0.0,0.0,0.0,100862.5,27.5,53.875,25.150000000000027,0
2018-07-03,-0.02581844022713239,-0.9996666485105112,0.0516196672232528,0.998666816288476,0.0,0.0,0.0,101240.0,377.5,59.125,25.025000000000027,0
2018-07-04,-0.04302223300453034,-0.99907411510223,0.08596479873744621,0.9962981749346078,0.0,0.0,0.0,101486.25,246.25,58.875,25.95000000000001,1
2018-07-05,-0.060213277365792774,-0.9981855344718586,0.12020804489935226,0.9927487224577403,7.7,1.0,7.700000000000004,101398.75,-87.5,70.75,23.33750000000002,1
2018-07-06,-0.07738647923346322,-0.9970011699250151,0.15430882066428142,0.9880226656636976,1.6,1.0,9.300000000000004,101970.0,571.25,79.0,19.737500000000033,0
2018-07-07,-0.09453674981719933,-0.9955213724144752,0.1882267098432443,0.9821256058680006,0.0,0.0,9.300000000000004,102221.25,251.25,66.75,21.512500000000017,0
2018-07-08,-0.11165900712169444,-0.9937465804361781,0.2219215130041654,0.9750645322571948,0.0,0.0,1.6000000000000036,102005.0,-216.25,58.5,24.025000000000013,0
2018-07-09,-0.12874817745258066,-0.99167731989929,0.25535329511618676,0.9668478136052776,0.0,0.0,0.0,101910.0,-95.0,51.75,25.787500000000023,0
2018-07-10,-0.14579919691987442,-0.9893142039703664,0.28848243288060854,0.9574851883550394,0.0,0.0,0.0,101885.0,-25.0,51.125,25.487500000000026,0
2018-07-11,-0.16280701293851646,-0.9866579328916572,0.3212696616923639,0.9469877530760755,0.0,0.0,0.0,101702.5,-182.5,53.875,24.937500000000007,0
2018-07-12,-0.17976658572556214,-0.9837092937736098,0.3536761221763716,0.9353679493131483,0.0,0.0,0.0,101522.5,-180.0,49.375,24.537500000000016,0
2018-07-17,-0.2636654927280072,-0.9646141756912435,0.5086709438521045,0.8609610158889943,27.7,1.0,47.0,101582.5,162.5,84.5,20.662500000000023,0
2018-07-18,-0.2802306751992161,-0.9599326896597445,0.5380051715382995,0.8429415373547829,0.0,0.0,43.2,101962.5,380.0,67.75,22.100000000000016,1
2018-07-23,-0.3617137307297674,-0.9322892131745134,0.6744436188329453,0.7383263540031066,0.0,0.0,4.600000000000003,101671.25,15.0,61.75,21.525000000000013,0
2018-07-24,-0.37770796520396466,-0.9259247771938499,0.6994583270516468,0.7146733860429613,0.0,0.0,1.4000000000000035,101632.5,-38.75,57.75,23.775000000000027,0
2018-07-25,-0.39359027665646645,-0.9192859697186105,0.723644038295912,0.6901733882429724,0.0,0.0,0.0,101355.0,-277.5,59.25,24.837500000000034,0
2018-07-26,-0.4093559588156211,-0.9123747579707274,0.7469720876965548,0.664855397964287,0.0,0.0,0.0,101493.75,138.75,57.875,26.50000000000002,0
2018-07-27,-0.42500033996955394,-0.9051931898913975,0.7694148268839378,0.6387494220515272,0.0,0.0,0.0,101202.5,-291.25,57.75,27.350000000000016,0
2018-07-28,-0.4405187843504952,-0.8977433935342336,0.7909456567567776,0.6118864012687238,0.0,0.0,0.0,101170.0,-32.5,66.125,25.787500000000037,0
2018-07-29,-0.455906693508459,-0.8900275764346766,0.8115390590073613,0.5842981736283681,0.0,0.0,0.0,101446.25,276.25,66.875,23.237500000000026,0
2018-07-30,-0.47115950767386394,-0.8820480249558535,0.8311706263658081,0.5560174366570443,0.0,0.0,0.0,101373.75,-72.5,65.125,25.02500000000002,0
2018-07-31,-0.4862727071086902,-0.8738071036110807,0.8498170915275279,0.527077708642372,0.0,0.0,0.0,101582.5,208.75,60.625,26.000000000000014,0
2018-08-01,-0.5012418134457756,-0.8653072543632061,0.8674563547295968,0.49751328890718066,0.0,0.0,0.0,101641.25,58.75,60.375,26.75000000000003,0
2018-08-02,-0.5160623910158526,-0.8565509959010037,0.8840675099433635,0.46735921715800244,0.0,0.0,0.0,101801.25,160.0,58.75,26.900000000000034,0
2018-08-03,-0.5307300481619331,-0.8475409228928312,0.8996308696522431,0.43665123195606426,0.0,0.0,0.0,101801.25,0.0,53.375,28.200000000000024,0
2018-08-04,-0.5452404385406507,-0.8382797052177745,0.9141279881853336,0.40542572835999774,0.0,0.0,0.0,101682.5,-118.75,51.75,29.06250000000003,0
2018-08-05,-0.5595892624101763,-0.828770087174504,0.9275416835791963,0.37371971479046967,0.0,0.0,0.0,101763.75,81.25,54.0,29.200000000000024,0
2018-08-06,-0.5737722679043243,-0.8190148866680802,0.9398560579418951,0.34157076916785645,0.0,0.0,0.0,101662.5,-101.25,60.5,27.87500000000003,0
2018-08-07,-0.5877852522924734,-0.8090169943749472,0.9510565162951538,0.30901699437494684,0.0,0.0,0.0,101347.5,-315.0,58.75,28.52500000000002,0
2018-08-08,-0.6016240632249227,-0.7987793728863648,0.9611297838723009,0.27609697309746845,0.0,0.0,0.0,101168.75,-178.75,69.5,26.175000000000026,0
2018-08-09,-0.6152845999633277,-0.7883050558305253,0.9700639218515071,0.24284972209593542,0.0,0.0,0.0,101370.0,201.25,65.375,24.825000000000024,0
2018-08-10,-0.6287628145958345,-0.7775971469736268,0.9778483415056568,0.2093146459630485,0.6,0.0,0.6000000000000035,101670.0,300.0,74.75,21.43750000000002,0
2018-08-11,-0.6420547132365636,-0.7666588193001592,0.9844738167520922,0.17553149042142824,0.0,0.0,0.6000000000000035,102460.0,790.0,57.5,21.37500000000002,0
2018-08-12,-0.655156357209085,-0.7554933140726804,0.989932495087353,0.14154029521704348,0.0,0.0,0.6000000000000035,102227.5,-232.5,50.5,23.262500000000024,1
2018-08-13,-0.6680638642135333,-0.7441039398713608,0.9942179068939518,0.10738134666416355,8.9,1.0,8.900000000000004,101473.75,-753.75,58.875,24.412500000000016,0
2018-08-14,-0.6807734094770159,-0.7324940716135792,0.9973249731081555,0.07309512989807825,0.0,0.0,8.900000000000004,101528.75,55.0,76.0,21.637500000000017,0
2018-08-15,-0.6932812268869771,-0.7206671495538615,0.9992500112396835,0.038722280892175366,0.0,0.0,8.900000000000004,101980.0,451.25,65.375,21.40000000000002,0
2018-08-16,-0.7055836101071774,-0.70862667826446,0.9999907397361901,0.004303538296245199,0.0,0.0,0.0,101946.25,-33.75,59.25,22.58750000000002,0
2018-08-17,-0.7176769136759615,-0.6963762255968726,0.9995462806873574,-0.030120304846906983,0.0,0.0,0.0,101521.25,-425.0,60.75,24.15000000000002,0
2018-08-18,-0.7295575540864876,-0.6839194216246105,0.9979171608653922,-0.06450844944931665,0.0,0.0,0.0,101952.5,431.25,64.0,22.100000000000023,0
2018-08-19,-0.7412220108485957,-0.6712599575675315,0.9951053111006976,-0.09882013873287163,0.0,0.0,0.0,102233.75,281.25,60.625,20.975000000000023,0
2018-08-20,-0.7526668275320083,-0.6584015846980489,0.9911140639934547,-0.13301470653419586,0.0,0.0,0.0,102178.75,-55.0,54.25,23.462500000000027,0
2018-08-21,-0.7638886127905429,-0.64534811322955,0.9859481499638303,-0.16705162550211988,0.0,0.0,0.0,102027.5,-151.25,50.375,24.25000000000002,0
2018-08-22,-0.7748840413670406,-0.6321034111873488,0.9796136916454901,-0.2008905551306348,0.0,0.0,0.0,101720.0,-307.5,57.0,25.137500000000024,0
2018-08-23,-0.7856498550787144,-0.6186714032625032,0.9721181966290613,-0.23449138957041005,0.0,0.0,0.0,101548.75,-171.25,55.75,26.41250000000003,0
2018-08-24,-0.7961828637826154,-0.6050560696488494,0.963470548564149,-0.2678143051621735,0.0,0.0,0.0,101663.75,115.0,63.75,25.412500000000023,0
2018-08-25,-0.8064799463209447,-0.5912614448635782,0.9536809966304456,-0.3008198076356675,0.0,0.0,0.0,101943.75,280.0,64.75,21.550000000000026,0
2018-08-26,-0.8165380514459157,-0.5772916165517278,0.942761143390421,-0.33346877891818577,0.0,0.0,0.0,101930.0,-13.75,63.875,17.86250000000002,0
2018-08-27,-0.8263541987239094,-0.5631507242749187,0.9307239310379796,-0.36572252349726875,0.0,0.0,0.0,101723.75,-206.25,59.875,19.825000000000024,0
2018-08-28,-0.8359254794186365,-0.5488429582847199,0.9175836260593944,-0.3975428142825545,0.0,0.0,0.0,101676.25,-47.5,58.5,22.52500000000002,0
2018-08-29,-0.8452490573530634,-0.5343725582809785,0.903355802324684,-0.4288919379124845,0.2,0.0,0.20000000000000356,101441.25,-235.0,58.125,24.77500000000002,1
2018-08-30,-0.8543221697498269,-0.5197438121555157,0.8880573226294932,-0.45973273945210413,2.0,1.0,2.2000000000000037,101851.25,410.0,70.625,22.962500000000027,0
2018-08-31,-0.8631421280499115,-0.5049610547215202,0.8717063187093216,-0.4900286664290598,0.0,0.0,2.2000000000000037,102170.0,318.75,57.375,20.475000000000037,0
2018-09-01,-0.8717063187093217,-0.4900286664290594,0.8543221697498272,-0.5197438121555152,0.0,0.0,2.0000000000000036,102052.5,-117.5,54.75,21.225000000000023,0
2018-09-02,-0.8800122039735356,-0.4749510720670502,0.8359254794186368,-0.5488429582847194,0.0,0.0,0.0,102091.25,38.75,46.125,22.025000000000013,0
2018-09-03,-0.888057322629493,-0.4597327394521046,0.8165380514459165,-0.5772916165517267,0.0,0.0,0.0,101777.5,-313.75,46.125,20.37500000000003,0
2018-09-04,-0.8958392907349089,-0.4443781781046134,0.7961828637826157,-0.605056069648849,0.0,0.0,0.0,101402.5,-375.0,48.25,20.887500000000024,0
2018-09-09,-0.9307239310379793,-0.3657225234972692,0.6807734094770164,-0.7324940716135787,0.0,0.0,10.300000000000004,101811.25,36.25,60.375,21.18750000000002,0
2018-09-10,-0.9368813462954315,-0.34964745525122826,0.6551563572090847,-0.7554933140726807,0.0,0.0,0.40000000000000535,101991.25,180.0,63.0,21.937500000000014,0
2018-09-11,-0.9427611433904206,-0.33346877891818705,0.6287628145958348,-0.7775971469736266,0.0,0.0,0.0,102418.75,427.5,69.5,22.075000000000024,0
2018-09-12,-0.9483615800121716,-0.31719128858910595,0.6016240632249223,-0.798779372886365,0.0,0.0,0.0,102338.75,-80.0,61.875,23.537500000000023,0
2018-09-13,-0.9536809966304455,-0.300819807635668,0.5737722679043255,-0.8190148866680794,0.0,0.0,0.0,102093.75,-245.0,67.5,22.875000000000014,0
2018-09-14,-0.9587178169872964,-0.2843591872810036,0.5452404385406511,-0.8382797052177742,0.0,0.0,0.0,102120.0,26.25,71.5,20.93750000000003,0
2018-09-15,-0.9634705485641486,-0.26781430516217486,0.5160623910158538,-0.8565509959010029,0.0,0.0,0.0,102100.0,-20.0,71.375,20.412500000000023,0
2018-09-16,-0.9679377830240642,-0.25119006388481957,0.4862727071086906,-0.8738071036110805,0.0,0.0,0.0,102163.75,63.75,64.625,19.825000000000024,0
2018-09-17,-0.9721181966290612,-0.23449138957041052,0.45590669350846025,-0.8900275764346759,0.2,0.0,0.20000000000000534,101948.75,-215.0,59.625,22.800000000000026,0
2018-09-18,-0.9760105506323682,-0.21772323039653224,0.4250003399695548,-0.9051931898913971,0.0,0.0,0.20000000000000534,101753.75,-195.0,66.0,23.262500000000024,0
2018-09-19,-0.9796136916454901,-0.20089055513063528,0.39359027665646695,-0.9192859697186104,0.0,0.0,0.20000000000000534,101640.0,-113.75,65.0,23.92500000000002,0
2018-09-20,-0.9829265519799822,-0.18399835165767986,0.36171373072976704,-0.9322892131745135,0.0,0.0,0.0,102018.75,378.75,70.25,22.500000000000014,0
2018-09-21,-0.9859481499638303,-0.1670516255021195,0.3294084822245307,-0.9441875088341992,0.0,0.0,0.0,101857.5,-161.25,62.75,23.350000000000023,0
2018-09-22,-0.9886775902323404,-0.15005539834465262,0.29671281927349014,-0.9549667548552553,0.0,0.0,0.0,101967.5,110.0,69.5,21.20000000000001,0
2018-09-23,-0.9911140639934546,-0.13301470653419636,0.26366549272800816,-0.9646141756912432,0.0,0.0,0.0,102363.75,396.25,62.75,20.87500000000003,0
2018-09-24,-0.9932568492674143,-0.11593459959550066,0.23030567023061246,-0.9731183372332619,0.0,0.0,0.0,102310.0,-53.75,65.375,22.63750000000003,1
2018-09-25,-0.9951053111006974,-0.09882013873287211,0.19667288979357758,-0.9804691603616318,2.2,1.0,2.2000000000000055,102696.25,386.25,65.875,17.887500000000017,0
2018-09-26,-0.99665890175417,-0.08167639533042288,0.16280701293851738,-0.9866579328916569,0.0,0.0,2.2000000000000055,102792.5,96.25,54.375,15.512500000000031,0
2018-09-27,-0.9979171608653922,-0.06450844944931625,0.1287481774525807,-0.99167731989929,0.0,0.0,2.2000000000000055,102880.0,87.5,56.625,19.787500000000016,0
2018-09-28,-0.9988797155850335,-0.04732138832243232,0.09453674981720026,-0.9955213724144751,0.0,0.0,0.0,102665.0,-215.0,56.5,20.72500000000003,0
2018-09-29,-0.9995462806873573,-0.03012030484690836,0.060213277365793266,-0.9981855344718586,0.0,0.0,0.0,102072.5,-592.5,60.5,21.350000000000023,0
2018-09-30,-0.9999166586547379,-0.012910296075008843,0.02581844022713244,-0.9996666485105112,0.0,0.0,0.0,101795.0,-277.5,57.625,19.62500000000002,0
2018-10-01,-0.9999907397361901,0.004303538296243821,-0.008606996888687764,-0.9999629591162655,0.0,0.0,0.0,101863.75,68.75,59.125,18.06250000000003,0
2018-10-02,-0.9997685019798909,0.021516097436222233,-0.04302223300453054,-0.99907411510223,0.0,0.0,0.0,102406.25,542.5,56.75,14.200000000000024,0
2018-10-03,-0.9992500112396835,0.03872228089217399,-0.07738647923346208,-0.9970011699250152,0.0,0.0,0.0,102765.0,358.75,45.125,13.987500000000026,0
2018-10-04,-0.9984354211555643,0.05591699010060302,-0.11165900712169419,-0.9937465804361781,0.0,0.0,0.0,102677.5,-87.5,53.375,17.012500000000017,0
2018-10-05,-0.9973249731081555,0.07309512989807776,-0.14579919691987506,-0.9893142039703663,0.0,0.0,0.0,102131.25,-546.25,61.5,17.37500000000003,0
2018-10-06,-0.9959189961471792,0.0902516100310407,-0.17976658572556148,-0.9837092937736099,0.0,0.0,0.0,101655.0,-476.25,57.875,20.712500000000027,1
2018-10-07,-0.994217906893952,0.10738134666416306,-0.2135209154397961,-0.9769384927771817,3.4,1.0,3.4000000000000052,101390.0,-265.0,63.625,19.70000000000003,1
2018-10-08,-0.9922222094179324,0.12447926388678869,-0.2470221804809346,-0.9690098257244064,5.2,1.0,8.600000000000005,101747.5,357.5,86.625,12.812500000000028,0
2018-10-09,-0.989932495087353,0.141540295217043,-0.28023067519921585,-0.9599326896597447,0.0,0.0,8.600000000000005,101935.0,187.5,83.375,13.612500000000018,0
2018-10-10,-0.9873494423939864,0.15855938510313475,-0.31310704093582686,-0.9497178427914317,0.2,0.0,5.400000000000006,101533.75,-401.25,79.0,17.087500000000013,1
2018-10-11,-0.9844738167520923,0.17553149042142777,-0.3456123126707326,-0.9383773917408644,1.2,1.0,1.4000000000000061,100877.5,-656.25,78.375,18.637500000000017,0
2018-10-12,-0.9813064702716093,0.19245158197082995,-0.3777079652039649,-0.9259247771938498,0.0,0.0,1.4000000000000061,101113.75,236.25,77.5,19.86250000000002,0
2018-10-13,-0.9778483415056567,0.20931464596304888,-0.4093559588156221,-0.912374757970727,0.0,0.0,1.2000000000000062,101860.0,746.25,76.125,21.400000000000027,0
2018-10-14,-0.9741004551724206,0.22611568550828803,-0.4405187843504946,-0.8977433935342339,0.0,0.0,0.0,101622.5,-237.5,77.375,21.17500000000002,1
2018-10-15,-0.970063921851507,0.2428497220959358,-0.47115950767386416,-0.8820480249558535,6.3,1.0,6.300000000000006,100681.25,-941.25,72.75,20.300000000000033,1
2018-10-16,-0.965739937654855,0.25951179706979943,-0.5012418134457749,-0.8653072543632064,26.6,1.0,32.900000000000006,100892.5,211.25,86.75,14.787500000000023,0
2018-10-17,-0.9611297838723007,0.27609697309746883,-0.5307300481619333,-0.8475409228928311,0.0,0.0,32.900000000000006,101630.0,737.5,83.5,16.900000000000027,0
2018-10-18,-0.9562348265919058,0.2926003356333479,-0.5595892624101757,-0.8287700871745043,0.0,0.0,26.600000000000005,101683.75,53.75,80.25,17.33750000000002,1
2018-10-19,-0.9510565162951536,0.30901699437494723,-0.5877852522924728,-0.8090169943749477,6.7,1.0,6.700000000000004,101541.25,-142.5,86.75,16.412500000000016,0
2018-10-20,-0.9455963874271428,0.3253420847119795,-0.6152845999633265,-0.7883050558305263,0.0,0.0,6.700000000000004,101817.5,276.25,86.625,16.86250000000001,0
2018-10-21,-0.9398560579418953,0.341570769167856,-0.6420547132365644,-0.7666588193001584,0.0,0.0,6.700000000000004,102352.5,535.0,91.625,15.175000000000026,0
2018-10-22,-0.9338372288229252,0.35769823883312546,-0.6680638642135334,-0.7441039398713607,0.0,0.0,0.0,102317.5,-35.0,91.5,15.125000000000014,0
2018-10-23,-0.9275416835791965,0.3737197147904692,-0.6932812268869779,-0.7206671495538607,0.0,0.0,0.0,102478.75,161.25,79.5,13.875000000000028,0
2018-10-24,-0.9209712877166347,0.38963044953078774,-0.7176769136759616,-0.6963762255968725,0.0,0.0,0.0,102922.5,443.75,74.375,13.287500000000016,0
2018-10-25,-0.9141279881853337,0.4054257283599973,-0.7412220108485958,-0.6712599575675313,0.0,0.0,0.0,102748.75,-173.75,74.25,13.112500000000018,0
2018-10-26,-0.9070138128026362,0.42110087079608916,-0.7638886127905421,-0.6453481132295509,0.0,0.0,0.0,102043.75,-705.0,83.125,12.10000000000003,0
2018-10-27,-0.8996308696522434,0.4366512319560638,-0.7856498550787143,-0.6186714032625035,0.0,0.0,0.0,101500.0,-543.75,89.75,11.975000000000023,1
2018-11-01,-0.858763958275803,0.5123714121284235,-0.8800122039735355,-0.4749510720670504,0.0,0.0,0.4000000000000036,100353.75,37.5,75.75,10.562500000000021,0
2018-11-02,-0.8498170915275277,0.5270777086423724,-0.8958392907349091,-0.44437817810461283,1.0,0.0,1.0000000000000036,101363.75,1010.0,80.875,10.700000000000024,0
2018-11-03,-0.8406184056344783,0.5416278206559811,-0.9106046300942161,-0.41327860778290465,0.8,0.0,1.8000000000000036,102200.0,836.25,89.625,9.437500000000021,0
2018-11-04,-0.8311706263658079,0.5560174366570446,-0.9242907221930933,-0.3816892202666588,0.0,0.0,1.8000000000000036,102467.5,267.5,86.625,7.625000000000021,0
2018-11-05,-0.8214765533024145,0.5702422926917867,-0.9368813462954312,-0.3496474552512293,0.0,0.0,0.8000000000000036,101246.25,-1221.25,80.875,9.112500000000018,0
2018-11-06,-0.8115390590073611,0.5842981736283683,-0.9483615800121715,-0.31719128858910617,0.0,0.0,0.0,100058.75,-1187.5,69.875,16.237500000000026,1
2018-11-07,-0.801361088174677,0.5981809144059158,-0.9587178169872961,-0.28435918728100473,10.5,1.0,10.500000000000004,100676.25,617.5,77.75,11.850000000000023,1
2018-11-08,-0.7909456567567774,0.6118864012687242,-0.9679377830240641,-0.2511900638848198,2.4,1.0,12.900000000000004,101191.25,515.0,79.375,11.97500000000003,0
2018-11-09,-0.780295851070776,0.6254105729852457,-0.976010550632368,-0.21772323039653332,0.0,0.0,12.900000000000004,101670.0,478.75,82.375,10.78750000000003,1
2018-11-10,-0.7694148268839381,0.6387494220515268,-0.982926551979982,-0.18399835165768097,2.0,1.0,4.400000000000004,101418.75,-251.25,90.25,10.325000000000024,0
2018-11-11,-0.7583058084785625,0.6518989958787125,-0.9886775902323404,-0.15005539834465284,0.0,0.0,2.0000000000000036,100943.75,-475.0,80.0,13.112500000000018,0
2018-11-12,-0.7469720876965551,0.6648553979642866,-0.9932568492674143,-0.11593459959550002,0.0,0.0,2.0000000000000036,101116.25,172.5,82.125,14.387500000000031,0
2018-11-13,-0.7354170229639858,0.6776147890466887,-0.99665890175417,-0.08167639533042312,0.0,0.0,0.0,101445.0,328.75,71.75,17.725000000000023,0
2018-11-14,-0.7236440382959124,0.690173388242972,-0.9988797155850336,-0.04732138832243168,0.0,0.0,0.0,102657.5,1212.5,84.0,13.83750000000002,0
2018-11-15,-0.711656622281775,0.7025274741691566,-0.9999166586547379,-0.012910296075009976,0.0,0.0,0.0,102296.25,-361.25,86.875,14.475000000000016,0
2018-11-16,-0.6994583270516471,0.7146733860429608,-0.9997685019798909,0.021516097436221987,0.0,0.0,0.0,101961.25,-335.0,79.125,15.987500000000018,0
2018-11-17,-0.6870527672236675,0.7266075247685652,-0.9984354211555644,0.05591699010060189,0.0,0.0,0.0,102065.0,103.75,79.0,13.675000000000033,0
2018-11-18,-0.6744436188329457,0.7383263540031063,-0.9959189961471792,0.09025161003104046,0.0,0.0,0.0,101690.0,-375.0,78.0,11.887500000000031,0
2018-11-19,-0.661634618242279,0.749826401204568,-0.9922222094179325,0.12447926388678757,0.0,0.0,0.0,101195.0,-495.0,67.0,11.21250000000002,0
2018-11-20,-0.6486295610349818,0.7611042586607742,-0.9873494423939866,0.1585593851031336,0.0,0.0,0.0,100492.5,-702.5,74.0,7.862500000000026,0
2018-11-21,-0.6354323008901775,0.7721565844991641,-0.9813064702716094,0.1924515819708297,1.0,0.0,1.0000000000000036,100262.5,-230.0,82.375,5.537500000000016,0
2018-11-22,-0.622046748440868,0.7829801036770624,-0.9741004551724208,0.22611568550828692,0.0,0.0,1.0000000000000036,101050.0,787.5,80.75,6.825000000000024,0
2018-11-23,-0.6084768701151264,0.7935716089521472,-0.9657399376548551,0.25951179706979915,0.0,0.0,1.0000000000000036,101495.0,445.0,84.875,9.450000000000017,0
2018-11-24,-0.594726686960764,0.8039279618328208,-0.9562348265919062,0.2926003356333468,0.0,0.0,0.0,101282.5,-212.5,90.75,8.125000000000021,0
2018-11-25,-0.5808002734538013,0.8140460935082175,-0.9455963874271429,0.32534208471197923,0.0,0.0,0.0,101416.25,133.75,79.125,6.90000000000002,1
2018-11-26,-0.5667017562911184,0.8239230057575536,-0.9338372288229259,0.35769823883312357,6.2,1.0,6.200000000000004,100778.75,-637.5,81.75,8.550000000000018,0
2018-11-27,-0.5524353131676203,0.8335557718385695,-0.9209712877166351,0.3896304495307867,0.0,0.0,6.200000000000004,101090.0,311.25,84.0,7.5500000000000185,0
2018-11-28,-0.5380051715382992,0.8429415373547832,-0.9070138128026355,0.42110087079609054,0.0,0.0,6.200000000000004,102246.25,1156.25,81.5,7.137500000000024,0
2018-11-29,-0.5234156073655503,0.8520775211013093,-0.8919813464595485,0.4520722039323043,0.0,0.0,0.0,102145.0,-101.25,78.0,8.46250000000002,0
2018-11-30,-0.5086709438521042,0.8609610158889945,-0.8758917051442426,0.48250774176121897,0.0,0.0,0.0,101693.75,-451.25,75.0,12.100000000000023,1
2018-12-01,-0.49377555015997737,0.8695893893466109,-0.8587639582758032,0.5123714121284233,11.3,1.0,11.300000000000004,101875.0,181.25,87.0,10.437500000000007,0
2018-12-02,-0.4787338401157883,0.8779600847008883,-0.840618405634478,0.5416278206559817,0.0,0.0,11.300000000000004,102120.0,245.0,83.625,9.012500000000024,1
2018-12-03,-0.4635502709028512,0.8860706215341378,-0.8214765533024146,0.5702422926917865,8.9,1.0,20.200000000000003,101923.75,-196.25,92.0,11.487500000000018,1
2018-12-04,-0.4482293417404106,0.893918596519257,-0.8013610881746766,0.5981809144059164,1.6,1.0,10.500000000000004,101976.25,52.5,88.5,13.200000000000024,0
2018-12-05,-0.4327755925504317,0.9015016841318838,-0.7802958510707761,0.6254105729852455,0.0,0.0,10.500000000000004,102377.5,401.25,88.5,13.612500000000018,0
2018-12-06,-0.41719360261231697,0.9088176373395028,-0.7583058084785628,0.6518989958787123,0.0,0.0,1.6000000000000036,102335.0,-42.5,88.875,10.587500000000041,0
2018-12-07,-0.4014879892059737,0.9158642882672868,-0.7354170229639866,0.6776147890466879,0.2,0.0,0.20000000000000356,102777.5,442.5,81.5,12.587500000000027,1
2018-12-08,-0.38566340624360745,0.9226395488404875,-0.7116566222817752,0.7025274741691564,4.0,1.0,4.200000000000004,102541.25,-236.25,78.125,11.812500000000021,0
2018-12-09,-0.3697245428906732,0.9291414114031743,-0.687052767223667,0.7266075247685656,0.2,0.0,4.400000000000004,102758.75,217.5,77.5,10.400000000000027,1
2018-12-10,-0.3536761221763721,0.935367949313148,-0.6616346182422791,0.7498264012045678,3.2,1.0,7.400000000000004,102797.5,38.75,77.0,11.71250000000002,0
2018-12-11,-0.33752289959411347,0.941317317512847,-0.6354323008901778,0.772156584499164,0.0,0.0,3.400000000000004,103211.25,413.75,82.0,9.262500000000024,0
2018-12-12,-0.32126966169236515,0.9469877530760751,-0.6084768701151273,0.7935716089521465,0.0,0.0,3.2000000000000037,102446.25,-765.0,90.75,4.325000000000024,1
2018-12-13,-0.3049212246562894,0.9523775757303973,-0.5808002734538015,0.8140460935082173,2.6,1.0,2.6000000000000036,101976.25,-470.0,93.5,5.687500000000021,1
2018-12-14,-0.2884824328806098,0.9574851883550389,-0.5524353131676212,0.8335557718385689,12.9,1.0,15.500000000000004,100895.0,-1081.25,90.5,6.46250000000002,1
2018-12-15,-0.27195815753410524,0.9623090774541487,-0.5234156073655497,0.8520775211013096,3.4,1.0,18.900000000000002,101792.5,897.5,90.625,7.012500000000024,1
2018-12-16,-0.2553532951161881,0.9668478136052773,-0.49377555015997915,0.8695893893466099,3.0,1.0,19.3,102112.5,320.0,82.625,6.02500000000002,1
2018-12-17,-0.23867276600594997,0.9711000518829505,-0.4635502709028506,0.8860706215341381,10.200000000000001,1.0,16.600000000000005,101682.5,-430.0,93.125,8.950000000000031,0
2018-12-18,-0.22192151300416674,0.9750645322571945,-0.4327755925504335,0.9015016841318829,0.4,0.0,13.600000000000005,102721.25,1038.75,79.625,8.662500000000016,0
2018-12-19,-0.20510449986861926,0.9787400799669153,-0.4014879892059731,0.9158642882672872,0.0,0.0,10.600000000000005,102043.75,-677.5,81.0,7.900000000000027,0
2018-12-20,-0.1882267098432439,0.9821256058680006,-0.3697245428906726,0.9291414114031745,0.4,0.0,0.8000000000000036,101917.5,-126.25,81.375,9.225000000000023,0
2018-12-21,-0.1712931441814778,0.9852201067560606,-0.3375228995941137,0.9413173175128469,0.0,0.0,0.4000000000000036,102427.5,510.0,78.375,7.900000000000027,0
2018-12-22,-0.154308820664281,0.9880226656636976,-0.3049212246562888,0.9523775757303975,0.0,0.0,0.4000000000000036,102645.0,217.5,79.5,8.462500000000027,0
2018-12-23,-0.13727877211326517,0.9905324521322227,-0.2719581575341063,0.9623090774541484,0.4,0.0,0.4000000000000036,102950.0,305.0,86.125,11.775000000000027,0
2018-12-24,-0.12020804489935275,0.9927487224577402,-0.23867276600595022,0.9711000518829503,0.0,0.0,0.4000000000000036,102970.0,20.0,88.75,12.237500000000018,0
2018-12-25,-0.10310169744743544,0.9946708199115211,-0.20510449986862037,0.9787400799669149,0.0,0.0,0.4000000000000036,103057.5,87.5,94.125,9.750000000000028,0
2018-12-26,-0.0859647987374467,0.9962981749346077,-0.17129314418147804,0.9852201067560605,0.0,0.0,0.0,103057.5,0.0,89.25,8.425000000000018,0
2018-12-27,-0.06880242680232064,0.9976303053065857,-0.1372787721132663,0.9905324521322226,0.0,0.0,0.0,102862.5,-195.0,82.125,6.53750000000003,0
2018-12-28,-0.05161966722325418,0.9986668162884759,-0.10310169744743568,0.994670819911521,0.0,0.0,0.0,102783.75,-78.75,85.75,5.812500000000014,0
2018-12-29,-0.034421611622745804,0.9994074007397048,-0.06880242680232,0.9976303053065857,0.0,0.0,0.0,103096.25,312.5,78.25,8.725000000000023,0
2018-12-30,-0.01721335615583528,0.9998518392091162,-0.03442161162274694,0.9994074007397047,0.0,0.0,0.0,103465.0,368.75,88.625,5.637500000000017,0
2018-12-31,6.432490598706546e-16,1.0,1.2864981197413093e-15,1.0,0.0,0.0,0.0,103656.25,191.25,94.5,1.2000000000000242,0
2019-01-01,0.017213356155834685,0.9998518392091162,0.03442161162274574,0.9994074007397048,0.0,0.0,0.0,103543.75,-112.5,97.125,1.2375000000000185,0
2019-01-02,0.03442161162274574,0.9994074007397048,0.06880242680231986,0.9976303053065857,0.0,0.0,0.0,103492.5,-51.25,96.125,2.58750000000002,0
2019-01-03,0.051619667223253764,0.998666816288476,0.10310169744743485,0.9946708199115211,0.0,0.0,0.0,103571.25,78.75,85.75,4.8625000000000185,0
2019-01-04,0.06880242680231986,0.9976303053065857,0.13727877211326478,0.9905324521322229,0.0,0.0,0.0,103527.5,-43.75,76.5,1.387500000000017,0
2019-01-05,0.08596479873744647,0.9962981749346078,0.1712931441814776,0.9852201067560606,0.0,0.0,0.0,103530.0,2.5,78.125,-0.29999999999998295,0
2019-01-06,0.10310169744743485,0.9946708199115211,0.2051044998686192,0.9787400799669153,0.0,0.0,0.0,103653.75,123.75,76.5,0.9250000000000185,0
2019-01-07,0.1202080448993527,0.9927487224577402,0.2386727660059501,0.9711000518829505,0.0,0.0,0.0,103723.75,70.0,86.375,0.4000000000000199,0
2019-01-12,0.2051044998686192,0.9787400799669153,0.401487989205973,0.9158642882672872,0.0,0.0,0.6000000000000035,103072.5,492.5,70.25,2.450000000000017,0
2019-01-13,0.2219215130041655,0.9750645322571948,0.4327755925504312,0.901501684131884,0.2,0.0,0.20000000000000356,103268.75,196.25,81.0,5.33750000000002,0
2019-01-14,0.2386727660059501,0.9711000518829505,0.4635502709028509,0.886070621534138,0.0,0.0,0.20000000000000356,102818.75,-450.0,82.0,8.562500000000028,1
2019-01-15,0.255353295116187,0.9668478136052775,0.49377555015997715,0.869589389346611,2.8,1.0,3.0000000000000036,102435.0,-383.75,91.0,9.112500000000018,0
2019-01-16,0.2719581575341055,0.9623090774541486,0.5234156073655503,0.8520775211013093,0.0,0.0,2.8000000000000034,102371.25,-63.75,76.75,6.58750000000002,0
2019-01-17,0.288482432880609,0.9574851883550393,0.5524353131676196,0.8335557718385699,0.0,0.0,2.8000000000000034,101772.5,-598.75,81.75,4.725000000000023,1
2019-01-18,0.30492122465628907,0.9523775757303974,0.5808002734538009,0.8140460935082178,1.2,1.0,1.2000000000000035,101831.25,58.75,86.0,7.062500000000028,0
2019-01-19,0.3212696616923644,0.9469877530760753,0.6084768701151261,0.7935716089521474,0.0,0.0,1.2000000000000035,101917.5,86.25,90.625,4.8000000000000185,0
2019-01-20,0.3375228995941133,0.9413173175128471,0.6354323008901774,0.7721565844991642,0.2,0.0,1.4000000000000035,101380.0,-537.5,87.5,4.77500000000002,0
2019-01-21,0.3536761221763716,0.9353679493131483,0.6616346182422783,0.7498264012045686,1.0,0.0,1.2000000000000035,101313.75,-66.25,90.375,6.025000000000027,0
2019-01-22,0.3697245428906731,0.9291414114031743,0.6870527672236669,0.7266075247685656,0.0,0.0,1.2000000000000035,102080.0,766.25,86.625,5.237500000000033,1
2019-01-23,0.38566340624360707,0.9226395488404876,0.7116566222817746,0.7025274741691571,2.0,1.0,3.0000000000000036,101440.0,-640.0,84.125,3.27500000000002,1
2019-01-24,0.401487989205973,0.9158642882672872,0.7354170229639855,0.6776147890466889,7.1,1.0,9.100000000000003,100176.25,-1263.75,86.375,4.950000000000031,0
2019-01-25,0.4171936026123168,0.9088176373395029,0.7583058084785624,0.6518989958787126,0.0,0.0,9.100000000000003,101277.5,1101.25,75.0,2.1125000000000327,1
2019-01-26,0.4327755925504312,0.901501684131884,0.7802958510707755,0.6254105729852463,1.2,1.0,8.300000000000002,101997.5,720.0,90.125,3.212500000000034,0
2019-01-27,0.4482293417404106,0.893918596519257,0.8013610881746766,0.5981809144059165,0.0,0.0,1.2000000000000035,101952.5,-45.0,88.125,8.362500000000018,1
2019-01-28,0.4635502709028509,0.886070621534138,0.8214765533024142,0.5702422926917871,5.8,1.0,7.0000000000000036,101017.5,-935.0,85.375,7.200000000000017,1
2019-01-29,0.47873384011578846,0.8779600847008882,0.8406184056344782,0.5416278206559814,6.0,1.0,11.800000000000004,101066.25,48.75,86.75,5.975000000000023,1
2019-01-30,0.49377555015997715,0.869589389346611,0.8587639582758029,0.5123714121284237,4.6,1.0,16.400000000000002,100917.5,-148.75,89.875,5.725000000000016,1
2019-01-31,0.5086709438521044,0.8609610158889943,0.8758917051442429,0.48250774176121847,4.0,1.0,14.600000000000001,100686.25,-231.25,86.875,4.900000000000034,1
2019-02-01,0.5234156073655503,0.8520775211013093,0.8919813464595485,0.45207220393230435,11.1,1.0,19.700000000000003,99632.5,-1053.75,89.125,5.875000000000028,1
2019-02-02,0.5380051715382996,0.8429415373547828,0.9070138128026359,0.4211008707960896,18.2,1.0,33.300000000000004,98922.5,-710.0,86.25,8.600000000000023,0
2019-02-03,0.5524353131676196,0.8335557718385699,0.9209712877166346,0.38963044953078796,1.0,0.0,30.300000000000004,100178.75,1256.25,88.5,4.925000000000026,0
2019-02-04,0.5667017562911176,0.8239230057575542,0.9338372288229252,0.35769823883312546,0.0,0.0,19.200000000000003,102455.0,2276.25,73.75,3.0000000000000213,0
2019-02-05,0.5808002734538009,0.8140460935082178,0.9455963874271426,0.3253420847119801,0.8,0.0,1.8000000000000036,103010.0,555.0,75.375,2.6250000000000284,1
2019-02-06,0.5947266869607634,0.8039279618328213,0.9562348265919056,0.29260033563334836,13.3,1.0,14.100000000000005,102765.0,-245.0,98.25,7.562500000000021,0
2019-02-07,0.6084768701151261,0.7935716089521474,0.9657399376548549,0.2595117970697999,0.4,0.0,14.500000000000005,102567.5,-197.5,96.375,9.600000000000023,0
2019-02-08,0.6220467484408675,0.7829801036770629,0.9741004551724205,0.22611568550828828,0.0,0.0,13.700000000000005,102326.25,-241.25,89.125,8.037500000000023,0
2019-02-09,0.6354323008901774,0.7721565844991642,0.9813064702716093,0.19245158197082998,0.0,0.0,0.4000000000000036,102133.75,-192.5,83.375,7.262500000000024,0
2019-02-10,0.6486295610349814,0.7611042586607747,0.9873494423939864,0.15855938510313475,0.0,0.0,0.0,102013.75,-120.0,81.75,8.437500000000021,0
2019-02-11,0.6616346182422783,0.7498264012045686,0.9922222094179323,0.12447926388678915,0.6000000000000001,0.0,0.6000000000000036,101696.25,-317.5,88.75,8.162500000000016,0
2019-02-12,0.6744436188329455,0.7383263540031065,0.995918996147179,0.09025161003104117,0.4,0.0,1.0000000000000036,102910.0,1213.75,77.625,8.212500000000027,0
2019-02-13,0.6870527672236669,0.7266075247685656,0.9984354211555643,0.055916990100603484,0.0,0.0,1.0000000000000036,103472.5,562.5,78.0,6.650000000000027,0
2019-02-14,0.699458327051647,0.7146733860429609,0.9997685019798909,0.021516097436222254,0.0,0.0,0.4000000000000036,103218.75,-253.75,75.25,6.137500000000024,0
2019-02-15,0.7116566222817746,0.7025274741691571,0.9999166586547379,-0.01291029607500882,0.0,0.0,0.0,103111.25,-107.5,75.625,9.887500000000024,0
2019-02-16,0.7236440382959124,0.6901733882429719,0.9988797155850336,-0.04732138832243185,0.0,0.0,0.0,102838.75,-272.5,77.25,9.725000000000037,0
2019-02-17,0.7354170229639855,0.6776147890466889,0.9966589017541702,-0.08167639533042241,0.0,0.0,0.0,102745.0,-93.75,78.75,8.237500000000026,0
2019-02-18,0.7469720876965552,0.6648553979642865,0.9932568492674143,-0.11593459959550041,0.0,0.0,0.0,102303.75,-441.25,75.0,10.737500000000018,0
2019-02-19,0.7583058084785624,0.6518989958787126,0.9886775902323405,-0.1500553983446526,0.0,0.0,0.0,102026.25,-277.5,71.125,11.450000000000031,0
2019-02-20,0.7694148268839378,0.6387494220515272,0.9829265519799822,-0.18399835165768005,0.0,0.0,0.0,102200.0,173.75,79.875,9.71250000000002,0
2019-02-21,0.7802958510707755,0.6254105729852463,0.9760105506323683,-0.21772323039653177,0.0,0.0,0.0,102398.75,198.75,76.375,8.650000000000027,0
2019-02-22,0.7909456567567772,0.6118864012687243,0.9679377830240642,-0.25119006388481935,0.0,0.0,0.0,102851.25,452.5,73.75,9.40000000000002,0
2019-02-23,0.8013610881746766,0.5981809144059165,0.9587178169872964,-0.2843591872810034,0.0,0.0,0.0,103103.75,252.5,61.875,10.437500000000014,0
2019-02-24,0.8115390590073611,0.5842981736283684,0.9483615800121715,-0.3171912885891061,0.0,0.0,0.0,102828.75,-275.0,63.5,11.187500000000021,0
2019-02-25,0.8214765533024142,0.5702422926917871,0.9368813462954315,-0.3496474552512284,0.0,0.0,0.0,103125.0,296.25,68.75,11.337500000000027,0
2019-02-26,0.8311706263658079,0.5560174366570446,0.9242907221930933,-0.3816892202666588,0.0,0.0,0.0,103152.5,27.5,74.375,10.587500000000027,0
2019-02-27,0.8406184056344782,0.5416278206559814,0.9106046300942162,-0.4132786077829042,0.0,0.0,0.0,102943.75,-208.75,68.625,11.387500000000024,0
2019-02-28,0.8498170915275278,0.5270777086423722,0.895839290734909,-0.4443781781046132,0.0,0.0,0.0,102613.75,-330.0,60.375,12.40000000000002,0
2019-03-01,0.8587639582758029,0.5123714121284237,0.8800122039735357,-0.47495107206704995,0.0,0.0,0.0,102947.5,333.75,73.0,11.737500000000018,0
2019-03-02,0.8674563547295969,0.49751328890718066,0.8631421280499114,-0.5049610547215204,0.0,0.0,0.0,102663.75,-283.75,73.125,10.900000000000027,0
2019-03-03,0.8758917051442429,0.48250774176121847,0.8452490573530633,-0.5343725582809786,0.0,0.0,0.0,102477.5,-186.25,74.5,10.90000000000002,0
2019-03-04,0.8840675099433636,0.4673592171580022,0.8263541987239096,-0.5631507242749186,0.0,0.0,0.0,101875.0,-602.5,69.375,11.312500000000021,0
2019-03-05,0.8919813464595485,0.45207220393230435,0.8064799463209448,-0.5912614448635781,0.0,0.0,0.0,101610.0,-265.0,67.125,10.800000000000018,0
2019-03-06,0.8996308696522433,0.43665123195606403,0.7856498550787147,-0.6186714032625031,0.0,0.0,0.0,101560.0,-50.0,59.125,11.637500000000031,0
2019-03-07,0.9070138128026359,0.4211008707960896,0.7638886127905428,-0.6453481132295501,1.0,0.0,1.0000000000000036,100261.25,-1298.75,71.625,13.45000000000001,0
2019-03-08,0.9141279881853337,0.40542572835999735,0.7412220108485958,-0.6712599575675313,0.0,0.0,1.0000000000000036,101250.0,988.75,61.625,10.975000000000016,0
2019-03-09,0.9209712877166346,0.38963044953078796,0.717676913675962,-0.6963762255968722,0.0,0.0,1.0000000000000036,102188.75,938.75,70.625,8.725000000000023,0
2019-03-10,0.9275416835791966,0.37371971479046906,0.6932812268869777,-0.7206671495538609,0.0,0.0,0.0,102926.25,737.5,79.5,11.52500000000002,0
2019-03-11,0.9338372288229252,0.35769823883312546,0.6680638642135335,-0.7441039398713607,0.6000000000000001,0.0,0.6000000000000036,102912.5,-13.75,88.25,12.300000000000018,0
2019-03-12,0.9398560579418954,0.3415707691678556,0.6420547132365637,-0.766658819300159,0.2,0.0,0.8000000000000036,103311.25,398.75,70.375,9.487500000000018,0
2019-03-13,0.9455963874271426,0.3253420847119801,0.6152845999633276,-0.7883050558305255,0.0,0.0,0.8000000000000036,102488.75,-822.5,61.125,10.325000000000024,1
2019-03-14,0.9510565162951535,0.30901699437494745,0.5877852522924732,-0.8090169943749473,3.6,1.0,3.8000000000000034,102613.75,125.0,83.25,8.400000000000027,1
2019-03-15,0.9562348265919056,0.29260033563334836,0.5595892624101765,-0.8287700871745038,1.2,1.0,4.800000000000003,102881.25,267.5,81.5,9.20000000000001,0
2019-03-16,0.9611297838723007,0.27609697309746883,0.5307300481619334,-0.8475409228928311,0.0,0.0,4.800000000000003,102831.25,-50.0,77.0,10.987500000000026,0
2019-03-17,0.9657399376548549,0.2595117970697999,0.5012418134457758,-0.865307254363206,0.0,0.0,1.2000000000000035,102108.75,-722.5,59.0,13.112500000000026,0
2019-03-18,0.9700639218515071,0.2428497220959356,0.4711595076738638,-0.8820480249558537,0.0,0.0,0.0,101873.75,-235.0,72.0,10.325000000000017,0
2019-03-19,0.9741004551724205,0.22611568550828828,0.440518784350495,-0.8977433935342337,0.0,0.0,0.0,102630.0,756.25,66.75,8.900000000000027,0
2019-03-20,0.9778483415056568,0.20931464596304847,0.4093559588156213,-0.9123747579707273,1.0,0.0,1.0000000000000036,102762.5,132.5,76.625,8.187500000000014,0
2019-03-21,0.9813064702716093,0.19245158197082998,0.3777079652039649,-0.9259247771938498,0.0,0.0,1.0000000000000036,103107.5,345.0,57.25,8.287500000000009,0
2019-03-22,0.9844738167520922,0.1755314904214282,0.3456123126707335,-0.9383773917408641,0.0,0.0,1.0000000000000036,102953.75,-153.75,55.125,8.837500000000034,0
2019-03-23,0.9873494423939864,0.15855938510313475,0.3131070409358269,-0.9497178427914316,0.0,0.0,0.0,102830.0,-123.75,56.375,11.000000000000014,0
2019-03-24,0.989932495087353,0.141540295217043,0.28023067519921585,-0.9599326896597447,0.0,0.0,0.0,102657.5,-172.5,55.0,13.362500000000018,0
2019-03-25,0.9922222094179323,0.12447926388678915,0.24702218048093552,-0.9690098257244062,0.0,0.0,0.0,102460.0,-197.5,55.25,13.300000000000018,0
2019-03-26,0.994217906893952,0.10738134666416309,0.21352091543979612,-0.9769384927771817,0.0,0.0,0.0,102510.0,50.0,58.75,10.83750000000002,0
2019-03-27,0.995918996147179,0.09025161003104117,0.1797665857255624,-0.9837092937736097,0.0,0.0,0.0,102760.0,250.0,48.0,9.225000000000023,0
2019-03-28,0.9973249731081555,0.07309512989807777,0.1457991969198751,-0.9893142039703663,0.0,0.0,0.0,102757.5,-2.5,48.25,10.150000000000034,0
2019-03-29,0.9984354211555643,0.055916990100603484,0.11165900712169512,-0.993746580436178,0.0,0.0,0.0,102833.75,76.25,54.5,11.000000000000014,0
2019-03-30,0.9992500112396835,0.03872228089217446,0.07738647923346301,-0.9970011699250151,0.0,0.0,0.0,102545.0,-288.75,56.0,11.800000000000026,0
2019-03-31,0.9997685019798909,0.021516097436222254,0.04302223300453059,-0.99907411510223,0.0,0.0,0.0,102145.0,-400.0,56.375,12.862500000000026,0
2019-04-01,0.9999907397361901,0.004303538296244289,0.008606996888688698,-0.9999629591162655,0.0,0.0,0.0,101686.25,-458.75,67.625,12.21250000000002,0
2019-04-02,0.9999166586547379,-0.01291029607500882,-0.02581844022713239,-0.9996666485105112,0.0,0.0,0.0,101445.0,-241.25,66.25,13.625000000000021,1
2019-04-03,0.9995462806873573,-0.030120304846908114,-0.060213277365792774,-0.9981855344718586,4.6,1.0,4.600000000000003,101433.75,-11.25,79.75,12.587500000000027,1
2019-04-04,0.9988797155850336,-0.04732138832243185,-0.09453674981719933,-0.9955213724144752,17.9,1.0,22.5,100740.0,-693.75,83.75,8.087500000000027,0
2019-04-05,0.9979171608653922,-0.06450844944931623,-0.12874817745258066,-0.99167731989929,0.0,0.0,22.5,100351.25,-388.75,67.75,7.262500000000017,0
2019-04-06,0.9966589017541702,-0.08167639533042241,-0.16280701293851646,-0.9866579328916572,0.0,0.0,17.9,99890.0,-461.25,60.75,10.887500000000017,1
2019-04-07,0.9951053111006976,-0.09882013873287143,-0.19667288979357622,-0.9804691603616321,10.4,1.0,10.4,99971.25,81.25,85.375,8.075000000000031,0
2019-04-08,0.9932568492674143,-0.11593459959550041,-0.23030567023061196,-0.973118337233262,0.0,0.0,10.4,100837.5,866.25,78.625,8.987500000000018,1
2019-04-09,0.9911140639934547,-0.1330147065341959,-0.2636654927280072,-0.9646141756912435,1.2000000000000002,1.0,11.600000000000001,101176.25,338.75,80.875,10.200000000000031,1
2019-04-10,0.9886775902323405,-0.1500553983446526,-0.2967128192734901,-0.9549667548552553,3.8,1.0,5.0,101021.25,-155.0,71.25,12.412500000000023,1
2019-04-15,0.9721181966290613,-0.23449138957040985,-0.455906693508459,-0.8900275764346766,0.0,0.0,0.0,101733.75,-178.75,59.5,10.28750000000003,0
2019-04-16,0.9679377830240642,-0.25119006388481935,-0.4862727071086902,-0.8738071036110807,0.0,0.0,0.0,101492.5,-241.25,59.75,11.350000000000016,1
2019-04-17,0.9634705485641488,-0.2678143051621742,-0.5160623910158526,-0.8565509959010037,5.0,1.0,5.0,101927.5,435.0,76.5,13.200000000000024,0
2019-04-18,0.9587178169872964,-0.2843591872810034,-0.5452404385406507,-0.8382797052177745,0.0,0.0,5.0,101577.5,-350.0,72.75,13.350000000000023,0
2019-04-19,0.9536809966304457,-0.30081980763566735,-0.5737722679043243,-0.8190148866680802,0.0,0.0,5.0,101545.0,-32.5,61.75,15.075000000000024,0
2019-04-20,0.9483615800121715,-0.3171912885891061,-0.6016240632249227,-0.7987793728863648,0.0,0.0,0.0,102100.0,555.0,44.125,17.18750000000002,0
2019-04-21,0.9427611433904207,-0.3334687789181868,-0.6287628145958345,-0.7775971469736268,0.0,0.0,0.0,102222.5,122.5,44.625,16.025000000000027,0
2019-04-22,0.9368813462954315,-0.3496474552512284,-0.655156357209085,-0.7554933140726804,1.0,0.0,1.0,101605.0,-617.5,70.75,13.712500000000027,0
2019-04-23,0.9307239310379795,-0.36572252349726897,-0.6807734094770159,-0.7324940716135792,0.0,0.0,1.0,100340.0,-1265.0,60.25,15.27500000000002,0
2019-04-24,0.9242907221930933,-0.3816892202666588,-0.7055836101071774,-0.70862667826446,1.0,0.0,2.0,99591.25,-748.75,75.875,15.125000000000028,1
2019-04-25,0.9175836260593937,-0.39754281428255595,-0.7295575540864876,-0.6839194216246105,8.4,1.0,9.4,100081.25,490.0,66.0,14.737500000000026,1
2019-04-26,0.9106046300942162,-0.4132786077829042,-0.7526668275320083,-0.6584015846980489,9.8,1.0,19.200000000000003,100621.25,540.0,69.25,13.47500000000003,1
2019-04-27,0.9033558023246845,-0.4288919379124835,-0.7748840413670406,-0.6321034111873488,2.8,1.0,21.0,102046.25,1425.0,80.5,11.000000000000021,0
2019-04-28,0.895839290734909,-0.4443781781046132,-0.7961828637826154,-0.6050560696488494,0.7999999999999999,0.0,13.4,102681.25,635.0,75.25,12.062500000000021,0
2019-04-29,0.8880573226294932,-0.45973273945210397,-0.8165380514459157,-0.5772916165517278,0.0,0.0,3.5999999999999996,102626.25,-55.0,66.375,12.175000000000018,0
2019-04-30,0.8800122039735357,-0.47495107206704995,-0.8359254794186365,-0.5488429582847199,0.0,0.0,0.7999999999999999,102156.25,-470.0,63.5,13.662500000000016,0
2019-05-01,0.8717063187093218,-0.4900286664290592,-0.8543221697498269,-0.5197438121555157,0.0,0.0,0.0,101892.5,-263.75,54.125,13.787500000000023,0
2019-05-02,0.8631421280499114,-0.5049610547215204,-0.8717063187093217,-0.4900286664290594,0.0,0.0,0.0,101530.0,-362.5,62.5,15.062500000000036,1
2019-05-03,0.854322169749827,-0.5197438121555155,-0.888057322629493,-0.4597327394521046,1.2,1.0,1.2,101711.25,181.25,67.125,15.27500000000002,1
2019-05-04,0.8452490573530633,-0.5343725582809786,-0.9033558023246842,-0.4288919379124841,2.0,1.0,3.2,101503.75,-207.5,76.875,11.375000000000014,1
2019-05-05,0.8359254794186372,-0.548842958284719,-0.9175836260593934,-0.3975428142825566,4.0,1.0,7.2,101473.75,-30.0,78.625,11.437500000000028,0
2019-05-06,0.8263541987239096,-0.5631507242749186,-0.9307239310379793,-0.3657225234972692,0.0,0.0,6.0,102217.5,743.75,65.5,8.01250000000001,0
2019-05-07,0.8165380514459161,-0.5772916165517272,-0.9427611433904206,-0.33346877891818705,0.0,0.0,4.0,102117.5,-100.0,52.875,10.66250000000003,0
2019-05-08,0.8064799463209448,-0.5912614448635781,-0.9536809966304455,-0.300819807635668,0.0,0.0,0.0,101526.25,-591.25,59.0,13.487500000000018,1
2019-05-09,0.7961828637826158,-0.6050560696488488,-0.9634705485641486,-0.26781430516217486,3.1999999999999997,1.0,3.1999999999999997,100803.75,-722.5,81.75,14.650000000000027,0
2019-05-10,0.7856498550787147,-0.6186714032625031,-0.9721181966290612,-0.23449138957041052,0.4,0.0,3.5999999999999996,101122.5,318.75,65.5,15.250000000000028,0
2019-05-11,0.7748840413670407,-0.6321034111873487,-0.9796136916454901,-0.20089055513063528,0.8,0.0,4.3999999999999995,101223.75,101.25,73.375,18.05000000000002,1
2019-05-12,0.7638886127905428,-0.6453481132295501,-0.9859481499638303,-0.1670516255021195,1.8,1.0,3.0,102228.75,1005.0,71.625,15.612500000000018,1
2019-05-13,0.7526668275320085,-0.6584015846980488,-0.9911140639934546,-0.13301470653419636,2.2,1.0,4.800000000000001,102872.5,643.75,63.375,14.47500000000003,0
2019-05-14,0.7412220108485958,-0.6712599575675313,-0.9951053111006974,-0.09882013873287211,0.0,0.0,4.0,102576.25,-296.25,46.5,14.712500000000027,0
2019-05-15,0.7295575540864875,-0.6839194216246106,-0.9979171608653922,-0.06450844944931625,0.0,0.0,2.2,101943.75,-632.5,45.875,16.175000000000033,0
2019-05-16,0.717676913675962,-0.6963762255968722,-0.9995462806873573,-0.03012030484690836,0.0,0.0,0.0,101481.25,-462.5,38.875,16.625000000000014,0
2019-05-17,0.705583610107178,-0.7086266782644596,-0.9999907397361901,0.004303538296243821,0.0,0.0,0.0,100957.5,-523.75,48.0,16.58750000000002,1
2019-05-18,0.6932812268869777,-0.7206671495538609,-0.9992500112396835,0.03872228089217399,23.5,1.0,23.5,100473.75,-483.75,90.625,12.387500000000017,0
2019-05-19,0.6807734094770161,-0.7324940716135789,-0.9973249731081555,0.07309512989807776,0.6000000000000001,0.0,24.1,100912.5,438.75,76.375,12.437500000000021,0
2019-05-20,0.6680638642135335,-0.7441039398713607,-0.994217906893952,0.10738134666416306,0.8,0.0,24.9,101102.5,190.0,79.75,12.050000000000026,0
2019-05-21,0.6551563572090853,-0.7554933140726803,-0.989932495087353,0.141540295217043,0.0,0.0,1.4000000000000001,101442.5,340.0,70.875,14.725000000000023,0
2019-05-22,0.6420547132365637,-0.766658819300159,-0.9844738167520923,0.17553149042142777,0.0,0.0,0.8,101776.25,333.75,73.5,14.887500000000024,0
2019-05-23,0.6287628145958344,-0.7775971469736269,-0.9778483415056567,0.20931464596304888,0.0,0.0,0.0,101858.75,82.5,61.25,17.92500000000002,0
2019-05-24,0.6152845999633276,-0.7883050558305255,-0.970063921851507,0.2428497220959358,0.0,0.0,0.0,101663.75,-195.0,59.625,19.25000000000003,1
2019-05-25,0.6016240632249226,-0.7987793728863649,-0.9611297838723007,0.27609697309746883,13.3,1.0,13.3,101770.0,106.25,90.375,15.412500000000023,1
2019-05-26,0.5877852522924732,-0.8090169943749473,-0.9510565162951536,0.30901699437494723,6.3999999999999995,1.0,19.7,101960.0,190.0,78.5,16.275000000000027,0
2019-05-27,0.5737722679043246,-0.8190148866680801,-0.9398560579418953,0.341570769167856,0.8,0.0,20.5,102031.25,71.25,78.0,15.425000000000026,0
2019-05-28,0.5595892624101765,-0.8287700871745038,-0.9275416835791965,0.3737197147904692,0.0,0.0,7.199999999999999,101632.5,-398.75,80.125,15.387500000000024,1
2019-05-29,0.545240438540651,-0.8382797052177744,-0.9141279881853337,0.4054257283599973,5.4,1.0,6.2,101836.25,203.75,86.625,12.90000000000002,0
2019-05-30,0.5307300481619334,-0.8475409228928311,-0.8996308696522434,0.4366512319560638,0.0,0.0,5.4,102443.75,607.5,71.375,14.77500000000002,0
2019-05-31,0.5160623910158528,-0.8565509959010036,-0.8840675099433637,0.46735921715800205,0.0,0.0,5.4,102700.0,256.25,67.5,17.012500000000024,0
2019-06-01,0.5012418134457758,-0.865307254363206,-0.8674563547295971,0.4975132889071803,0.0,0.0,0.0,102360.0,-340.0,62.625,20.11250000000002,0
2019-06-02,0.48627270710868997,-0.8738071036110808,-0.8498170915275277,0.5270777086423724,0.0,0.0,0.0,101938.75,-421.25,54.375,22.03750000000003,0
2019-06-03,0.4711595076738638,-0.8820480249558537,-0.8311706263658079,0.5560174366570446,0.0,0.0,0.0,101630.0,-308.75,48.875,22.912500000000023,0
2019-06-04,0.4559066935084588,-0.8900275764346767,-0.8115390590073611,0.5842981736283683,0.0,0.0,0.0,101543.75,-86.25,62.75,21.43750000000003,1
2019-06-05,0.440518784350495,-0.8977433935342337,-0.7909456567567774,0.6118864012687242,4.1,1.0,4.1,100825.0,-718.75,62.5,22.22500000000003,1
2019-06-06,0.42500033996955416,-0.9051931898913974,-0.7694148268839381,0.6387494220515268,8.7,1.0,12.799999999999999,101130.0,305.0,90.25,13.312500000000028,0
2019-06-07,0.4093559588156213,-0.9123747579707273,-0.7469720876965551,0.6648553979642866,0.0,0.0,12.799999999999999,101226.25,96.25,71.75,16.22500000000003,0
2019-06-08,0.39359027665646673,-0.9192859697186104,-0.7236440382959124,0.690173388242972,0.6,0.0,9.299999999999999,101290.0,63.75,55.625,17.350000000000023,0
2019-06-09,0.3777079652039649,-0.9259247771938498,-0.6994583270516471,0.7146733860429608,0.0,0.0,0.6,102371.25,1081.25,53.75,17.350000000000023,0
2019-06-10,0.36171373072976765,-0.9322892131745133,-0.6744436188329457,0.7383263540031063,0.0,0.0,0.6,101641.25,-730.0,59.125,19.03750000000003,1
2019-06-11,0.3456123126707335,-0.9383773917408641,-0.6486295610349818,0.7611042586607742,3.6,1.0,3.6,101782.5,141.25,77.875,14.887500000000017,1
2019-06-12,0.3294084822245304,-0.9441875088341993,-0.622046748440868,0.7829801036770624,4.6,1.0,8.2,101453.75,-328.75,73.375,13.362500000000026,0
2019-06-13,0.3131070409358269,-0.9497178427914316,-0.594726686960764,0.8039279618328208,0.0,0.0,8.2,101450.0,-3.75,63.25,15.000000000000028,0
2019-06-14,0.29671281927349075,-0.9549667548552551,-0.5667017562911184,0.8239230057575536,0.0,0.0,4.6,101148.75,-301.25,51.375,19.300000000000026,1
2019-06-15,0.28023067519921585,-0.9599326896597447,-0.5380051715382992,0.8429415373547832,3.2,1.0,3.2,101317.5,168.75,78.5,16.262500000000017,0
2019-06-16,0.26366549272800704,-0.9646141756912435,-0.5086709438521042,0.8609610158889945,0.4,0.0,3.6,101960.0,642.5,78.375,16.337500000000027,0
2019-06-17,0.24702218048093552,-0.9690098257244062,-0.4787338401157883,0.8779600847008883,0.0,0.0,3.6,102077.5,117.5,63.5,18.71250000000002,0
2019-06-18,0.23030567023061221,-0.9731183372332619,-0.4482293417404106,0.893918596519257,0.0,0.0,0.4,101567.5,-510.0,51.75,22.70000000000003,0
2019-06-19,0.21352091543979612,-0.9769384927771817,-0.41719360261231697,0.9088176373395028,0.0,0.0,0.0,101056.25,-511.25,44.875,25.37500000000003,0
2019-06-20,0.19667288979357647,-0.980469160361632,-0.38566340624360745,0.9226395488404875,0.0,0.0,0.0,101217.5,161.25,63.25,22.612500000000026,1
2019-06-21,0.1797665857255624,-0.9837092937736097,-0.3536761221763721,0.935367949313148,5.3,1.0,5.3,101631.25,413.75,79.0,19.38750000000004,1
2019-06-22,0.16280701293851715,-0.986657932891657,-0.32126966169236515,0.9469877530760751,9.1,1.0,14.399999999999999,101777.5,146.25,90.75,16.950000000000024,0
2019-06-23,0.1457991969198751,-0.9893142039703663,-0.2884824328806098,0.9574851883550389,0.0,0.0,14.4,101713.75,-63.75,69.875,19.700000000000017,0
2019-06-24,0.12874817745258132,-0.99167731989929,-0.2553532951161881,0.9668478136052773,0.0,0.0,9.100000000000001,101245.0,-468.75,57.625,24.050000000000033,0
2019-06-25,0.11165900712169512,-0.993746580436178,-0.22192151300416674,0.9750645322571945,0.0,0.0,0.0,101283.75,38.75,54.75,24.600000000000023,0
2019-06-26,0.09453674981719912,-0.9955213724144752,-0.1882267098432439,0.9821256058680006,0.0,0.0,0.0,101603.75,320.0,55.375,25.600000000000023,0
2019-06-27,0.07738647923346301,-0.9970011699250151,-0.154308820664281,0.9880226656636976,0.0,0.0,0.0,101605.0,1.25,37.125,29.725000000000016,0
2019-06-28,0.06021327736579302,-0.9981855344718586,-0.12020804489935275,0.9927487224577402,0.0,0.0,0.0,101687.5,82.5,35.25,31.86250000000001,0
2019-06-29,0.04302223300453059,-0.99907411510223,-0.0859647987374467,0.9962981749346077,0.0,0.0,0.0,101707.5,20.0,57.875,26.55000000000002,0
2019-06-30,0.02581844022713308,-0.9996666485105112,-0.05161966722325418,0.9986668162884759,0.0,0.0,0.0,101415.0,-292.5,59.5,30.012500000000024,0
2019-07-01,0.008606996888688698,-0.9999629591162655,-0.01721335615583528,0.9998518392091162,0.0,0.0,0.0,101758.75,343.75,69.75,24.87500000000002,0
2019-07-06,-0.07738647923346322,-0.9970011699250151,0.15430882066428142,0.9880226656636976,0.0,0.0,0.0,101367.5,-136.25,46.375,29.150000000000027,0
2019-07-07,-0.09453674981719933,-0.9955213724144752,0.1882267098432443,0.9821256058680006,0.0,0.0,0.0,101223.75,-143.75,59.125,28.050000000000026,0
2019-07-08,-0.11165900712169444,-0.9937465804361781,0.2219215130041654,0.9750645322571948,0.0,0.0,0.0,101393.75,170.0,57.0,25.950000000000024,0
2019-07-09,-0.12874817745258066,-0.99167731989929,0.25535329511618676,0.9668478136052776,0.0,0.0,0.0,101297.5,-96.25,63.75,25.200000000000017,1
2019-07-10,-0.14579919691987442,-0.9893142039703664,0.28848243288060854,0.9574851883550394,2.6,1.0,2.6,101428.75,131.25,80.375,20.887500000000017,0
2019-07-11,-0.16280701293851646,-0.9866579328916572,0.3212696616923639,0.9469877530760755,0.0,0.0,2.6,101632.5,203.75,59.375,23.462500000000027,0
2019-07-12,-0.17976658572556214,-0.9837092937736098,0.3536761221763716,0.9353679493131483,0.0,0.0,2.6,101488.75,-143.75,54.625,25.43750000000002,0
2019-07-13,-0.19667288979357622,-0.9804691603616321,0.38566340624360695,0.9226395488404876,0.0,0.0,0.0,101673.75,185.0,44.75,25.67500000000001,0
2019-07-14,-0.2135209154397959,-0.9769384927771817,0.4171936026123165,0.908817637339503,0.0,0.0,0.0,101626.25,-47.5,54.375,25.61250000000002,0
2019-07-15,-0.23030567023061196,-0.973118337233262,0.4482293417404102,0.8939185965192572,0.0,0.0,0.0,101280.0,-346.25,44.125,25.350000000000016,0
2019-07-16,-0.24702218048093527,-0.9690098257244063,0.47873384011578785,0.8779600847008885,0.0,0.0,0.0,101480.0,200.0,40.125,23.92500000000002,0
2019-07-17,-0.2636654927280072,-0.9646141756912435,0.5086709438521045,0.8609610158889943,0.0,0.0,0.0,101603.75,123.75,42.125,24.412500000000023,0
2019-07-18,-0.2802306751992161,-0.9599326896597445,0.5380051715382995,0.8429415373547829,0.0,0.0,0.0,101507.5,-96.25,50.75,24.812500000000014,0
2019-07-19,-0.2967128192734901,-0.9549667548552553,0.5667017562911173,0.8239230057575544,0.0,0.0,0.0,101755.0,247.5,54.0,22.662500000000023,0
2019-07-20,-0.3131070409358267,-0.9497178427914317,0.5947266869607636,0.8039279618328211,0.0,0.0,0.0,101573.75,-181.25,51.875,24.812500000000014,0
2019-07-21,-0.3294084822245302,-0.9441875088341994,0.6220467484408676,0.7829801036770627,0.0,0.0,0.0,101526.25,-47.5,68.5,24.762500000000024,0
2019-07-22,-0.3456123126707333,-0.9383773917408642,0.6486295610349815,0.7611042586607746,1.0,0.0,1.0,102038.75,512.5,65.75,26.06250000000002,0
2019-07-23,-0.3617137307297674,-0.9322892131745134,0.6744436188329453,0.7383263540031066,0.0,0.0,1.0,101962.5,-76.25,50.625,30.08750000000002,0
2019-07-24,-0.37770796520396466,-0.9259247771938499,0.6994583270516468,0.7146733860429613,0.4,0.0,1.4,101512.5,-450.0,44.75,31.037500000000023,0
2019-07-25,-0.39359027665646645,-0.9192859697186105,0.723644038295912,0.6901733882429724,0.0,0.0,0.4,101411.25,-101.25,46.125,30.162500000000023,0
2019-07-26,-0.4093559588156211,-0.9123747579707274,0.7469720876965548,0.664855397964287,0.0,0.0,0.4,101118.75,-292.5,47.125,29.37500000000002,1
2019-07-27,-0.42500033996955394,-0.9051931898913975,0.7694148268839378,0.6387494220515272,2.8,1.0,2.8,101240.0,121.25,72.5,23.63750000000003,1
2019-07-28,-0.4405187843504952,-0.8977433935342336,0.7909456567567776,0.6118864012687238,21.8,1.0,24.6,100851.25,-388.75,92.625,18.62500000000002,0
2019-07-29,-0.455906693508459,-0.8900275764346766,0.8115390590073613,0.5842981736283681,0.0,0.0,24.6,101173.75,322.5,63.75,20.550000000000033,0
2019-07-30,-0.47115950767386394,-0.8820480249558535,0.8311706263658081,0.5560174366570443,0.0,0.0,21.8,101088.75,-85.0,54.375,23.43750000000003,0
2019-07-31,-0.4862727071086902,-0.8738071036110807,0.8498170915275279,0.527077708642372,0.0,0.0,0.0,101880.0,791.25,62.625,20.62500000000003,0
2019-08-01,-0.5012418134457756,-0.8653072543632061,0.8674563547295968,0.49751328890718066,0.0,0.0,0.0,101975.0,95.0,55.0,20.62500000000002,0
2019-08-02,-0.5160623910158526,-0.8565509959010037,0.8840675099433635,0.46735921715800244,0.0,0.0,0.0,101596.25,-378.75,60.625,20.887500000000024,0
2019-08-03,-0.5307300481619331,-0.8475409228928312,0.8996308696522431,0.43665123195606426,0.8,0.0,0.8,101690.0,93.75,63.5,23.450000000000017,0
2019-08-04,-0.5452404385406507,-0.8382797052177745,0.9141279881853336,0.40542572835999774,0.0,0.0,0.8,101468.75,-221.25,51.375,25.47500000000003,0
2019-08-05,-0.5595892624101763,-0.828770087174504,0.9275416835791963,0.37371971479046967,0.0,0.0,0.8,101382.5,-86.25,53.25,26.300000000000026,0
2019-08-06,-0.5737722679043243,-0.8190148866680802,0.9398560579418951,0.34157076916785645,0.0,0.0,0.0,101525.0,142.5,61.0,25.02500000000002,0
2019-08-07,-0.5877852522924734,-0.8090169943749472,0.9510565162951538,0.30901699437494684,0.0,0.0,0.0,101246.25,-278.75,62.25,25.825000000000024,1
2019-08-08,-0.6016240632249227,-0.7987793728863648,0.9611297838723009,0.27609697309746845,2.6,1.0,2.6,101205.0,-41.25,64.375,24.400000000000027,0
2019-08-09,-0.6152845999633277,-0.7883050558305253,0.9700639218515071,0.24284972209593542,0.0,0.0,2.6,101053.75,-151.25,53.25,28.30000000000001,1
2019-08-10,-0.6287628145958345,-0.7775971469736268,0.9778483415056568,0.2093146459630485,12.4,1.0,15.0,100990.0,-63.75,63.875,28.287500000000023,1
2019-08-11,-0.6420547132365636,-0.7666588193001592,0.9844738167520922,0.17553149042142824,21.7,1.0,34.1,101898.75,908.75,69.0,22.800000000000026,0
2019-08-12,-0.655156357209085,-0.7554933140726804,0.989932495087353,0.14154029521704348,0.6,0.0,34.699999999999996,101712.5,-186.25,72.125,20.50000000000002,0
2019-08-13,-0.6680638642135333,-0.7441039398713608,0.9942179068939518,0.10738134666416355,0.6,0.0,22.9,102046.25,333.75,75.125,18.81250000000003,0
2019-08-18,-0.7295575540864876,-0.6839194216246105,0.9979171608653922,-0.06450844944931665,0.0,0.0,0.0,101481.25,-345.0,58.125,24.087500000000027,0
2019-08-19,-0.7412220108485957,-0.6712599575675315,0.9951053111006976,-0.09882013873287163,0.0,0.0,0.0,101138.75,-342.5,68.25,25.93750000000002,0
2019-08-20,-0.7526668275320083,-0.6584015846980489,0.9911140639934547,-0.13301470653419586,0.0,0.0,0.0,102001.25,862.5,61.375,20.31250000000002,1
2019-08-25,-0.8064799463209447,-0.5912614448635782,0.9536809966304456,-0.3008198076356675,0.0,0.0,0.0,101711.25,-233.75,54.375,25.91250000000003,0
2019-08-26,-0.8165380514459157,-0.5772916165517278,0.942761143390421,-0.33346877891818577,0.0,0.0,0.0,101773.75,62.5,64.75,24.575000000000017,0
2019-08-27,-0.8263541987239094,-0.5631507242749187,0.9307239310379796,-0.36572252349726875,0.0,0.0,0.0,101503.75,-270.0,58.75,25.650000000000034,1
2019-08-28,-0.8359254794186365,-0.5488429582847199,0.9175836260593944,-0.3975428142825545,2.4,1.0,2.3999999999999964,101577.5,73.75,76.0,23.262500000000017,0
2019-08-29,-0.8452490573530634,-0.5343725582809785,0.903355802324684,-0.4288919379124845,0.0,0.0,2.3999999999999964,101750.0,172.5,76.125,23.062500000000014,0
2019-08-30,-0.8543221697498269,-0.5197438121555157,0.8880573226294932,-0.45973273945210413,0.0,0.0,2.3999999999999964,101953.75,203.75,66.875,24.787500000000023,0
2019-08-31,-0.8631421280499115,-0.5049610547215202,0.8717063187093216,-0.4900286664290598,0.0,0.0,0.0,101903.75,-50.0,58.5,26.43750000000003,0
2019-09-05,-0.9033558023246842,-0.4288919379124841,0.7748840413670415,-0.6321034111873478,0.0,0.0,0.0,102041.25,-272.5,53.625,20.48750000000002,1
2019-09-06,-0.9106046300942162,-0.41327860778290443,0.7526668275320086,-0.6584015846980485,2.0,1.0,1.9999999999999964,102372.5,331.25,65.375,17.987500000000026,0
2019-09-07,-0.9175836260593934,-0.3975428142825566,0.7295575540864886,-0.6839194216246094,0.0,0.0,1.9999999999999964,102423.75,51.25,51.625,17.325000000000017,0
2019-09-08,-0.9242907221930934,-0.3816892202666586,0.7055836101071772,-0.7086266782644604,0.0,0.0,1.9999999999999964,102287.5,-136.25,54.875,17.65000000000002,0
2019-09-09,-0.9307239310379793,-0.3657225234972692,0.6807734094770164,-0.7324940716135787,0.0,0.0,0.0,102016.25,-271.25,57.875,18.550000000000026,0
2019-09-10,-0.9368813462954315,-0.34964745525122826,0.6551563572090847,-0.7554933140726807,0.0,0.0,0.0,101661.25,-355.0,53.125,17.06250000000002,1
2019-09-11,-0.9427611433904206,-0.33346877891818705,0.6287628145958348,-0.7775971469736266,5.3999999999999995,1.0,5.399999999999996,101573.75,-87.5,81.625,15.012500000000024,0
2019-09-12,-0.9483615800121716,-0.31719128858910595,0.6016240632249223,-0.798779372886365,0.0,0.0,5.399999999999996,102472.5,898.75,61.875,18.262500000000024,0
2019-09-13,-0.9536809966304455,-0.300819807635668,0.5737722679043255,-0.8190148866680794,0.0,0.0,5.399999999999996,102986.25,513.75,56.25,19.537500000000023,0
2019-09-14,-0.9587178169872964,-0.2843591872810036,0.5452404385406511,-0.8382797052177742,0.0,0.0,0.0,102780.0,-206.25,56.125,21.48750000000001,0
2019-09-15,-0.9634705485641486,-0.26781430516217486,0.5160623910158538,-0.8565509959010029,0.2,0.0,0.19999999999999646,102490.0,-290.0,52.875,23.18750000000002,0
2019-09-16,-0.9679377830240642,-0.25119006388481957,0.4862727071086906,-0.8738071036110805,0.0,0.0,0.19999999999999646,102170.0,-320.0,49.875,23.300000000000026,0
2019-09-17,-0.9721181966290612,-0.23449138957041052,0.45590669350846025,-0.8900275764346759,0.0,0.0,0.19999999999999646,101912.5,-257.5,52.625,23.700000000000017,0
2019-09-18,-0.9760105506323682,-0.21772323039653224,0.4250003399695548,-0.9051931898913971,0.0,0.0,0.0,101612.5,-300.0,58.75,24.950000000000024,0
2019-09-19,-0.9796136916454901,-0.20089055513063528,0.39359027665646695,-0.9192859697186104,0.0,0.0,0.0,101526.25,-86.25,63.75,24.400000000000034,0
2019-09-20,-0.9829265519799822,-0.18399835165767986,0.36171373072976704,-0.9322892131745135,0.0,0.0,0.0,101776.25,250.0,64.125,22.150000000000013,0
2019-09-21,-0.9859481499638303,-0.1670516255021195,0.3294084822245307,-0.9441875088341992,0.0,0.0,0.0,101672.5,-103.75,63.125,22.100000000000016,0
2019-09-22,-0.9886775902323404,-0.15005539834465262,0.29671281927349014,-0.9549667548552553,0.0,0.0,0.0,101160.0,-512.5,73.375,21.787500000000023,1
2019-09-23,-0.9911140639934546,-0.13301470653419636,0.26366549272800816,-0.9646141756912432,1.8,1.0,1.7999999999999965,101295.0,135.0,84.5,18.262500000000024,0
2019-09-24,-0.9932568492674143,-0.11593459959550066,0.23030567023061246,-0.9731183372332619,0.4,0.0,2.1999999999999966,101885.0,590.0,73.625,17.71250000000002,0
2019-09-25,-0.9951053111006974,-0.09882013873287211,0.19667288979357758,-0.9804691603616318,0.0,0.0,2.1999999999999966,101518.75,-366.25,65.625,19.587500000000027,1
2019-09-26,-0.99665890175417,-0.08167639533042288,0.16280701293851738,-0.9866579328916569,3.2,1.0,3.599999999999997,101742.5,223.75,78.375,17.65000000000002,0
2019-09-27,-0.9979171608653922,-0.06450844944931625,0.1287481774525807,-0.99167731989929,0.0,0.0,3.199999999999997,101886.25,143.75,64.625,20.31250000000002,0
2019-09-28,-0.9988797155850335,-0.04732138832243232,0.09453674981720026,-0.9955213724144751,0.2,0.0,3.3999999999999972,101932.5,46.25,72.25,18.887500000000017,0
2019-09-29,-0.9995462806873573,-0.03012030484690836,0.060213277365793266,-0.9981855344718586,0.0,0.0,0.1999999999999969,102096.25,163.75,65.125,19.450000000000024,0
2019-09-30,-0.9999166586547379,-0.012910296075008843,0.02581844022713244,-0.9996666485105112,0.0,0.0,0.1999999999999969,101600.0,-496.25,61.375,20.68750000000003,0
2019-10-01,-0.9999907397361901,0.004303538296243821,-0.008606996888687764,-0.9999629591162655,0.0,0.0,0.0,101708.75,108.75,69.0,21.462500000000027,0
2019-10-02,-0.9997685019798909,0.021516097436222233,-0.04302223300453054,-0.99907411510223,0.0,0.0,0.0,101205.0,-503.75,69.875,19.962500000000027,0
2019-10-03,-0.9992500112396835,0.03872228089217399,-0.07738647923346208,-0.9970011699250152,0.2,0.0,0.1999999999999969,101652.5,447.5,70.75,17.98750000000001,0
2019-10-04,-0.9984354211555643,0.05591699010060302,-0.11165900712169419,-0.9937465804361781,0.4,0.0,0.599999999999997,101942.5,290.0,71.25,16.587500000000027,0
2019-10-05,-0.9973249731081555,0.07309512989807776,-0.14579919691987506,-0.9893142039703663,0.8,0.0,1.399999999999997,101783.75,-158.75,79.5,15.675000000000026,0
2019-10-06,-0.9959189961471792,0.0902516100310407,-0.17976658572556148,-0.9837092937736099,0.0,0.0,1.199999999999997,101867.5,83.75,72.5,16.97500000000003,0
2019-10-07,-0.994217906893952,0.10738134666416306,-0.2135209154397961,-0.9769384927771817,0.0,0.0,0.7999999999999969,101973.75,106.25,66.875,17.787500000000023,0
2019-10-08,-0.9922222094179324,0.12447926388678869,-0.2470221804809346,-0.9690098257244064,0.0,0.0,0.0,102152.5,178.75,63.625,16.13750000000003,0
2019-10-09,-0.989932495087353,0.141540295217043,-0.28023067519921585,-0.9599326896597447,0.0,0.0,0.0,101815.0,-337.5,52.625,19.35000000000001,1
2019-10-10,-0.9873494423939864,0.15855938510313475,-0.31310704093582686,-0.9497178427914317,2.0,1.0,1.999999999999997,102046.25,231.25,82.125,16.012500000000024,0
2019-10-11,-0.9844738167520923,0.17553149042142777,-0.3456123126707326,-0.9383773917408644,0.0,0.0,1.999999999999997,102317.5,271.25,71.875,15.762500000000024,0
2019-10-12,-0.9813064702716093,0.19245158197082995,-0.3777079652039649,-0.9259247771938498,0.0,0.0,1.999999999999997,101932.5,-385.0,71.0,16.125000000000014,0
2019-10-13,-0.9778483415056567,0.20931464596304888,-0.4093559588156221,-0.912374757970727,0.0,0.0,0.0,101536.25,-396.25,77.125,20.56250000000003,0
2019-10-14,-0.9741004551724206,0.22611568550828803,-0.4405187843504946,-0.8977433935342339,0.0,0.0,0.0,101381.25,-155.0,75.25,21.262500000000024,1
2019-10-15,-0.970063921851507,0.2428497220959358,-0.47115950767386416,-0.8820480249558535,2.2,1.0,2.199999999999997,100968.75,-412.5,78.5,20.075000000000024,1
2019-10-16,-0.965739937654855,0.25951179706979943,-0.5012418134457749,-0.8653072543632064,3.0,1.0,5.1999999999999975,101625.0,656.25,72.125,14.300000000000026,0
2019-10-17,-0.9611297838723007,0.27609697309746883,-0.5307300481619333,-0.8475409228928311,0.0,0.0,5.1999999999999975,101658.75,33.75,70.75,13.962500000000027,0
2019-10-18,-0.9562348265919058,0.2926003356333479,-0.5595892624101757,-0.8287700871745043,0.0,0.0,2.999999999999997,101530.0,-128.75,75.5,15.925000000000033,0
2019-10-19,-0.9510565162951536,0.30901699437494723,-0.5877852522924728,-0.8090169943749477,0.2,0.0,0.1999999999999969,101450.0,-80.0,83.25,14.750000000000021,0
2019-10-20,-0.9455963874271428,0.3253420847119795,-0.6152845999633265,-0.7883050558305263,0.0,0.0,0.1999999999999969,100670.0,-780.0,77.875,16.75000000000003,1
2019-10-21,-0.9398560579418953,0.341570769167856,-0.6420547132365644,-0.7666588193001584,3.8,1.0,3.999999999999997,100566.25,-103.75,81.875,15.675000000000018,0
2019-10-22,-0.9338372288229252,0.35769823883312546,-0.6680638642135334,-0.7441039398713607,0.0,0.0,3.7999999999999967,101892.5,1326.25,77.75,12.612500000000033,1
2019-10-23,-0.9275416835791965,0.3737197147904692,-0.6932812268869779,-0.7206671495538607,7.0,1.0,10.799999999999997,101713.75,-178.75,92.375,10.637500000000024,1
2019-10-24,-0.9209712877166347,0.38963044953078774,-0.7176769136759616,-0.6963762255968725,36.0,1.0,43.0,100626.25,-1087.5,86.125,14.587500000000034,0
2019-10-25,-0.9141279881853337,0.4054257283599973,-0.7412220108485958,-0.6712599575675313,0.2,0.0,43.2,101510.0,883.75,86.0,13.950000000000024,0
2019-10-26,-0.9070138128026362,0.42110087079608916,-0.7638886127905421,-0.6453481132295509,0.0,0.0,36.2,102322.5,812.5,81.25,14.500000000000028,0
2019-10-27,-0.8996308696522434,0.4366512319560638,-0.7856498550787143,-0.6186714032625035,0.0,0.0,0.2,101977.5,-345.0,79.375,15.262500000000017,0
2019-10-28,-0.8919813464595487,0.45207220393230374,-0.806479946320944,-0.5912614448635792,0.2,0.0,0.2,101961.25,-16.25,80.875,17.50000000000002,0
2019-10-29,-0.8840675099433637,0.46735921715800205,-0.8263541987239093,-0.563150724274919,0.2,0.0,0.4,101673.75,-287.5,87.875,16.31250000000003,0
2019-10-30,-0.8758917051442433,0.48250774176121763,-0.8452490573530623,-0.5343725582809802,0.2,0.0,0.6000000000000001,101647.5,-26.25,78.625,16.225000000000023,0
2019-10-31,-0.8674563547295971,0.4975132889071803,-0.863142128049911,-0.5049610547215212,0.0,0.0,0.4,101993.75,346.25,84.125,15.925000000000018,1
2019-11-01,-0.858763958275803,0.5123714121284235,-0.8800122039735355,-0.4749510720670504,7.2,1.0,7.4,102035.0,41.25,88.625,15.637500000000024,1
2019-11-02,-0.8498170915275277,0.5270777086423724,-0.8958392907349091,-0.44437817810461283,9.700000000000001,1.0,16.900000000000002,101522.5,-512.5,96.625,13.862500000000018,1
2019-11-03,-0.8406184056344783,0.5416278206559811,-0.9106046300942161,-0.41327860778290465,13.8,1.0,30.700000000000003,100545.0,-977.5,95.625,14.687500000000021,1
2019-11-04,-0.8311706263658079,0.5560174366570446,-0.9242907221930933,-0.3816892202666588,9.1,1.0,32.6,99866.25,-678.75,87.625,12.412500000000023,1
2019-11-09,-0.780295851070776,0.6254105729852457,-0.976010550632368,-0.21772323039653332,6.0,1.0,13.599999999999998,100781.25,-33.75,85.75,7.16250000000003,1
2019-11-10,-0.7694148268839381,0.6387494220515268,-0.982926551979982,-0.18399835165768097,2.6,1.0,15.599999999999998,101427.5,646.25,82.75,8.987500000000018,1
2019-11-11,-0.7583058084785625,0.6518989958787125,-0.9886775902323404,-0.15005539834465284,2.0,1.0,10.599999999999998,101387.5,-40.0,83.25,7.9250000000000185,0
2019-11-12,-0.7469720876965551,0.6648553979642866,-0.9932568492674143,-0.11593459959550002,0.8,0.0,5.399999999999999,101548.75,161.25,84.875,6.950000000000024,1
2019-11-13,-0.7354170229639858,0.6776147890466887,-0.99665890175417,-0.08167639533042312,2.4,1.0,5.1999999999999975,101221.25,-327.5,84.875,9.312500000000028,1
2019-11-14,-0.7236440382959124,0.690173388242972,-0.9988797155850336,-0.04732138832243168,1.5999999999999999,1.0,4.799999999999998,100850.0,-371.25,82.625,8.90000000000002,1
2019-11-15,-0.711656622281775,0.7025274741691566,-0.9999166586547379,-0.012910296075009976,10.9,1.0,14.899999999999999,100101.25,-748.75,89.625,5.91250000000003,1
2019-11-16,-0.6994583270516471,0.7146733860429608,-0.9997685019798909,0.021516097436221987,2.4,1.0,14.899999999999999,100146.25,45.0,92.875,4.812500000000028,1
2019-11-17,-0.6870527672236675,0.7266075247685652,-0.9984354211555644,0.05591699010060189,1.4,1.0,14.7,100985.0,838.75,87.125,5.78750000000003,1
2019-11-18,-0.6744436188329457,0.7383263540031063,-0.9959189961471792,0.09025161003104046,1.4,1.0,5.1999999999999975,100926.25,-58.75,86.75,7.700000000000024,1
2019-11-19,-0.661634618242279,0.749826401204568,-0.9922222094179325,0.12447926388678757,2.2,1.0,4.999999999999998,101480.0,553.75,83.0,6.325000000000017,0
2019-11-20,-0.6486295610349818,0.7611042586607742,-0.9873494423939866,0.1585593851031336,0.0,0.0,3.5999999999999983,101822.5,342.5,74.125,5.96250000000002,0
2019-11-21,-0.6354323008901775,0.7721565844991641,-0.9813064702716094,0.1924515819708297,0.0,0.0,2.1999999999999984,101040.0,-782.5,84.5,5.325000000000017,0
2019-11-22,-0.622046748440868,0.7829801036770624,-0.9741004551724208,0.22611568550828692,0.0,0.0,0.0,100647.5,-392.5,81.25,6.262500000000017,0
2019-11-23,-0.6084768701151264,0.7935716089521472,-0.9657399376548551,0.25951179706979915,0.0,0.0,0.0,99732.5,-915.0,79.625,8.750000000000014,1
2019-11-24,-0.594726686960764,0.8039279618328208,-0.9562348265919062,0.2926003356333468,13.5,1.0,13.499999999999998,99271.25,-461.25,87.5,10.237500000000026,0
2019-11-25,-0.5808002734538013,0.8140460935082175,-0.9455963874271429,0.32534208471197923,0.0,0.0,13.499999999999998,101042.5,1771.25,84.625,9.337500000000034,0
2019-11-26,-0.5667017562911184,0.8239230057575536,-0.9338372288229259,0.35769823883312357,0.7999999999999999,0.0,14.299999999999999,101207.5,165.0,90.625,9.012500000000031,0
2019-11-27,-0.5524353131676203,0.8335557718385695,-0.9209712877166351,0.3896304495307867,0.0,0.0,0.7999999999999982,100778.75,-428.75,86.0,11.312500000000028,0
2019-11-28,-0.5380051715382992,0.8429415373547832,-0.9070138128026355,0.42110087079609054,0.0,0.0,0.7999999999999982,100622.5,-156.25,77.25,12.16250000000003,1
2019-11-29,-0.5234156073655503,0.8520775211013093,-0.8919813464595485,0.4520722039323043,3.2,1.0,3.1999999999999984,101127.5,505.0,87.0,11.262500000000024,1
2019-11-30,-0.5086709438521042,0.8609610158889945,-0.8758917051442426,0.48250774176121897,1.7999999999999998,1.0,4.999999999999998,101816.25,688.75,89.25,11.400000000000027,1
2019-12-01,-0.49377555015997737,0.8695893893466109,-0.8587639582758032,0.5123714121284233,1.8,1.0,6.799999999999998,101736.25,-80.0,88.625,8.850000000000023,0
2019-12-02,-0.4787338401157883,0.8779600847008883,-0.840618405634478,0.5416278206559817,0.4,0.0,3.9999999999999982,101433.75,-302.5,97.25,7.000000000000028,0
2019-12-03,-0.4635502709028512,0.8860706215341378,-0.8214765533024146,0.5702422926917865,0.0,0.0,2.1999999999999984,102126.25,692.5,93.0,6.40000000000002,0
2019-12-04,-0.4482293417404106,0.893918596519257,-0.8013610881746766,0.5981809144059164,0.0,0.0,0.39999999999999825,102261.25,135.0,96.25,2.15000000000002,0
2019-12-05,-0.4327755925504317,0.9015016841318838,-0.7802958510707761,0.6254105729852455,0.0,0.0,0.0,101687.5,-573.75,87.75,5.6750000000000185,0
2019-12-06,-0.41719360261231697,0.9088176373395028,-0.7583058084785628,0.6518989958787123,0.0,0.0,0.0,102208.75,521.25,86.125,8.050000000000026,0
2019-12-07,-0.4014879892059737,0.9158642882672868,-0.7354170229639866,0.6776147890466879,0.0,0.0,0.0,102407.5,198.75,97.25,5.137500000000017,0
2019-12-08,-0.38566340624360745,0.9226395488404875,-0.7116566222817752,0.7025274741691564,0.0,0.0,0.0,102423.75,16.25,91.125,7.600000000000023,1
2019-12-09,-0.3697245428906732,0.9291414114031743,-0.687052767223667,0.7266075247685656,4.4,1.0,4.399999999999999,102163.75,-260.0,84.375,11.250000000000014,1
2019-12-10,-0.3536761221763721,0.935367949313148,-0.6616346182422791,0.7498264012045678,4.8,1.0,9.2,102358.75,195.0,83.25,9.912500000000023,0
2019-12-11,-0.33752289959411347,0.941317317512847,-0.6354323008901778,0.772156584499164,0.0,0.0,9.2,102871.25,512.5,85.0,6.325000000000017,1
2019-12-12,-0.32126966169236515,0.9469877530760751,-0.6084768701151273,0.7935716089521465,6.0,1.0,10.799999999999997,101917.5,-953.75,92.125,5.825000000000024,1
2019-12-13,-0.3049212246562894,0.9523775757303973,-0.5808002734538015,0.8140460935082173,7.6,1.0,13.599999999999998,100990.0,-927.5,89.625,8.612500000000018,1
2019-12-14,-0.2884824328806098,0.9574851883550389,-0.5524353131676212,0.8335557718385689,20.8,1.0,34.4,100106.25,-883.75,89.625,12.612500000000018,0
2019-12-15,-0.27195815753410524,0.9623090774541487,-0.5234156073655497,0.8520775211013096,1.0,0.0,29.4,101200.0,1093.75,80.375,12.712500000000013,0
2019-12-16,-0.2553532951161881,0.9668478136052773,-0.49377555015997915,0.8695893893466099,0.0,0.0,21.799999999999997,101108.75,-91.25,88.25,10.012500000000017,0
2019-12-17,-0.23867276600594997,0.9711000518829505,-0.4635502709028506,0.8860706215341381,0.0,0.0,1.0,100360.0,-748.75,79.0,12.912500000000016,0
2019-12-18,-0.22192151300416674,0.9750645322571945,-0.4327755925504335,0.9015016841318829,0.0,0.0,0.0,100437.5,77.5,77.125,14.53750000000003,0
2019-12-19,-0.20510449986861926,0.9787400799669153,-0.4014879892059731,0.9158642882672872,0.2,0.0,0.2,101380.0,942.5,83.75,13.125000000000014,0
2019-12-20,-0.1882267098432439,0.9821256058680006,-0.3697245428906726,0.9291414114031745,0.0,0.0,0.2,100708.75,-671.25,74.125,14.137500000000031,1
2019-12-21,-0.1712931441814778,0.9852201067560606,-0.3375228995941137,0.9413173175128469,3.8,1.0,4.0,99581.25,-1127.5,76.5,12.22500000000003,1
2019-12-22,-0.154308820664281,0.9880226656636976,-0.3049212246562888,0.9523775757303975,15.7,1.0,19.5,99711.25,130.0,83.5,10.862500000000026,1
2019-12-23,-0.13727877211326517,0.9905324521322227,-0.2719581575341063,0.9623090774541484,13.0,1.0,32.5,100560.0,848.75,81.625,10.512500000000031,1
2019-12-24,-0.12020804489935275,0.9927487224577402,-0.23867276600595022,0.9711000518829503,2.8000000000000003,1.0,31.5,102317.5,1757.5,88.0,9.612500000000018,0
2019-12-25,-0.10310169744743544,0.9946708199115211,-0.20510449986862037,0.9787400799669149,0.0,0.0,15.8,102525.0,207.5,77.875,13.950000000000024,0
2019-12-26,-0.0859647987374467,0.9962981749346077,-0.17129314418147804,0.9852201067560605,0.0,0.0,2.8000000000000003,102487.5,-37.5,88.25,12.562500000000021,0
2019-12-27,-0.06880242680232064,0.9976303053065857,-0.1372787721132663,0.9905324521322226,0.0,0.0,0.0,102781.25,293.75,86.0,9.500000000000028,0
2019-12-28,-0.05161966722325418,0.9986668162884759,-0.10310169744743568,0.994670819911521,0.0,0.0,0.0,103270.0,488.75,90.875,7.450000000000024,0
2019-12-29,-0.034421611622745804,0.9994074007397048,-0.06880242680232,0.9976303053065857,0.0,0.0,0.0,103267.5,-2.5,89.25,8.125000000000021,0
2019-12-30,-0.01721335615583528,0.9998518392091162,-0.03442161162274694,0.9994074007397047,0.0,0.0,0.0,103228.75,-38.75,85.625,7.337500000000027,0
2019-12-31,6.432490598706546e-16,1.0,1.2864981197413093e-15,1.0,0.0,0.0,0.0,103202.5,-26.25,83.875,6.900000000000027,0
2020-01-01,0.01716632975470737,0.9998526477050269,0.034327600513243496,0.9994106342455052,0.0,0.0,0.0,103312.5,110.0,86.5,6.162500000000023,0
2020-01-02,0.034327600513243496,0.9994106342455052,0.06861473800213404,0.9976432316860063,0.0,0.0,0.0,103302.5,-10.0,80.0,8.287500000000023,0
2020-01-03,0.05147875477034653,0.9986740898848305,0.1028209971373604,0.9946998756145891,0.0,0.0,0.0,103027.5,-275.0,88.5,6.062500000000021,0
2020-01-04,0.06861473800213404,0.9976432316860063,0.13690605792347524,0.990584035457797,0.2,0.0,0.2,103236.25,208.75,91.0,7.4875000000000185,0
2020-01-05,0.08573050015569435,0.9963183634476755,0.17082974322534417,0.985300562686109,0.0,0.0,0.2,103600.0,363.75,86.375,9.575000000000017,0
2020-01-06,0.1028209971373604,0.9946998756145891,0.2045520661262008,0.9788556850953578,0.0,0.0,0.2,103408.75,-191.25,94.375,3.1125000000000185,0
2020-01-07,0.11988119229922722,0.99278824516254,0.2380332770614856,0.9712569994658314,0.0,0.0,0.0,102961.25,-447.5,87.875,5.312500000000014,0
2020-01-08,0.13690605792347524,0.990584035457797,0.27123391067291003,0.9625134626077081,0.0,0.0,0.0,103341.25,380.0,86.25,7.737500000000033,0
2020-01-09,0.15389057670406178,0.9880878960910772,0.30411483232751785,0.9526353808033826,0.4,0.0,0.4,103130.0,-211.25,90.0,7.8000000000000185,0
2020-01-10,0.17082974322534417,0.985300562686109,0.33663728424691025,0.9416343976591259,0.2,0.0,0.6000000000000001,102425.0,-705.0,79.625,10.750000000000021,1
2020-01-11,0.1877185654371987,0.9822228566828407,0.3687629311922601,0.9295234803804003,2.8,1.0,3.4,102910.0,485.0,88.25,8.33750000000002,0
2020-01-12,0.2045520661262008,0.9788556850953578,0.40045390565126643,0.9163169044870048,0.0,0.0,3.0,103383.75,473.75,79.375,5.52500000000002,0
2020-01-13,0.22132528438243257,0.9752000402445825,0.43167285247378384,0.9020302369860707,0.0,0.0,2.8,103202.5,-181.25,83.625,3.0500000000000185,0
2020-01-14,0.2380332770614856,0.9712569994658314,0.4623829729035149,0.88668031802274,0.0,0.0,0.0,102422.5,-780.0,85.375,3.3750000000000284,0
2020-01-15,0.2546711202412287,0.9670277247913204,0.4925480679538643,0.8702852410301553,0.0,0.0,0.0,101840.0,-582.5,78.25,8.987500000000018,0
2020-01-16,0.27123391067291003,0.9625134626077081,0.5221325810768248,0.8528643314021597,0.0,0.0,0.0,102152.5,312.5,76.125,10.762500000000017,0
2020-01-17,0.287716767226167,0.9577155432887803,0.5511016400746002,0.8344381237138473,0.0,0.0,0.0,102507.5,355.0,83.625,9.950000000000017,1
2020-01-18,0.30411483232751785,0.9526353808033826,0.5794210982045637,0.8150283375168114,3.4000000000000004,1.0,3.4000000000000004,102695.0,187.5,85.875,8.90000000000002,0
2020-01-19,0.3204232733919111,0.9472744722987169,0.6070575744291002,0.7946578517376252,0.0,0.0,3.4000000000000004,102740.0,45.0,79.0,5.900000000000027,0
2020-01-20,0.33663728424691025,0.9416343976591259,0.6339784927628866,0.7733506777097299,0.0,0.0,3.4000000000000004,102962.5,222.5,61.125,5.912500000000016,0
2020-01-21,0.3527520865490948,0.9357168190404936,0.6601521206712317,0.7511319308705199,0.0,0.0,0.0,103582.5,620.0,70.75,2.1750000000000185,0
2020-01-22,0.3687629311922601,0.9295234803804003,0.6855476064742154,0.7280278011569848,0.0,0.0,0.0,103228.75,-353.75,76.875,5.737500000000026,1
2020-01-23,0.3846650997070012,0.9230562068841761,0.7101350157125358,0.7040655221348057,37.7,1.0,37.7,102467.5,-761.25,86.0,8.912500000000023,1
2020-01-24,0.40045390565126643,0.9163169044870048,0.733885366432199,0.6792733388972931,9.1,1.0,46.800000000000004,102023.75,-443.75,81.5,11.812500000000028,0
2020-01-25,0.41612469599147445,0.9093075592922358,0.7567706633464626,0.653680474772006,0.0,0.0,46.800000000000004,102131.25,107.5,84.375,10.250000000000014,0
2020-01-26,0.43167285247378384,0.9020302369860707,0.7787639308347607,0.6273170968742937,0.0,0.0,9.1,101902.5,-228.75,84.75,9.500000000000028,0
2020-01-27,0.44709379298511387,0.8944870822287956,0.7998392447397193,0.6002142805483682,0.0,0.0,0.0,102076.25,173.75,90.0,8.100000000000016,1
2020-01-28,0.4623829729035149,0.88668031802274,0.8199717629247771,0.5724039727378148,1.5999999999999999,1.0,1.5999999999999999,101830.0,-246.25,92.5,5.662500000000023,1
2020-01-29,0.47753588643748823,0.8786122450571483,0.8391377545563938,0.5439189543287247,1.6,1.0,3.2,101768.75,-61.25,87.5,8.637500000000024,0
2020-01-30,0.4925480679538643,0.8702852410301553,0.8573146280763322,0.5147928015098309,0.0,0.0,3.2,102133.75,365.0,78.875,9.287500000000023,1
2020-01-31,0.5074150932938455,0.8617017599480682,0.8744809578310397,0.4850598461951962,2.4000000000000004,1.0,4.000000000000001,101986.25,-147.5,91.125,11.08750000000002,0
2020-02-01,0.5221325810768248,0.8528643314021597,0.8906165093267404,0.4547551355561058,0.4,0.0,2.8000000000000007,102083.75,97.5,88.0,12.662500000000016,1
2020-02-02,0.5366961939916004,0.8437755598231856,0.9057022630804714,0.42391439070986076,2.2,1.0,5.000000000000001,102111.25,27.5,89.5,11.112500000000018,0
2020-02-03,0.5511016400746002,0.8344381237138473,0.9197204370389467,0.3925739646141717,0.0,0.0,2.6000000000000005,102510.0,398.75,80.875,13.850000000000016,0
2020-02-04,0.5653446739747429,0.8248547748594244,0.9326545075388224,0.36077079921678346,0.0,0.0,2.2000000000000006,102691.25,181.25,78.125,12.887500000000017,1
2020-02-05,0.5794210982045637,0.8150283375168114,0.9444892287836613,0.32854238191083485,3.0,1.0,3.0000000000000004,102961.25,270.0,71.75,10.850000000000016,0
2020-02-06,0.593326764377232,0.8049617075821959,0.9552106508146316,0.2959267013472893,0.0,0.0,3.0000000000000004,103393.75,432.5,73.75,6.325000000000031,0
2020-02-07,0.6070575744291002,0.7946578517376252,0.9648061359537645,0.2629622026565149,0.0,0.0,3.0000000000000004,102565.0,-828.75,77.5,5.937500000000021,0
2020-02-08,0.6206094818274227,0.7841198065767104,0.9732643737003824,0.22968774213179574,0.0,0.0,0.0,102347.5,-217.5,78.625,9.812500000000028,0
2020-02-09,0.6339784927628866,0.7733506777097299,0.9805753940631429,0.19614254142819698,0.0,0.0,0.0,102407.5,60.0,79.125,10.437500000000028,0
2020-02-10,0.647160667326606,0.7623536388483904,0.9867305793119814,0.162366141330764,0.0,0.0,0.0,102610.0,202.5,83.5,10.400000000000027,0
2020-02-11,0.6601521206712317,0.7511319308705199,0.9917226741361015,0.12839835514655099,0.0,0.0,0.0,102597.5,-12.5,82.25,13.087500000000027,1
2020-02-12,0.6729490241558329,0.7396888608649668,0.9955457941960382,0.09427922177542453,1.2,1.0,1.2000000000000004,102627.5,30.0,80.5,12.012500000000024,0
2020-02-13,0.6855476064742154,0.7280278011569848,0.998195433059714,0.0600489585149486,0.0,0.0,1.2000000000000004,102586.25,-41.25,77.75,9.787500000000016,0
2020-02-14,0.6979441547663435,0.7161521883143933,0.999668467514313,0.025747913654988658,0.4,0.0,1.6000000000000005,102056.25,-530.0,77.625,9.737500000000004,0
2020-02-15,0.7101350157125358,0.7040655221348057,0.9999631612477099,-0.008583481082086933,0.0,0.0,0.40000000000000047,102668.75,612.5,75.5,10.77500000000002,0
2020-02-16,0.7221165966101162,0.6917713646142218,0.9990791668951153,-0.04290475819955447,0.0,0.0,0.40000000000000047,102475.0,-193.75,76.75,9.175000000000018,0
2020-02-17,0.733885366432199,0.6792733388972931,0.9970175264485267,-0.07717546212664618,0.0,0.0,0.0,102203.75,-271.25,82.875,12.100000000000016,0
2020-02-18,0.7454378568683001,0.6665751282095632,0.9937806700284985,-0.11135519690480862,0.8,0.0,0.8000000000000005,102648.75,445.0,86.625,10.975000000000016,0
2020-02-19,0.7567706633464626,0.653680474772006,0.9893724130196829,-0.14540367380368988,0.0,0.0,0.8000000000000005,103418.75,770.0,76.125,8.525000000000013,0
2020-02-20,0.7678804460366,0.6405931786981751,0.9837979515735163,-0.17928075881073566,0.0,0.0,0.8000000000000005,103241.25,-177.5,76.25,8.562500000000014,0
2020-02-21,0.7787639308347607,0.6273170968742937,0.9770638564833507,-0.21294651993841593,0.0,0.0,0.0,102608.75,-632.5,69.875,8.887500000000031,0
2020-02-22,0.7894179103280197,0.613856141822612,0.9691780654392537,-0.2463612742933147,0.0,0.0,0.0,103218.75,610.0,83.625,7.88750000000001,0
2020-02-23,0.7998392447397193,0.6002142805483682,0.9601498736716018,-0.2794856348516094,0.0,0.0,0.0,103366.25,147.5,79.375,8.000000000000014,0
2020-02-24,0.8100248628547753,0.5863955333706956,0.949989922994501,-0.31228055688579476,0.0,0.0,0.0,103393.75,27.5,83.875,8.587500000000027,0
2020-02-25,0.8199717629247771,0.5724039727378148,0.9387101892619443,-0.3447073839879337,0.0,0.0,0.0,102700.0,-693.75,79.75,8.800000000000018,0
2020-02-26,0.8296770135526188,0.5582437220268648,0.926323968251495,-0.376727893635185,0.0,0.0,0.0,101871.25,-828.75,78.75,9.987500000000026,1
2020-02-27,0.8391377545563938,0.5439189543287247,0.9128458599921355,-0.40830434224389345,6.2,1.0,6.200000000000001,101872.5,1.25,86.25,7.712500000000027,1
2020-02-28,0.8483511978123038,0.5294338912181853,0.898291751554753,-0.43939950965914143,14.299999999999999,1.0,20.5,101631.25,-241.25,87.75,9.175000000000011,0
2020-02-29,0.8573146280763322,0.5147928015098309,0.8826787983255476,-0.4699767430273197,0.8,0.0,21.299999999999997,102021.25,390.0,87.625,10.40000000000002,0
2020-03-01,0.8660254037844386,0.5000000000000001,0.8660254037844387,-0.4999999999999998,0.8,0.0,15.899999999999999,100872.5,-1148.75,80.875,11.800000000000018,1
2020-03-02,0.8744809578310397,0.4850598461951962,0.848351197812304,-0.5294338912181852,1.6,1.0,3.1999999999999984,100792.5,-80.0,74.125,10.762500000000024,1
2020-03-03,0.8826787983255474,0.46997674302731995,0.8296770135526188,-0.5582437220268649,5.6,1.0,7.999999999999998,99933.75,-858.75,77.75,9.287500000000016,1
2020-03-04,0.8906165093267404,0.4547551355561058,0.8100248628547752,-0.5863955333706956,21.599999999999998,1.0,28.799999999999997,101051.25,1117.5,88.75,6.2375000000000185,1
2020-03-05,0.8982917515547528,0.4393995096591417,0.7894179103280199,-0.6138561418226116,5.0,1.0,32.19999999999999,101691.25,640.0,93.0,8.362500000000033,1
2020-03-06,0.9057022630804714,0.42391439070986076,0.7678804460366001,-0.6405931786981751,2.2,1.0,28.799999999999994,100735.0,-956.25,85.75,10.612500000000018,1
2020-03-07,0.9128458599921356,0.40830434224389334,0.7454378568683001,-0.6665751282095632,9.0,1.0,16.199999999999996,101190.0,455.0,86.0,6.637500000000024,0
2020-03-08,0.9197204370389467,0.3925739646141717,0.722116596610116,-0.6917713646142222,0.8,0.0,11.999999999999996,102468.75,1278.75,76.0,8.200000000000017,0
2020-03-09,0.926323968251495,0.3767278936351851,0.6979441547663435,-0.7161521883143933,0.0,0.0,9.799999999999997,102371.25,-97.5,79.375,10.550000000000018,1
2020-03-10,0.9326545075388224,0.36077079921678346,0.672949024155833,-0.7396888608649667,4.8,1.0,5.599999999999996,102468.75,97.5,80.625,9.562500000000028,0
2020-03-11,0.9387101892619443,0.3447073839879338,0.647160667326606,-0.7623536388483902,0.0,0.0,4.799999999999996,102622.5,153.75,78.375,11.137500000000024,0
2020-03-12,0.9444892287836613,0.32854238191083485,0.620609481827423,-0.7841198065767103,0.0,0.0,4.799999999999996,102528.75,-93.75,79.125,11.775000000000027,0
2020-03-13,0.949989922994501,0.3122805568857947,0.593326764377232,-0.8049617075821959,0.2,0.0,0.19999999999999646,102277.5,-251.25,86.375,11.312500000000021,1
2020-03-14,0.9552106508146316,0.2959267013472893,0.5653446739747428,-0.8248547748594245,4.6,1.0,4.799999999999996,102410.0,132.5,70.625,10.600000000000016,0
2020-03-15,0.9601498736716018,0.2794856348516095,0.5366961939916005,-0.8437755598231856,0.0,0.0,4.799999999999996,102350.0,-60.0,69.625,8.525000000000027,0
2020-03-16,0.9648061359537645,0.2629622026565149,0.5074150932938458,-0.861701759948068,0.0,0.0,4.599999999999996,101591.25,-758.75,75.75,9.675000000000018,1
2020-03-17,0.9691780654392536,0.2463612742933148,0.47753588643748834,-0.8786122450571482,2.2,1.0,2.1999999999999966,101762.5,171.25,83.25,11.875000000000021,0
2020-03-18,0.9732643737003824,0.22968774213179574,0.44709379298511426,-0.8944870822287954,0.0,0.0,2.1999999999999966,102891.25,1128.75,80.625,12.275000000000027,0
2020-03-19,0.9770638564833508,0.21294651993841582,0.4161246959914746,-0.9093075592922357,0.0,0.0,2.1999999999999966,102720.0,-171.25,73.0,13.650000000000027,0
2020-03-20,0.9805753940631429,0.19614254142819698,0.3846650997070012,-0.923056206884176,0.0,0.0,0.0,102113.75,-606.25,57.75,14.187500000000028,0
2020-03-21,0.9837979515735163,0.17928075881073577,0.352752086549095,-0.9357168190404935,0.0,0.0,0.0,101732.5,-381.25,55.875,13.225000000000016,0
2020-03-22,0.9867305793119814,0.162366141330764,0.3204232733919116,-0.9472744722987168,0.0,0.0,0.0,101321.25,-411.25,61.5,12.812500000000028,0
2020-03-23,0.989372413019683,0.14540367380368976,0.2877167672261668,-0.9577155432887804,0.0,0.0,0.0,101328.75,7.5,66.375,12.975000000000023,0
2020-03-24,0.9917226741361015,0.12839835514655099,0.2546711202412288,-0.9670277247913204,0.0,0.0,0.0,101930.0,601.25,72.125,12.27500000000002,0
2020-03-25,0.9937806700284985,0.11135519690480875,0.22132528438243243,-0.9752000402445825,0.0,0.0,0.0,102020.0,90.0,67.5,11.575000000000031,0
2020-03-26,0.9955457941960382,0.09427922177542453,0.18771856543719884,-0.9822228566828406,0.0,0.0,0.0,101546.25,-473.75,49.875,10.587500000000027,0
2020-03-27,0.9970175264485267,0.07717546212664653,0.15389057670406214,-0.9880878960910771,0.0,0.0,0.0,101202.5,-343.75,73.0,6.937500000000021,0
2020-03-28,0.998195433059714,0.0600489585149486,0.11988119229922782,-0.9927882451625399,0.0,0.0,0.0,101586.25,383.75,65.0,8.38750000000001,0
2020-03-29,0.9990791668951153,0.042904758199554374,0.0857305001556943,-0.9963183634476755,0.0,0.0,0.0,101811.25,225.0,57.125,11.812500000000014,0
2020-03-30,0.999668467514313,0.025747913654988658,0.05147875477034673,-0.9986740898848305,0.0,0.0,0.0,101897.5,86.25,65.75,10.237500000000026,0
2020-03-31,0.9999631612477099,0.008583481082087055,0.01716632975470737,-0.9998526477050269,0.2,0.0,0.19999999999999646,101888.75,-8.75,78.75,4.46250000000002,0
2020-04-01,0.9999631612477099,-0.008583481082086933,-0.017166329754707124,-0.9998526477050269,0.0,0.0,0.19999999999999646,101597.5,-291.25,73.5,8.762500000000017,0
2020-04-02,0.9996684675143132,-0.025747913654988314,-0.051478754770346045,-0.9986740898848305,0.0,0.0,0.19999999999999646,101486.25,-111.25,66.625,11.737500000000011,0
2020-04-03,0.9990791668951153,-0.04290475819955447,-0.0857305001556945,-0.9963183634476755,0.0,0.0,0.0,101458.75,-27.5,68.125,10.300000000000018,0
2020-04-04,0.998195433059714,-0.06004895851494825,-0.11988119229922714,-0.99278824516254,0.2,0.0,0.19999999999999646,101820.0,361.25,60.0,10.725000000000023,0
2020-04-05,0.9970175264485267,-0.07717546212664618,-0.15389057670406148,-0.9880878960910772,0.0,0.0,0.19999999999999646,101775.0,-45.0,59.5,11.300000000000011,0
2020-04-06,0.9955457941960382,-0.0942792217754244,-0.1877185654371986,-0.9822228566828407,0.0,0.0,0.19999999999999646,101636.25,-138.75,50.0,14.725000000000023,0
2020-04-07,0.9937806700284985,-0.11135519690480862,-0.22132528438243218,-0.9752000402445826,0.0,0.0,0.0,102116.25,480.0,45.875,14.425000000000018,0
2020-04-08,0.9917226741361015,-0.12839835514655107,-0.254671120241229,-0.9670277247913203,0.0,0.0,0.0,102437.5,321.25,48.0,15.200000000000024,0
2020-04-09,0.9893724130196829,-0.14540367380368988,-0.287716767226167,-0.9577155432887803,0.0,0.0,0.0,102375.0,-62.5,63.25,14.887500000000031,0
2020-04-10,0.9867305793119814,-0.16236614133076366,-0.32042327339191096,-0.947274472298717,0.0,0.0,0.0,102100.0,-275.0,43.125,15.987500000000018,0
2020-04-11,0.9837979515735163,-0.17928075881073566,-0.35275208654909473,-0.9357168190404936,0.0,0.0,0.0,102000.0,-100.0,43.0,16.52500000000002,0
2020-04-12,0.980575394063143,-0.19614254142819687,-0.38466509970700097,-0.9230562068841761,0.0,0.0,0.0,102121.25,121.25,66.875,15.175000000000026,0
2020-04-13,0.9770638564833507,-0.21294651993841593,-0.4161246959914748,-0.9093075592922356,0.2,0.0,0.19999999999999646,101736.25,-385.0,68.75,15.050000000000026,1
2020-04-14,0.9732643737003824,-0.22968774213179563,-0.44709379298511404,-0.8944870822287955,1.8,1.0,1.9999999999999964,101173.75,-562.5,73.5,13.412500000000016,0
2020-04-15,0.9691780654392537,-0.2463612742933147,-0.4775358864374881,-0.8786122450571483,0.2,0.0,2.1999999999999966,101408.75,235.0,66.375,15.450000000000031,0
2020-04-16,0.9648061359537646,-0.26296220265651454,-0.5074150932938452,-0.8617017599480683,0.0,0.0,1.9999999999999964,101491.25,82.5,58.25,15.95000000000001,0
2020-04-17,0.9601498736716018,-0.2794856348516094,-0.5366961939916003,-0.8437755598231858,0.0,0.0,0.19999999999999646,101608.75,117.5,68.125,15.987500000000018,0
2020-04-18,0.9552106508146317,-0.2959267013472892,-0.5653446739747425,-0.8248547748594246,0.0,0.0,0.0,101461.25,-147.5,77.25,15.950000000000024,0
2020-04-19,0.949989922994501,-0.31228055688579476,-0.5933267643772321,-0.8049617075821958,0.0,0.0,0.0,101605.0,143.75,75.875,16.800000000000026,1
2020-04-20,0.9444892287836613,-0.32854238191083474,-0.6206094818274228,-0.7841198065767104,3.0,1.0,2.9999999999999964,101150.0,-455.0,87.75,15.025000000000027,1
2020-04-21,0.9387101892619443,-0.3447073839879337,-0.6471606673266059,-0.7623536388483905,5.6,1.0,8.599999999999996,100838.75,-311.25,91.25,14.71250000000002,1
2020-04-22,0.9326545075388225,-0.3607707992167831,-0.6729490241558326,-0.7396888608649671,15.5,1.0,24.099999999999994,100751.25,-87.5,93.125,14.562500000000021,0
2020-04-23,0.926323968251495,-0.376727893635185,-0.6979441547663433,-0.7161521883143935,0.8,0.0,21.899999999999995,101531.25,780.0,90.75,13.975000000000023,0
2020-04-24,0.9197204370389467,-0.39257396461417177,-0.7221165966101161,-0.691771364614222,0.0,0.0,16.299999999999997,101957.5,426.25,87.625,14.275000000000027,0
2020-04-25,0.9128458599921355,-0.40830434224389345,-0.7454378568683003,-0.6665751282095631,0.0,0.0,0.7999999999999965,101476.25,-481.25,78.875,15.750000000000036,0
2020-04-26,0.9057022630804715,-0.42391439070986064,-0.7678804460366,-0.6405931786981752,0.8,0.0,0.7999999999999965,100968.75,-507.5,67.25,17.81250000000002,0
2020-05-01,0.8660254037844387,-0.4999999999999998,-0.8660254037844385,-0.5000000000000004,2.4,1.0,20.199999999999996,101247.5,-148.75,75.125,14.987500000000026,1
2020-05-02,0.8573146280763323,-0.5147928015098308,-0.8826787983255475,-0.4699767430273199,8.600000000000001,1.0,10.999999999999998,101335.0,87.5,86.5,15.050000000000018,1
2020-05-03,0.848351197812304,-0.5294338912181852,-0.8982917515547529,-0.43939950965914165,10.9,1.0,21.9,101830.0,495.0,84.625,17.237500000000033,0
2020-05-04,0.8391377545563939,-0.5439189543287246,-0.9128458599921354,-0.40830434224389367,0.0,0.0,19.5,101906.25,76.25,73.25,19.06250000000002,0
2020-05-05,0.8296770135526188,-0.5582437220268649,-0.9263239682514951,-0.3767278936351848,0.0,0.0,10.899999999999997,101302.5,-603.75,69.0,20.387500000000024,0
2020-05-06,0.8199717629247771,-0.5724039727378148,-0.9387101892619443,-0.3447073839879337,0.0,0.0,0.0,101440.0,137.5,62.625,20.562500000000036,0
2020-05-07,0.8100248628547752,-0.5863955333706956,-0.9499899229945009,-0.3122805568857948,0.0,0.0,0.0,101771.25,331.25,60.625,20.12500000000002,0
2020-05-08,0.7998392447397195,-0.600214280548368,-0.9601498736716017,-0.2794856348516098,0.0,0.0,0.0,101818.75,47.5,62.625,19.575000000000017,0
2020-05-09,0.7894179103280199,-0.6138561418226116,-0.9691780654392534,-0.24636127429331536,0.0,0.0,0.0,101470.0,-348.75,67.125,19.87500000000002,0
2020-05-10,0.7787639308347607,-0.6273170968742938,-0.9770638564833508,-0.21294651993841573,0.0,0.0,0.0,101046.25,-423.75,75.125,18.28750000000003,1
2020-05-11,0.7678804460366001,-0.6405931786981751,-0.9837979515735163,-0.1792807588107359,10.2,1.0,10.199999999999996,100328.75,-717.5,87.0,16.175000000000026,1
2020-05-12,0.7567706633464627,-0.6536804747720057,-0.9893724130196829,-0.14540367380369032,15.2,1.0,25.399999999999995,100237.5,-91.25,89.0,13.700000000000017,0
2020-05-13,0.7454378568683001,-0.6665751282095632,-0.9937806700284985,-0.11135519690480865,0.2,0.0,25.599999999999994,101151.25,913.75,84.25,11.925000000000033,1
2020-05-14,0.7338853664321991,-0.6792733388972931,-0.9970175264485267,-0.07717546212664643,2.0,1.0,17.399999999999995,100557.5,-593.75,83.0,15.100000000000023,1
2020-05-15,0.722116596610116,-0.6917713646142222,-0.9990791668951153,-0.04290475819955383,12.8,1.0,14.999999999999996,100668.75,111.25,89.625,14.625000000000014,0
2020-05-16,0.7101350157125358,-0.7040655221348058,-0.9999631612477099,-0.008583481082086734,0.2,0.0,14.999999999999996,101362.5,693.75,84.5,15.500000000000021,0
2020-05-17,0.6979441547663435,-0.7161521883143933,-0.999668467514313,0.025747913654988634,0.4,0.0,13.399999999999997,101915.0,552.5,73.125,16.18750000000002,0
2020-05-18,0.6855476064742155,-0.7280278011569847,-0.998195433059714,0.06004895851494813,0.2,0.0,0.7999999999999965,102265.0,350.0,59.625,17.387500000000024,0
2020-05-19,0.672949024155833,-0.7396888608649667,-0.9955457941960382,0.09427922177542405,0.0,0.0,0.5999999999999965,102357.5,92.5,59.75,18.262500000000017,0
2020-05-20,0.660152120671232,-0.7511319308705197,-0.9917226741361016,0.1283983551465503,0.0,0.0,0.19999999999999646,102063.75,-293.75,60.25,20.05000000000002,0
2020-05-21,0.647160667326606,-0.7623536388483902,-0.9867305793119814,0.16236614133076377,0.0,0.0,0.0,101791.25,-272.5,54.375,20.90000000000002,0
2020-05-22,0.6339784927628868,-0.7733506777097298,-0.980575394063143,0.19614254142819676,0.0,0.0,0.0,101986.25,195.0,67.875,20.91250000000003,0
2020-05-23,0.620609481827423,-0.7841198065767103,-0.9732643737003827,0.22968774213179508,0.0,0.0,0.0,102216.25,230.0,70.5,22.975000000000016,0
2020-05-24,0.6070575744291006,-0.7946578517376249,-0.9648061359537647,0.262962202656514,0.0,0.0,0.0,102928.75,712.5,74.125,17.325000000000017,0
2020-05-25,0.593326764377232,-0.8049617075821959,-0.9552106508146317,0.2959267013472893,0.0,0.0,0.0,103126.25,197.5,63.625,16.600000000000016,0
2020-05-26,0.5794210982045638,-0.8150283375168113,-0.9444892287836614,0.3285423819108344,0.0,0.0,0.0,102710.0,-416.25,56.625,19.12500000000002,0
2020-05-27,0.5653446739747428,-0.8248547748594245,-0.9326545075388223,0.3607707992167836,0.0,0.0,0.0,102692.5,-17.5,59.0,20.862500000000026,0
2020-05-28,0.5511016400746,-0.8344381237138473,-0.9197204370389466,0.3925739646141719,0.0,0.0,0.0,102593.75,-98.75,61.25,21.200000000000024,0
2020-05-29,0.5366961939916005,-0.8437755598231856,-0.9057022630804715,0.42391439070986053,0.0,0.0,0.0,102318.75,-275.0,58.875,22.137500000000024,0
2020-05-30,0.522132581076825,-0.8528643314021596,-0.8906165093267406,0.4547551355561054,0.0,0.0,0.0,101606.25,-712.5,57.125,22.18750000000003,0
2020-05-31,0.5074150932938458,-0.861701759948068,-0.8744809578310401,0.4850598461951956,0.0,0.0,0.0,101431.25,-175.0,65.0,21.625000000000014,0
2020-06-01,0.4925480679538644,-0.8702852410301553,-0.8573146280763323,0.5147928015098306,0.0,0.0,0.0,101261.25,-170.0,68.25,20.87500000000002,0
2020-06-02,0.47753588643748834,-0.8786122450571482,-0.8391377545563939,0.5439189543287245,0.8,0.0,0.7999999999999965,101455.0,193.75,76.125,20.262500000000024,0
2020-06-03,0.4623829729035151,-0.8866803180227399,-0.8199717629247775,0.5724039727378144,0.2,0.0,0.9999999999999964,101482.5,27.5,67.5,21.93750000000002,0
2020-06-04,0.44709379298511426,-0.8944870822287954,-0.7998392447397198,0.6002142805483676,0.2,0.0,1.1999999999999966,100811.25,-671.25,72.5,20.337500000000027,1
2020-06-05,0.43167285247378384,-0.9020302369860707,-0.7787639308347607,0.6273170968742937,4.8999999999999995,1.0,5.299999999999996,100383.75,-427.5,77.625,17.162500000000023,1
2020-06-06,0.4161246959914746,-0.9093075592922357,-0.7567706633464628,0.6536804747720056,2.4000000000000004,1.0,7.4999999999999964,101121.25,737.5,79.5,15.550000000000033,1
2020-06-07,0.4004539056512664,-0.9163169044870048,-0.7338853664321989,0.6792733388972934,8.100000000000001,1.0,15.399999999999999,101056.25,-65.0,79.625,17.12500000000003,1
2020-06-08,0.3846650997070012,-0.923056206884176,-0.7101350157125358,0.7040655221348057,7.300000000000001,1.0,17.8,101210.0,153.75,71.5,15.35000000000003,0
2020-06-09,0.3687629311922603,-0.9295234803804002,-0.6855476064742156,0.7280278011569846,0.8,0.0,16.2,101573.75,363.75,75.0,15.062500000000021,1
2020-06-10,0.352752086549095,-0.9357168190404935,-0.6601521206712321,0.7511319308705195,12.5,1.0,20.599999999999998,101818.75,245.0,81.75,14.700000000000017,0
2020-06-11,0.3366372842469106,-0.9416343976591258,-0.6339784927628872,0.7733506777097294,0.0,0.0,13.299999999999997,101706.25,-112.5,67.5,16.48750000000002,1
2020-06-12,0.3204232733919116,-0.9472744722987168,-0.607057574429101,0.7946578517376245,10.9,1.0,23.4,100718.75,-987.5,78.375,15.912500000000023,1
2020-06-13,0.30411483232751846,-0.9526353808033824,-0.5794210982045647,0.8150283375168107,1.8,1.0,12.699999999999998,100353.75,-365.0,70.875,17.12500000000003,1
2020-06-14,0.2877167672261668,-0.9577155432887804,-0.5511016400745998,0.8344381237138475,13.5,1.0,26.199999999999996,101311.25,957.5,73.625,17.112500000000026,1
2020-06-15,0.27123391067291,-0.9625134626077081,-0.5221325810768248,0.8528643314021598,2.8000000000000003,1.0,18.099999999999998,101943.75,632.5,69.5,17.67500000000002,0
2020-06-16,0.2546711202412288,-0.9670277247913204,-0.4925480679538645,0.8702852410301551,0.2,0.0,16.499999999999996,102133.75,190.0,69.25,18.775000000000027,1
2020-06-17,0.2380332770614858,-0.9712569994658313,-0.4623829729035152,0.8866803180227398,13.6,1.0,16.599999999999994,101895.0,-238.75,74.375,17.48750000000002,0
2020-06-18,0.22132528438243243,-0.9752000402445825,-0.43167285247378356,0.9020302369860709,0.4,0.0,14.199999999999996,101713.75,-181.25,70.75,17.337500000000027,0
2020-06-19,0.2045520661262008,-0.9788556850953578,-0.4004539056512665,0.9163169044870048,0.0,0.0,13.999999999999996,101696.25,-17.5,69.875,17.06250000000003,0
2020-06-20,0.18771856543719884,-0.9822228566828406,-0.3687629311922604,0.9295234803804002,0.0,0.0,0.39999999999999647,101978.75,282.5,61.375,19.087500000000027,0
2020-06-21,0.17082974322534442,-0.985300562686109,-0.3366372842469107,0.9416343976591258,0.0,0.0,0.0,102190.0,211.25,60.625,21.20000000000003,0
2020-06-22,0.15389057670406214,-0.9880878960910771,-0.30411483232751857,0.9526353808033823,0.0,0.0,0.0,102407.5,217.5,63.625,21.23750000000002,0
2020-06-23,0.13690605792347574,-0.9905840354577969,-0.27123391067291097,0.9625134626077079,0.0,0.0,0.0,102453.75,46.25,62.5,21.762500000000017,0
2020-06-24,0.11988119229922782,-0.9927882451625399,-0.23803327706148678,0.9712569994658311,0.0,0.0,0.0,101792.5,-661.25,59.125,23.387500000000024,0
2020-06-25,0.10282099713736025,-0.9946998756145891,-0.2045520661262005,0.9788556850953579,0.0,0.0,0.0,101496.25,-296.25,63.875,24.537500000000016,0
2020-06-26,0.0857305001556943,-0.9963183634476755,-0.17082974322534408,0.985300562686109,0.0,0.0,0.0,101492.5,-3.75,59.0,25.36250000000002,1
2020-06-27,0.0686147380021341,-0.9976432316860063,-0.1369060579234754,0.9905840354577969,7.3,1.0,7.299999999999996,101363.75,-128.75,69.25,24.075000000000017,0
2020-06-28,0.05147875477034673,-0.9986740898848305,-0.1028209971373608,0.9946998756145891,0.4,0.0,7.699999999999997,101558.75,195.0,71.875,23.262500000000017,0
2020-06-29,0.03432760051324382,-0.9994106342455052,-0.06861473800213468,0.9976432316860063,0.0,0.0,7.699999999999997,101823.75,265.0,68.5,23.475000000000023,0
2020-06-30,0.01716632975470737,-0.9998526477050269,-0.034327600513243496,0.9994106342455052,0.0,0.0,0.39999999999999647,101916.25,92.5,73.375,20.87500000000003,0
2020-07-01,1.2246467991473532e-16,-1.0,-2.4492935982947064e-16,1.0,0.0,0.0,0.0,101561.25,-355.0,57.125,21.850000000000016,0
2020-07-02,-0.017166329754707124,-0.9998526477050269,0.03432760051324301,0.9994106342455054,0.2,0.0,0.19999999999999646,101283.75,-277.5,64.5,23.28750000000003,0
2020-07-03,-0.03432760051324313,-0.9994106342455054,0.0686147380021333,0.9976432316860063,0.0,0.0,0.19999999999999646,101800.0,516.25,71.375,20.35000000000003,0
2020-07-04,-0.051478754770346045,-0.9986740898848305,0.10282099713735943,0.9946998756145892,0.0,0.0,0.19999999999999646,102282.5,482.5,60.125,19.40000000000002,0
2020-07-05,-0.06861473800213432,-0.9976432316860063,0.1369060579234758,0.9905840354577969,0.0,0.0,0.0,102393.75,111.25,59.125,20.412500000000023,0
2020-07-06,-0.0857305001556945,-0.9963183634476755,0.1708297432253445,0.9853005626861089,0.0,0.0,0.0,102202.5,-191.25,61.0,22.925000000000026,1
2020-07-07,-0.10282099713736044,-0.9946998756145891,0.2045520661262009,0.9788556850953578,1.4,1.0,1.3999999999999964,102155.0,-47.5,70.25,21.362500000000026,0
2020-07-08,-0.11988119229922714,-0.99278824516254,0.23803327706148544,0.9712569994658314,0.0,0.0,1.3999999999999964,101992.5,-162.5,54.25,20.92500000000002,0
2020-07-09,-0.13690605792347504,-0.990584035457797,0.27123391067290964,0.9625134626077082,0.0,0.0,1.3999999999999964,101722.5,-270.0,48.375,23.237500000000033,0
2020-07-10,-0.15389057670406148,-0.9880878960910772,0.30411483232751724,0.9526353808033827,0.0,0.0,0.0,101646.25,-76.25,50.0,25.987500000000033,0
2020-07-11,-0.17082974322534417,-0.985300562686109,0.33663728424691025,0.9416343976591259,0.0,0.0,0.0,101817.5,171.25,67.25,23.16250000000001,0
2020-07-12,-0.1877185654371986,-0.9822228566828407,0.36876293119225995,0.9295234803804003,0.0,0.0,0.0,102055.0,237.5,63.125,22.337500000000027,0
2020-07-13,-0.20455206612620058,-0.9788556850953579,0.40045390565126604,0.916316904487005,0.0,0.0,0.0,101950.0,-105.0,51.875,22.72500000000003,0
2020-07-14,-0.22132528438243218,-0.9752000402445826,0.4316728524737831,0.9020302369860711,0.0,0.0,0.0,102005.0,55.0,52.25,24.48750000000002,0
2020-07-15,-0.23803327706148514,-0.9712569994658315,0.462382972903514,0.8866803180227405,0.0,0.0,0.0,101868.75,-136.25,55.25,22.050000000000026,0
2020-07-16,-0.254671120241229,-0.9670277247913203,0.49254806795386485,0.8702852410301549,0.4,0.0,0.39999999999999647,102006.25,137.5,68.5,19.23750000000002,0
2020-07-17,-0.2712339106729102,-0.9625134626077081,0.5221325810768251,0.8528643314021596,0.0,0.0,0.39999999999999647,102265.0,258.75,70.75,18.462500000000013,0
2020-07-18,-0.287716767226167,-0.9577155432887803,0.5511016400746002,0.8344381237138473,0.0,0.0,0.39999999999999647,102071.25,-193.75,66.0,20.71250000000002,0
2020-07-19,-0.3041148323275178,-0.9526353808033826,0.5794210982045636,0.8150283375168115,0.0,0.0,0.0,101756.25,-315.0,52.75,23.462500000000013,0
2020-07-20,-0.32042327339191096,-0.947274472298717,0.6070575744290999,0.7946578517376254,0.0,0.0,0.0,101453.75,-302.5,51.375,25.18750000000002,0
2020-07-21,-0.3366372842469099,-0.941634397659126,0.6339784927628861,0.7733506777097303,0.0,0.0,0.0,101543.75,90.0,53.375,26.400000000000027,0
2020-07-22,-0.35275208654909473,-0.9357168190404936,0.6601521206712317,0.7511319308705199,0.0,0.0,0.0,101787.5,243.75,58.125,26.65000000000002,0
2020-07-23,-0.36876293119226006,-0.9295234803804003,0.6855476064742153,0.728027801156985,0.6000000000000001,0.0,0.5999999999999965,101803.75,16.25,55.625,27.512500000000017,0
2020-07-24,-0.38466509970700097,-0.9230562068841761,0.7101350157125355,0.704065522134806,0.0,0.0,0.5999999999999965,101611.25,-192.5,62.25,26.23750000000002,0
2020-07-25,-0.40045390565126615,-0.9163169044870049,0.7338853664321986,0.6792733388972937,0.0,0.0,0.5999999999999965,101672.5,61.25,49.25,24.537500000000023,0
2020-07-26,-0.4161246959914748,-0.9093075592922356,0.756770663346463,0.6536804747720053,0.0,0.0,0.0,101626.25,-46.25,54.125,23.225000000000016,0
2020-07-27,-0.431672852473784,-0.9020302369860707,0.7787639308347609,0.6273170968742934,0.0,0.0,0.0,101752.5,126.25,61.625,23.31250000000003,0
2020-07-28,-0.44709379298511404,-0.8944870822287955,0.7998392447397196,0.600214280548368,0.0,0.0,0.0,101431.25,-321.25,54.0,27.73750000000002,0
2020-07-29,-0.4623829729035149,-0.88668031802274,0.8199717629247771,0.5724039727378148,1.0,0.0,0.9999999999999964,101741.25,310.0,69.5,24.18750000000002,0
2020-07-30,-0.4775358864374881,-0.8786122450571483,0.8391377545563937,0.5439189543287248,0.0,0.0,0.9999999999999964,101727.5,-13.75,61.0,26.31250000000003,0
2020-07-31,-0.4925480679538642,-0.8702852410301554,0.8573146280763321,0.5147928015098311,0.0,0.0,0.9999999999999964,101422.5,-305.0,54.25,28.862500000000026,0
2020-08-01,-0.5074150932938452,-0.8617017599480683,0.8744809578310394,0.4850598461951968,0.0,0.0,0.0,101387.5,-35.0,53.125,29.775000000000027,0
2020-08-02,-0.5221325810768248,-0.8528643314021597,0.8906165093267404,0.45475513555610586,0.0,0.0,0.0,101811.25,423.75,63.0,25.18750000000003,0
2020-08-03,-0.5366961939916003,-0.8437755598231858,0.9057022630804713,0.423914390709861,0.0,0.0,0.0,101880.0,68.75,60.5,22.36250000000002,0
2020-08-04,-0.5511016400745998,-0.8344381237138474,0.9197204370389465,0.3925739646141723,0.0,0.0,0.0,101732.5,-147.5,54.25,21.02500000000002,0
2020-08-10,-0.6339784927628865,-0.77335067770973,0.9805753940631429,0.19614254142819723,2.4,1.0,2.3999999999999964,101485.0,-323.75,52.0,29.30000000000002,1
2020-08-11,-0.6471606673266059,-0.7623536388483905,0.9867305793119814,0.16236614133076424,8.4,1.0,10.799999999999997,101242.5,-242.5,65.625,26.937500000000014,0
2020-08-12,-0.6601521206712315,-0.7511319308705201,0.9917226741361014,0.12839835514655165,0.0,0.0,10.799999999999997,101275.0,32.5,62.0,27.837500000000027,1
2020-08-13,-0.6729490241558326,-0.7396888608649671,0.9955457941960381,0.09427922177542543,4.9,1.0,13.299999999999997,101171.25,-103.75,69.75,25.262500000000017,0
2020-08-14,-0.6855476064742154,-0.7280278011569848,0.998195433059714,0.06004895851494862,0.0,0.0,4.899999999999997,101641.25,470.0,73.75,21.35000000000003,0
2020-08-15,-0.6979441547663433,-0.7161521883143935,0.999668467514313,0.025747913654989123,0.0,0.0,4.899999999999997,101677.5,36.25,64.125,23.050000000000026,0
2020-08-16,-0.7101350157125356,-0.7040655221348059,0.9999631612477099,-0.008583481082086243,0.0,0.0,0.0,101158.75,-518.75,55.625,25.612500000000026,0
2020-08-21,-0.7678804460366,-0.6405931786981752,0.9837979515735163,-0.1792807588107354,0.0,0.0,0.19999999999999646,100667.5,-176.25,64.5,27.850000000000037,0
2020-08-22,-0.7787639308347605,-0.627317096874294,0.9770638564833509,-0.21294651993841524,0.0,0.0,0.0,101231.25,563.75,64.25,27.25000000000002,0
2020-08-23,-0.7894179103280194,-0.6138561418226122,0.9691780654392538,-0.24636127429331403,0.0,0.0,0.0,102240.0,1008.75,66.5,22.662500000000016,0
2020-08-24,-0.7998392447397191,-0.6002142805483686,0.9601498736716021,-0.2794856348516085,0.0,0.0,0.0,102297.5,57.5,58.375,22.400000000000027,0
2020-08-25,-0.8100248628547748,-0.5863955333706962,0.9499899229945014,-0.3122805568857935,0.0,0.0,0.0,101922.5,-375.0,54.875,22.46250000000002,0
2020-08-26,-0.8199717629247767,-0.5724039727378154,0.9387101892619447,-0.34470738398793244,0.0,0.0,0.0,101496.25,-426.25,50.0,24.700000000000024,0
2020-08-27,-0.8296770135526185,-0.5582437220268655,0.9263239682514957,-0.3767278936351835,0.2,0.0,0.19999999999999646,102016.25,520.0,68.5,23.687500000000014,0
2020-08-28,-0.8391377545563938,-0.5439189543287248,0.9128458599921356,-0.4083043422438932,0.0,0.0,0.19999999999999646,101702.5,-313.75,60.375,25.300000000000026,1
2020-08-29,-0.8483511978123038,-0.5294338912181854,0.8982917515547532,-0.4393995096591412,7.1,1.0,7.299999999999996,101143.75,-558.75,77.875,19.95000000000003,0
2020-08-30,-0.8573146280763322,-0.514792801509831,0.8826787983255477,-0.46997674302731945,0.0,0.0,7.099999999999996,100831.25,-312.5,73.125,17.637500000000024,1
2020-08-31,-0.8660254037844385,-0.5000000000000004,0.8660254037844392,-0.4999999999999992,1.2,1.0,8.299999999999995,101496.25,665.0,71.5,17.35000000000001,0
2020-09-01,-0.8744809578310394,-0.4850598461951967,0.8483511978123045,-0.5294338912181843,0.0,0.0,1.1999999999999964,101970.0,473.75,63.875,17.86250000000002,0
2020-09-02,-0.8826787983255475,-0.4699767430273199,0.8296770135526187,-0.558243722026865,0.0,0.0,1.1999999999999964,101596.25,-373.75,60.75,18.76250000000003,0
2020-09-03,-0.8906165093267404,-0.45475513555610575,0.810024862854775,-0.5863955333706958,0.0,0.0,0.0,101847.5,251.25,49.375,19.15000000000002,0
2020-09-04,-0.8982917515547529,-0.43939950965914165,0.7894179103280198,-0.6138561418226118,0.0,0.0,0.0,102220.0,372.5,50.875,20.12500000000002,0
2020-09-05,-0.9057022630804714,-0.42391439070986087,0.7678804460366003,-0.6405931786981749,0.0,0.0,0.0,102208.75,-11.25,50.25,22.48750000000002,0
2020-09-06,-0.9128458599921354,-0.40830434224389367,0.7454378568683006,-0.6665751282095627,0.0,0.0,0.0,102050.0,-158.75,61.125,23.025000000000027,0
2020-09-07,-0.9197204370389468,-0.3925739646141714,0.7221165966101155,-0.6917713646142226,0.0,0.0,0.0,102068.75,18.75,58.125,20.337500000000027,0
2020-09-08,-0.9263239682514951,-0.3767278936351848,0.6979441547663431,-0.7161521883143938,0.0,0.0,0.0,102281.25,212.5,48.125,18.775000000000034,0
2020-09-09,-0.9326545075388225,-0.3607707992167831,0.6729490241558326,-0.7396888608649671,0.0,0.0,0.0,102472.5,191.25,49.625,19.50000000000002,0
2020-09-10,-0.9387101892619443,-0.3447073839879337,0.6471606673266059,-0.7623536388483905,1.0,0.0,0.9999999999999964,102225.0,-247.5,71.625,19.06250000000002,0
2020-09-11,-0.9444892287836613,-0.32854238191083474,0.6206094818274228,-0.7841198065767104,0.0,0.0,0.9999999999999964,101888.75,-336.25,71.75,21.61250000000002,0
2020-09-12,-0.9499899229945009,-0.3122805568857948,0.5933267643772322,-0.8049617075821958,0.0,0.0,0.9999999999999964,101615.0,-273.75,61.0,23.412500000000016,0
2020-09-13,-0.9552106508146316,-0.29592670134728966,0.5653446739747433,-0.824854774859424,0.0,0.0,0.0,101916.25,301.25,52.5,22.787500000000023,0
2020-09-14,-0.9601498736716017,-0.2794856348516098,0.5366961939916012,-0.8437755598231852,0.0,0.0,0.0,102163.75,247.5,50.5,24.075000000000024,0
2020-09-15,-0.9648061359537644,-0.2629622026565152,0.5074150932938464,-0.8617017599480676,0.0,0.0,0.0,102000.0,-163.75,47.625,26.287500000000023,0
2020-09-16,-0.9691780654392534,-0.24636127429331536,0.47753588643748934,-0.8786122450571476,0.0,0.0,0.0,101971.25,-28.75,58.375,24.600000000000016,0
2020-09-17,-0.9732643737003823,-0.2296877421317963,0.44709379298511526,-0.8944870822287949,0.0,0.0,0.0,101832.5,-138.75,53.875,25.61250000000002,0
2020-09-18,-0.9770638564833508,-0.21294651993841573,0.41612469599147445,-0.9093075592922358,0.0,0.0,0.0,101460.0,-372.5,49.875,25.51250000000001,0
2020-09-19,-0.9805753940631429,-0.19614254142819712,0.3846650997070014,-0.923056206884176,0.0,0.0,0.0,101232.5,-227.5,58.5,24.575000000000017,1
2020-09-20,-0.9837979515735163,-0.1792807588107359,0.35275208654909523,-0.9357168190404935,2.8,1.0,2.7999999999999963,101162.5,-70.0,68.375,23.00000000000002,0
2020-09-21,-0.9867305793119814,-0.16236614133076413,0.32042327339191184,-0.9472744722987166,0.0,0.0,2.7999999999999963,101522.5,360.0,70.25,20.712500000000027,0
2020-09-22,-0.9893724130196829,-0.14540367380369032,0.2877167672261679,-0.9577155432887801,0.0,0.0,2.7999999999999963,101677.5,155.0,78.5,19.68750000000002,1
2020-09-23,-0.9917226741361014,-0.12839835514655154,0.2546711202412299,-0.96702772479132,1.7999999999999998,1.0,1.7999999999999963,101447.5,-230.0,81.5,19.162500000000023,0
2020-09-24,-0.9937806700284985,-0.11135519690480865,0.2213252843824322,-0.9752000402445826,0.2,0.0,1.9999999999999962,101097.5,-350.0,73.5,20.33750000000002,0
2020-09-25,-0.9955457941960382,-0.09427922177542443,0.18771856543719864,-0.9822228566828407,0.0,0.0,1.9999999999999962,101123.75,26.25,73.875,18.90000000000002,1
2020-09-26,-0.9970175264485267,-0.07717546212664643,0.15389057670406195,-0.9880878960910772,7.2,1.0,7.399999999999997,101457.5,333.75,80.0,11.912500000000023,1
2020-09-27,-0.998195433059714,-0.06004895851494849,0.11988119229922763,-0.9927882451625399,21.400000000000002,1.0,28.599999999999998,101485.0,27.5,86.875,11.27500000000002,1
2020-09-28,-0.9990791668951153,-0.04290475819955383,0.08573050015569322,-0.9963183634476757,1.8,1.0,30.4,101558.75,73.75,81.375,10.687500000000021,1
2020-09-29,-0.9996684675143132,-0.025747913654988113,0.05147875477034565,-0.9986740898848305,2.0,1.0,25.2,101858.75,300.0,72.875,14.337500000000027,0
2020-09-30,-0.9999631612477099,-0.008583481082086734,0.01716632975470673,-0.9998526477050269,0.0,0.0,3.7999999999999963,102043.75,185.0,72.375,13.250000000000028,0
2020-10-01,-0.9999631612477099,0.008583481082087254,-0.01716632975470777,-0.9998526477050269,0.0,0.0,1.9999999999999964,101558.75,-485.0,70.375,15.025000000000006,0
2020-10-02,-0.999668467514313,0.025747913654988634,-0.05147875477034669,-0.9986740898848305,0.2,0.0,0.19999999999999646,100885.0,-673.75,81.875,14.900000000000013,1
2020-10-03,-0.9990791668951153,0.04290475819955435,-0.08573050015569426,-0.9963183634476755,11.5,1.0,11.699999999999996,99301.25,-1583.75,86.375,11.90000000000002,1
2020-10-04,-0.998195433059714,0.06004895851494813,-0.1198811922992269,-0.99278824516254,5.8,1.0,17.499999999999996,99888.75,587.5,77.375,11.887500000000017,1
2020-10-05,-0.9970175264485267,0.07717546212664607,-0.15389057670406123,-0.9880878960910773,4.0,1.0,21.299999999999997,100548.75,660.0,78.375,12.012500000000017,0
2020-10-06,-0.9955457941960382,0.09427922177542405,-0.18771856543719792,-0.9822228566828408,0.2,0.0,9.999999999999996,101460.0,911.25,70.875,13.925000000000026,1
2020-10-07,-0.9937806700284985,0.11135519690480827,-0.22132528438243151,-0.9752000402445827,4.4,1.0,8.599999999999998,101762.5,302.5,84.25,15.850000000000016,1
2020-10-08,-0.9917226741361016,0.1283983551465503,-0.25467112024122746,-0.9670277247913207,11.1,1.0,15.699999999999996,102323.75,561.25,79.375,16.087500000000027,0
2020-10-09,-0.9893724130196829,0.14540367380368996,-0.2877167672261672,-0.9577155432887803,0.0,0.0,15.499999999999996,102451.25,127.5,82.625,15.58750000000002,0
2020-10-10,-0.9867305793119814,0.16236614133076377,-0.3204232733919111,-0.9472744722987169,0.0,0.0,11.099999999999994,102335.0,-116.25,81.0,16.287500000000023,0
2020-10-11,-0.9837979515735163,0.17928075881073555,-0.3527520865490945,-0.9357168190404938,0.4,0.0,0.39999999999999647,102575.0,240.0,75.75,15.46250000000002,1
2020-10-12,-0.980575394063143,0.19614254142819676,-0.38466509970700075,-0.9230562068841762,4.2,1.0,4.599999999999997,102605.0,30.0,79.875,11.137500000000024,0
2020-10-13,-0.9770638564833509,0.21294651993841537,-0.4161246959914738,-0.9093075592922362,0.0,0.0,4.599999999999997,102436.25,-168.75,80.875,10.962500000000027,1
2020-10-14,-0.9732643737003827,0.22968774213179508,-0.44709379298511304,-0.894487082228796,2.6,1.0,6.799999999999997,101512.5,-923.75,85.0,12.087500000000013,1
2020-10-15,-0.9691780654392538,0.24636127429331414,-0.4775358864374871,-0.8786122450571489,19.3,1.0,21.9,101211.25,-301.25,90.0,9.912500000000016,0
2020-10-16,-0.9648061359537647,0.262962202656514,-0.5074150932938442,-0.861701759948069,1.0,0.0,22.9,101745.0,533.75,83.875,9.450000000000017,0
2020-10-17,-0.9601498736716018,0.2794856348516095,-0.5366961939916005,-0.8437755598231856,0.0,0.0,20.299999999999997,102085.0,340.0,78.75,9.450000000000017,0
2020-10-18,-0.9552106508146317,0.2959267013472893,-0.5653446739747428,-0.8248547748594245,0.0,0.0,0.9999999999999964,101891.25,-193.75,79.625,9.300000000000018,0
2020-10-19,-0.9499899229945011,0.3122805568857945,-0.5933267643772315,-0.8049617075821962,0.0,0.0,0.0,102197.5,306.25,77.625,10.500000000000028,0
2020-10-20,-0.9444892287836614,0.3285423819108344,-0.6206094818274223,-0.7841198065767109,0.0,0.0,0.0,101803.75,-393.75,77.75,12.900000000000027,0
2020-10-21,-0.938710189261944,0.3447073839879342,-0.6471606673266067,-0.7623536388483897,0.0,0.0,0.0,101036.25,-767.5,77.125,16.725000000000016,0
2020-10-22,-0.9326545075388223,0.3607707992167836,-0.6729490241558334,-0.7396888608649664,0.0,0.0,0.0,100720.0,-316.25,76.875,18.987500000000026,0
2020-10-23,-0.9263239682514949,0.3767278936351853,-0.6979441547663439,-0.7161521883143931,0.0,0.0,0.0,101237.5,517.5,83.75,17.887500000000024,0
2020-10-24,-0.9197204370389466,0.3925739646141719,-0.7221165966101162,-0.6917713646142218,0.8,0.0,0.7999999999999965,101777.5,540.0,87.125,15.250000000000028,0
2020-10-25,-0.9128458599921356,0.40830434224389334,-0.7454378568683001,-0.6665751282095633,0.0,0.0,0.7999999999999965,102086.25,308.75,78.625,13.53750000000003,1
2020-10-26,-0.9057022630804715,0.42391439070986053,-0.7678804460365998,-0.6405931786981754,4.6,1.0,5.399999999999996,101055.0,-1031.25,84.25,12.700000000000024,1
2020-10-27,-0.898291751554753,0.4393995096591413,-0.7894179103280193,-0.6138561418226124,8.7,1.0,13.299999999999995,101336.25,281.25,82.875,10.53750000000003,0
2020-10-28,-0.8906165093267406,0.4547551355561054,-0.8100248628547747,-0.5863955333706964,0.2,0.0,13.499999999999995,101586.25,250.0,71.75,13.000000000000036,1
2020-10-29,-0.8826787983255476,0.46997674302731957,-0.8296770135526182,-0.5582437220268657,2.0,1.0,10.899999999999995,102035.0,448.75,89.125,13.725000000000023,0
2020-10-30,-0.8744809578310401,0.4850598461951956,-0.8483511978123032,-0.5294338912181864,0.0,0.0,2.1999999999999966,102653.75,618.75,78.875,13.637500000000024,0
2020-10-31,-0.8660254037844386,0.5000000000000001,-0.8660254037844387,-0.49999999999999983,0.0,0.0,1.9999999999999967,102582.5,-71.25,83.125,12.162500000000023,0
2020-11-01,-0.8573146280763323,0.5147928015098306,-0.8826787983255474,-0.4699767430273201,0.0,0.0,0.0,102377.5,-205.0,84.75,12.162500000000023,0
2020-11-02,-0.848351197812304,0.5294338912181851,-0.8982917515547528,-0.4393995096591418,0.0,0.0,0.0,102237.5,-140.0,79.625,13.650000000000034,0
2020-11-03,-0.8391377545563939,0.5439189543287245,-0.9128458599921354,-0.4083043422438939,0.0,0.0,0.0,102146.25,-91.25,83.25,14.975000000000023,1
2020-11-04,-0.8296770135526191,0.5582437220268645,-0.9263239682514947,-0.37672789363518583,4.6,1.0,4.599999999999996,102908.75,762.5,89.375,12.050000000000026,0
2020-11-05,-0.8199717629247775,0.5724039727378144,-0.9387101892619438,-0.3447073839879348,0.8,0.0,5.399999999999996,102782.5,-126.25,77.25,9.887500000000024,0
2020-11-06,-0.8100248628547756,0.5863955333706952,-0.9499899229945006,-0.31228055688579587,0.0,0.0,5.399999999999996,102793.75,11.25,82.5,9.437500000000021,0
2020-11-07,-0.7998392447397198,0.6002142805483676,-0.9601498736716013,-0.27948563485161093,0.0,0.0,0.7999999999999965,102230.0,-563.75,75.5,15.91250000000003,0
2020-11-08,-0.7894179103280197,0.613856141822612,-0.9691780654392536,-0.24636127429331475,0.0,0.0,0.0,101742.5,-487.5,78.5,16.80000000000002,0
2020-11-09,-0.7787639308347607,0.6273170968742937,-0.9770638564833507,-0.21294651993841596,0.2,0.0,0.19999999999999646,102106.25,363.75,86.375,14.750000000000021,0
2020-11-10,-0.7678804460366002,0.640593178698175,-0.9837979515735162,-0.17928075881073613,0.0,0.0,0.19999999999999646,102147.5,41.25,80.75,15.637500000000031,0
2020-11-11,-0.7567706633464628,0.6536804747720056,-0.9893724130196828,-0.14540367380369057,0.2,0.0,0.39999999999999647,102685.0,537.5,88.25,13.38750000000001,0
2020-11-12,-0.7454378568682999,0.6665751282095634,-0.9937806700284985,-0.11135519690480801,0.0,0.0,0.19999999999999646,102428.75,-256.25,88.0,11.187500000000028,0
2020-11-13,-0.7338853664321989,0.6792733388972934,-0.9970175264485267,-0.07717546212664579,0.0,0.0,0.19999999999999646,102221.25,-207.5,81.125,13.237500000000033,0
2020-11-14,-0.7221165966101161,0.6917713646142221,-0.9990791668951153,-0.042904758199554076,0.0,0.0,0.0,102035.0,-186.25,80.0,14.425000000000026,0
2020-11-15,-0.7101350157125358,0.7040655221348057,-0.9999631612477099,-0.008583481082086978,0.0,0.0,0.0,101802.5,-232.5,79.75,15.612500000000018,1
2020-11-16,-0.6979441547663436,0.7161521883143932,-0.9996684675143132,0.02574791365498839,3.4,1.0,3.3999999999999964,101636.25,-166.25,81.75,16.237500000000026,1
2020-11-17,-0.6855476064742156,0.7280278011569846,-0.998195433059714,0.06004895851494788,3.7,1.0,7.099999999999996,102562.5,926.25,81.0,12.40000000000002,0
2020-11-18,-0.6729490241558331,0.7396888608649665,-0.9955457941960382,0.09427922177542382,0.0,0.0,7.099999999999996,102740.0,177.5,79.375,10.475000000000037,0
2020-11-19,-0.6601521206712321,0.7511319308705195,-0.9917226741361016,0.12839835514655004,0.0,0.0,3.6999999999999966,102615.0,-125.0,75.0,13.312500000000021,1
2020-11-20,-0.6471606673266065,0.7623536388483899,-0.9867305793119816,0.16236614133076263,1.4,1.0,1.3999999999999964,103358.75,743.75,84.875,10.137500000000031,0
2020-11-21,-0.6339784927628872,0.7733506777097294,-0.9805753940631432,0.19614254142819565,0.0,0.0,1.3999999999999964,103608.75,250.0,74.625,8.175000000000026,0
2020-11-22,-0.6206094818274227,0.7841198065767104,-0.9732643737003824,0.22968774213179569,0.0,0.0,1.3999999999999964,103240.0,-368.75,83.625,4.287500000000016,0
2020-11-23,-0.607057574429101,0.7946578517376245,-0.9648061359537651,0.26296220265651293,0.0,0.0,0.0,102888.75,-351.25,77.625,4.925000000000033,0
2020-11-24,-0.5933267643772321,0.8049617075821958,-0.9552106508146317,0.2959267013472891,0.0,0.0,0.0,102946.25,57.5,83.875,5.075000000000024,0
2020-11-25,-0.5794210982045647,0.8150283375168107,-0.944489228783662,0.3285423819108325,0.0,0.0,0.0,102232.5,-713.75,82.25,7.062500000000021,0
2020-11-26,-0.5653446739747432,0.8248547748594242,-0.9326545075388227,0.36077079921678257,0.0,0.0,0.0,101540.0,-692.5,83.25,11.337500000000027,0
2020-11-27,-0.5511016400745998,0.8344381237138475,-0.9197204370389463,0.3925739646141725,0.0,0.0,0.0,101562.5,22.5,82.375,13.062500000000036,0
2020-11-28,-0.5366961939916011,0.8437755598231853,-0.9057022630804721,0.4239143907098595,0.0,0.0,0.0,101376.25,-186.25,80.5,14.075000000000017,0
2020-11-29,-0.5221325810768248,0.8528643314021598,-0.8906165093267403,0.45475513555610597,0.8,0.0,0.7999999999999965,100981.25,-395.0,81.375,12.425000000000033,0
2020-11-30,-0.5074150932938463,0.8617017599480677,-0.8744809578310405,0.4850598461951946,0.0,0.0,0.7999999999999965,101625.0,643.75,81.5,11.125000000000021,0
2020-12-01,-0.4925480679538645,0.8702852410301551,-0.8573146280763324,0.5147928015098305,0.0,0.0,0.7999999999999965,102388.75,763.75,90.25,6.35000000000003,1
2020-12-02,-0.47753588643748845,0.8786122450571482,-0.8391377545563942,0.5439189543287243,4.199999999999999,1.0,4.199999999999996,102391.25,2.5,92.125,6.8000000000000185,1
2020-12-03,-0.4623829729035152,0.8866803180227398,-0.8199717629247776,0.5724039727378142,1.8,1.0,5.999999999999996,101975.0,-416.25,92.375,4.687500000000028,0
2020-12-04,-0.44709379298511437,0.8944870822287954,-0.79983924473972,0.6002142805483675,0.0,0.0,5.999999999999996,100830.0,-1145.0,74.0,7.450000000000031,1
2020-12-09,-0.3687629311922604,0.9295234803804002,-0.6855476064742159,0.7280278011569845,0.4,0.0,12.699999999999996,100420.0,230.0,82.625,5.775000000000027,0
2020-12-10,-0.3527520865490943,0.9357168190404939,-0.660152120671231,0.7511319308705207,0.8,0.0,9.499999999999995,101463.75,1043.75,88.375,5.987500000000026,1
2020-12-11,-0.3366372842469107,0.9416343976591258,-0.6339784927628873,0.7733506777097293,10.6,1.0,11.799999999999995,100701.25,-762.5,91.5,7.450000000000017,1
2020-12-12,-0.3204232733919109,0.947274472298717,-0.6070575744290998,0.7946578517376255,17.1,1.0,28.499999999999996,100247.5,-453.75,89.875,9.762500000000031,1
2020-12-13,-0.30411483232751857,0.9526353808033823,-0.5794210982045649,0.8150283375168105,4.2,1.0,31.899999999999995,100928.75,681.25,85.5,9.487500000000033,0
2020-12-14,-0.28771676722616696,0.9577155432887803,-0.5511016400746,0.8344381237138473,0.0,0.0,21.299999999999997,101436.25,507.5,86.375,8.475000000000023,0
2020-12-15,-0.27123391067291097,0.9625134626077079,-0.5221325810768265,0.8528643314021587,0.0,0.0,4.199999999999997,101036.25,-400.0,83.75,10.575000000000017,1
2020-12-16,-0.25467112024122895,0.9670277247913203,-0.49254806795386474,0.870285241030155,10.7,1.0,10.699999999999996,101342.5,306.25,91.375,10.625000000000028,0
2020-12-17,-0.23803327706148678,0.9712569994658311,-0.462382972903517,0.886680318022739,0.0,0.0,10.699999999999996,101456.25,113.75,88.625,9.487500000000026,0
2020-12-18,-0.22132528438243296,0.9752000402445824,-0.43167285247378456,0.9020302369860703,0.0,0.0,10.699999999999996,102347.5,891.25,93.875,8.375000000000021,0
2020-12-19,-0.2045520661262005,0.9788556850953579,-0.4004539056512659,0.916316904487005,0.0,0.0,0.0,102150.0,-197.5,94.875,9.40000000000002,0
2020-12-20,-0.1877185654371994,0.9822228566828405,-0.36876293119226145,0.9295234803803998,0.0,0.0,0.0,101737.5,-412.5,92.5,10.550000000000026,1
2020-12-21,-0.17082974322534408,0.985300562686109,-0.3366372842469101,0.941634397659126,2.6,1.0,2.5999999999999965,102315.0,577.5,92.375,9.975000000000023,1
2020-12-22,-0.1538905767040627,0.9880878960910771,-0.3041148323275197,0.952635380803382,1.5999999999999999,1.0,4.199999999999997,102577.5,262.5,95.25,7.750000000000021,0
2020-12-23,-0.1369060579234754,0.9905840354577969,-0.27123391067291036,0.962513462607708,0.0,0.0,4.199999999999997,102470.0,-107.5,92.625,11.312500000000021,0
2020-12-24,-0.1198811922992275,0.99278824516254,-0.23803327706148616,0.9712569994658312,0.2,0.0,1.7999999999999963,102111.25,-358.75,87.875,11.787500000000023,0
2020-12-25,-0.1028209971373608,0.9946998756145891,-0.2045520661262016,0.9788556850953577,0.4,0.0,0.5999999999999965,102308.75,197.5,82.5,9.312500000000021,0
2020-12-26,-0.08573050015569487,0.9963183634476755,-0.17082974322534522,0.9853005626861088,1.0,0.0,1.5999999999999965,102765.0,456.25,83.0,4.000000000000021,0
2020-12-27,-0.06861473800213468,0.9976432316860063,-0.13690605792347654,0.9905840354577968,0.0,0.0,1.3999999999999966,103033.75,268.75,78.0,2.7500000000000284,0
2020-12-28,-0.05147875477034641,0.9986740898848305,-0.10282099713736016,0.9946998756145891,0.0,0.0,0.9999999999999964,100795.0,-2238.75,82.625,1.7500000000000284,1
2020-12-29,-0.034327600513243496,0.9994106342455052,-0.06861473800213404,0.9976432316860063,27.5,1.0,27.499999999999996,99192.5,-1602.5,87.375,5.600000000000016,1
2020-12-30,-0.017166329754707492,0.9998526477050269,-0.034327600513243746,0.9994106342455052,7.4,1.0,34.9,100058.75,866.25,85.875,5.387500000000031,0
2020-12-31,-2.4492935982947064e-16,1.0,-4.898587196589413e-16,1.0,0.6000000000000001,0.0,35.5,101101.25,1042.5,85.75,5.362500000000026,1
2021-01-01,0.017213356155834685,0.9998518392091162,0.03442161162274574,0.9994074007397048,3.6,1.0,11.599999999999998,100946.25,-155.0,82.0,7.250000000000014,0
2021-01-02,0.03442161162274574,0.9994074007397048,0.06880242680231986,0.9976303053065857,0.0,0.0,4.199999999999997,100893.75,-52.5,93.875,2.8500000000000156,0
2021-01-03,0.051619667223253764,0.998666816288476,0.10310169744743485,0.9946708199115211,0.0,0.0,3.5999999999999965,101295.0,401.25,86.875,0.5375000000000227,0
2021-01-04,0.06880242680231986,0.9976303053065857,0.13727877211326478,0.9905324521322229,0.0,0.0,0.0,101421.25,126.25,68.625,2.637500000000024,0
2021-01-05,0.08596479873744647,0.9962981749346078,0.1712931441814776,0.9852201067560606,0.0,0.0,0.0,101047.5,-373.75,76.625,2.275000000000013,0
2021-01-06,0.10310169744743485,0.9946708199115211,0.2051044998686192,0.9787400799669153,0.0,0.0,0.0,101280.0,232.5,84.0,1.6625000000000156,0
2021-01-07,0.1202080448993527,0.9927487224577402,0.2386727660059501,0.9711000518829505,0.0,0.0,0.0,101666.25,386.25,75.625,2.0500000000000185,0
2021-01-08,0.13727877211326478,0.9905324521322229,0.2719581575341055,0.9623090774541486,0.0,0.0,0.0,101767.5,101.25,82.5,-1.3874999999999815,0
2021-01-09,0.15430882066428117,0.9880226656636976,0.30492122465628907,0.9523775757303974,0.0,0.0,0.0,101750.0,-17.5,85.5,-1.1374999999999815,0
2021-01-10,0.1712931441814776,0.9852201067560606,0.3375228995941133,0.9413173175128471,0.0,0.0,0.0,101397.5,-352.5,84.625,0.3750000000000142,0
2021-01-11,0.1882267098432442,0.9821256058680006,0.3697245428906731,0.9291414114031743,0.0,0.0,0.0,101736.25,338.75,77.75,1.08750000000002,0
2021-01-12,0.2051044998686192,0.9787400799669153,0.401487989205973,0.9158642882672872,0.0,0.0,0.0,102620.0,883.75,86.75,-1.5749999999999815,0
2021-01-13,0.2219215130041655,0.9750645322571948,0.4327755925504312,0.901501684131884,0.0,0.0,0.0,102985.0,365.0,80.0,2.0375000000000227,0
2021-01-14,0.2386727660059501,0.9711000518829505,0.4635502709028509,0.886070621534138,0.0,0.0,0.0,102975.0,-10.0,86.0,8.512500000000017,0
2021-01-15,0.255353295116187,0.9668478136052775,0.49377555015997715,0.869589389346611,0.8,0.0,0.7999999999999965,102766.25,-208.75,90.75,8.012500000000017,0
2021-01-16,0.2719581575341055,0.9623090774541486,0.5234156073655503,0.8520775211013093,0.6000000000000001,0.0,1.3999999999999966,102730.0,-36.25,79.125,7.65000000000002,0
2021-01-17,0.288482432880609,0.9574851883550393,0.5524353131676196,0.8335557718385699,0.0,0.0,1.3999999999999966,103007.5,277.5,82.75,2.8125000000000284,1
2021-01-18,0.30492122465628907,0.9523775757303974,0.5808002734538009,0.8140460935082178,2.2,1.0,2.7999999999999967,102738.75,-268.75,84.625,7.262500000000031,0
2021-01-19,0.3212696616923644,0.9469877530760753,0.6084768701151261,0.7935716089521474,0.0,0.0,2.1999999999999966,103016.25,277.5,84.25,2.525000000000013,0
2021-01-20,0.3375228995941133,0.9413173175128471,0.6354323008901774,0.7721565844991642,0.0,0.0,2.1999999999999966,102228.75,-787.5,82.75,3.5625000000000284,0
2021-01-21,0.3536761221763716,0.9353679493131483,0.6616346182422783,0.7498264012045686,0.0,0.0,0.0,100767.5,-1461.25,78.0,8.400000000000034,0
2021-01-22,0.3697245428906731,0.9291414114031743,0.6870527672236669,0.7266075247685656,0.2,0.0,0.19999999999999646,100600.0,-167.5,84.875,9.350000000000023,1
2021-01-23,0.38566340624360707,0.9226395488404876,0.7116566222817746,0.7025274741691571,8.0,1.0,8.199999999999996,100187.5,-412.5,85.75,8.050000000000018,1
2021-01-24,0.401487989205973,0.9158642882672872,0.7354170229639855,0.6776147890466889,7.5,1.0,15.699999999999996,100545.0,357.5,84.0,6.875000000000028,1
2021-01-25,0.4171936026123168,0.9088176373395029,0.7583058084785624,0.6518989958787126,9.8,1.0,25.299999999999997,100733.75,188.75,87.75,6.33750000000002,1
2021-01-26,0.4327755925504312,0.901501684131884,0.7802958510707755,0.6254105729852463,6.9,1.0,24.199999999999996,101180.0,446.25,88.375,6.625000000000021,0
2021-01-27,0.4482293417404106,0.893918596519257,0.8013610881746766,0.5981809144059165,0.0,0.0,16.699999999999996,102361.25,1181.25,71.375,3.5000000000000355,1
2021-01-28,0.4635502709028509,0.886070621534138,0.8214765533024142,0.5702422926917871,7.800000000000001,1.0,14.699999999999998,102162.5,-198.75,96.625,9.312500000000028,0
2021-01-29,0.47873384011578846,0.8779600847008882,0.8406184056344782,0.5416278206559814,0.4,0.0,8.199999999999998,102057.5,-105.0,86.875,13.262500000000024,1
2021-01-30,0.49377555015997715,0.869589389346611,0.8587639582758029,0.5123714121284237,7.7,1.0,15.899999999999999,101695.0,-362.5,86.5,12.337500000000027,1
2021-01-31,0.5086709438521044,0.8609610158889943,0.8758917051442429,0.48250774176121847,4.3999999999999995,1.0,12.499999999999996,100673.75,-1021.25,87.25,9.875000000000021,1
2021-02-01,0.5234156073655503,0.8520775211013093,0.8919813464595485,0.45207220393230435,7.4,1.0,19.499999999999996,100348.75,-325.0,91.75,10.35000000000003,1
2021-02-02,0.5380051715382996,0.8429415373547828,0.9070138128026359,0.4211008707960896,13.9,1.0,25.699999999999996,100627.5,278.75,85.125,11.27500000000002,1
2021-02-03,0.5524353131676196,0.8335557718385699,0.9209712877166346,0.38963044953078796,1.6,1.0,22.9,101236.25,608.75,82.5,14.162500000000016,0
2021-02-04,0.5667017562911176,0.8239230057575542,0.9338372288229252,0.35769823883312546,0.6000000000000001,0.0,16.099999999999998,101077.5,-158.75,82.0,11.537500000000023,0
2021-02-05,0.5808002734538009,0.8140460935082178,0.9455963874271426,0.3253420847119801,0.0,0.0,2.1999999999999966,101186.25,108.75,85.375,11.337500000000027,0
2021-02-06,0.5947266869607634,0.8039279618328213,0.9562348265919056,0.29260033563334836,0.0,0.0,0.5999999999999965,100906.25,-280.0,80.625,12.687500000000028,0
2021-02-07,0.6084768701151261,0.7935716089521474,0.9657399376548549,0.2595117970697999,0.2,0.0,0.19999999999999646,100160.0,-746.25,80.625,12.800000000000018,1
2021-02-08,0.6220467484408675,0.7829801036770629,0.9741004551724205,0.22611568550828828,3.0,1.0,3.1999999999999966,100527.5,367.5,82.5,7.53750000000003,1
2021-02-09,0.6354323008901774,0.7721565844991642,0.9813064702716093,0.19245158197082998,3.6,1.0,6.799999999999997,99920.0,-607.5,91.0,7.2375000000000185,0
2021-02-10,0.6486295610349814,0.7611042586607747,0.9873494423939864,0.15855938510313475,0.8,0.0,7.399999999999997,100038.75,118.75,86.125,9.287500000000023,0
2021-02-11,0.6616346182422783,0.7498264012045686,0.9922222094179323,0.12447926388678915,0.2,0.0,4.599999999999997,100690.0,651.25,90.125,7.4250000000000185,0
2021-02-12,0.6744436188329455,0.7383263540031065,0.995918996147179,0.09025161003104117,0.4,0.0,1.3999999999999966,101703.75,1013.75,78.375,10.387500000000031,1
2021-02-13,0.6870527672236669,0.7266075247685656,0.9984354211555643,0.055916990100603484,3.8,1.0,4.399999999999997,101601.25,-102.5,90.25,8.825000000000017,0
2021-02-14,0.699458327051647,0.7146733860429609,0.9997685019798909,0.021516097436222254,0.0,0.0,4.199999999999996,102618.75,1017.5,93.875,6.8625000000000185,0
2021-02-15,0.7116566222817746,0.7025274741691571,0.9999166586547379,-0.01291029607500882,0.0,0.0,3.7999999999999963,103101.25,482.5,81.5,5.437500000000021,0
2021-02-16,0.7236440382959124,0.6901733882429719,0.9988797155850336,-0.04732138832243185,0.0,0.0,0.0,103105.0,3.75,70.75,8.812500000000028,0
2021-02-17,0.7354170229639855,0.6776147890466889,0.9966589017541702,-0.08167639533042241,0.0,0.0,0.0,102421.25,-683.75,80.75,10.712500000000034,0
2021-02-18,0.7469720876965552,0.6648553979642865,0.9932568492674143,-0.11593459959550041,0.0,0.0,0.0,102203.75,-217.5,75.75,11.062500000000014,0
2021-02-19,0.7583058084785624,0.6518989958787126,0.9886775902323405,-0.1500553983446526,0.0,0.0,0.0,101661.25,-542.5,84.25,11.462500000000027,0
2021-02-20,0.7694148268839378,0.6387494220515272,0.9829265519799822,-0.18399835165768005,0.0,0.0,0.0,101752.5,91.25,78.625,12.512500000000017,0
2021-02-21,0.7802958510707755,0.6254105729852463,0.9760105506323683,-0.21772323039653177,0.0,0.0,0.0,101450.0,-302.5,76.25,12.28750000000003,0
2021-02-22,0.7909456567567772,0.6118864012687243,0.9679377830240642,-0.25119006388481935,0.0,0.0,0.0,101117.5,-332.5,70.5,12.687500000000028,1
2021-02-23,0.8013610881746766,0.5981809144059165,0.9587178169872964,-0.2843591872810034,6.4,1.0,6.399999999999997,101693.75,576.25,85.75,12.000000000000021,0
2021-02-24,0.8115390590073611,0.5842981736283684,0.9483615800121715,-0.3171912885891061,0.8,0.0,7.199999999999997,103068.75,1375.0,87.375,12.887500000000024,0
2021-02-25,0.8214765533024142,0.5702422926917871,0.9368813462954315,-0.3496474552512284,0.0,0.0,7.199999999999997,103075.0,6.25,79.125,13.387500000000024,0
2021-02-26,0.8311706263658079,0.5560174366570446,0.9242907221930933,-0.3816892202666588,0.0,0.0,0.7999999999999965,102960.0,-115.0,78.0,11.850000000000023,0
2021-02-27,0.8406184056344782,0.5416278206559814,0.9106046300942162,-0.4132786077829042,0.0,0.0,0.0,103278.75,318.75,96.375,8.887500000000024,0
2021-02-28,0.8498170915275278,0.5270777086423722,0.895839290734909,-0.4443781781046132,0.0,0.0,0.0,102958.75,-320.0,75.625,9.887500000000017,0
2021-03-01,0.8587639582758029,0.5123714121284237,0.8800122039735357,-0.47495107206704995,0.0,0.0,0.0,102537.5,-421.25,78.375,8.91250000000003,0
2021-03-02,0.8674563547295969,0.49751328890718066,0.8631421280499114,-0.5049610547215204,0.0,0.0,0.0,102412.5,-125.0,72.125,12.300000000000018,0
2021-03-03,0.8758917051442429,0.48250774176121847,0.8452490573530633,-0.5343725582809786,0.0,0.0,0.0,102691.25,278.75,69.625,12.037500000000023,0
2021-03-04,0.8840675099433636,0.4673592171580022,0.8263541987239096,-0.5631507242749186,0.0,0.0,0.0,102941.25,250.0,78.0,11.000000000000014,0
2021-03-05,0.8919813464595485,0.45207220393230435,0.8064799463209448,-0.5912614448635781,0.0,0.0,0.0,102263.75,-677.5,80.75,12.08750000000002,0
2021-03-06,0.8996308696522433,0.43665123195606403,0.7856498550787147,-0.6186714032625031,0.0,0.0,0.0,101908.75,-355.0,78.875,11.10000000000003,0
2021-03-07,0.9070138128026359,0.4211008707960896,0.7638886127905428,-0.6453481132295501,0.2,0.0,0.19999999999999646,102395.0,486.25,78.25,8.387500000000031,0
2021-03-08,0.9141279881853337,0.40542572835999735,0.7412220108485958,-0.6712599575675313,0.2,0.0,0.39999999999999647,102143.75,-251.25,81.25,9.487500000000033,0
2021-03-09,0.9209712877166346,0.38963044953078796,0.717676913675962,-0.6963762255968722,0.0,0.0,0.39999999999999647,101806.25,-337.5,81.0,9.862500000000026,0
2021-03-10,0.9275416835791966,0.37371971479046906,0.6932812268869777,-0.7206671495538609,0.0,0.0,0.19999999999999646,102087.5,281.25,68.75,8.187500000000014,0
2021-03-11,0.9338372288229252,0.35769823883312546,0.6680638642135335,-0.7441039398713607,0.0,0.0,0.0,102268.75,181.25,67.125,7.362500000000011,0
2021-03-12,0.9398560579418954,0.3415707691678556,0.6420547132365637,-0.766658819300159,0.0,0.0,0.0,102098.75,-170.0,68.125,13.22500000000003,0
2021-03-13,0.9455963874271426,0.3253420847119801,0.6152845999633276,-0.7883050558305255,0.0,0.0,0.0,102237.5,138.75,70.625,10.737500000000026,0
2021-03-14,0.9510565162951535,0.30901699437494745,0.5877852522924732,-0.8090169943749473,0.0,0.0,0.0,102125.0,-112.5,66.25,9.662500000000023,1
2021-03-15,0.9562348265919056,0.29260033563334836,0.5595892624101765,-0.8287700871745038,10.200000000000001,1.0,10.199999999999998,102476.25,351.25,80.5,8.800000000000026,0
2021-03-16,0.9611297838723007,0.27609697309746883,0.5307300481619334,-0.8475409228928311,0.8,0.0,10.999999999999998,102756.25,280.0,86.375,8.725000000000023,0
2021-03-17,0.9657399376548549,0.2595117970697999,0.5012418134457758,-0.865307254363206,0.0,0.0,10.999999999999998,102985.0,228.75,72.25,10.725000000000023,0
2021-03-18,0.9700639218515071,0.2428497220959356,0.4711595076738638,-0.8820480249558537,0.6,0.0,1.3999999999999964,102821.25,-163.75,71.625,10.08750000000002,0
2021-03-19,0.9741004551724205,0.22611568550828828,0.440518784350495,-0.8977433935342337,0.0,0.0,0.5999999999999964,102456.25,-365.0,66.125,6.850000000000037,1
2021-03-20,0.9778483415056568,0.20931464596304847,0.4093559588156213,-0.9123747579707273,3.8,1.0,4.399999999999996,101767.5,-688.75,85.25,4.700000000000024,0
2021-03-21,0.9813064702716093,0.19245158197082998,0.3777079652039649,-0.9259247771938498,0.0,0.0,3.7999999999999963,102323.75,556.25,67.25,4.912500000000023,0
2021-03-22,0.9844738167520922,0.1755314904214282,0.3456123126707335,-0.9383773917408641,0.0,0.0,3.7999999999999963,102448.75,125.0,63.875,6.850000000000023,0
2021-03-23,0.9873494423939864,0.15855938510313475,0.3131070409358269,-0.9497178427914316,0.0,0.0,0.0,102350.0,-98.75,70.25,8.450000000000017,0
2021-03-24,0.989932495087353,0.141540295217043,0.28023067519921585,-0.9599326896597447,0.0,0.0,0.0,102406.25,56.25,64.375,9.187500000000036,0
2021-03-25,0.9922222094179323,0.12447926388678915,0.24702218048093552,-0.9690098257244062,0.0,0.0,0.0,102472.5,66.25,62.25,10.90000000000002,0
2021-03-26,0.994217906893952,0.10738134666416309,0.21352091543979612,-0.9769384927771817,0.0,0.0,0.0,102571.25,98.75,74.375,10.600000000000016,0
2021-03-27,0.995918996147179,0.09025161003104117,0.1797665857255624,-0.9837092937736097,0.2,0.0,0.19999999999999646,102185.0,-386.25,73.625,11.387500000000031,0
2021-03-28,0.9973249731081555,0.07309512989807777,0.1457991969198751,-0.9893142039703663,0.2,0.0,0.39999999999999647,102958.75,773.75,64.625,11.175000000000018,0
2021-03-29,0.9984354211555643,0.055916990100603484,0.11165900712169512,-0.993746580436178,0.0,0.0,0.39999999999999647,102988.75,30.0,61.125,12.175000000000018,0
2021-03-30,0.9992500112396835,0.03872228089217446,0.07738647923346301,-0.9970011699250151,0.0,0.0,0.19999999999999646,102965.0,-23.75,60.75,13.612500000000026,0
2021-03-31,0.9997685019798909,0.021516097436222254,0.04302223300453059,-0.99907411510223,0.0,0.0,0.0,102747.5,-217.5,61.25,14.687500000000028,0
2021-04-01,0.9999907397361901,0.004303538296244289,0.008606996888688698,-0.9999629591162655,0.0,0.0,0.0,102213.75,-533.75,51.625,14.887500000000017,0
2021-04-02,0.9999166586547379,-0.01291029607500882,-0.02581844022713239,-0.9996666485105112,0.0,0.0,0.0,101737.5,-476.25,63.125,14.475000000000023,0
2021-04-03,0.9995462806873573,-0.030120304846908114,-0.060213277365792774,-0.9981855344718586,0.0,0.0,0.0,101465.0,-272.5,57.875,15.387500000000024,0
2021-04-04,0.9988797155850336,-0.04732138832243185,-0.09453674981719933,-0.9955213724144752,0.0,0.0,0.0,101543.75,78.75,61.75,14.300000000000018,0
2021-04-05,0.9979171608653922,-0.06450844944931623,-0.12874817745258066,-0.99167731989929,0.0,0.0,0.0,101910.0,366.25,60.25,11.125000000000028,0
2021-04-06,0.9966589017541702,-0.08167639533042241,-0.16280701293851646,-0.9866579328916572,0.0,0.0,0.0,101860.0,-50.0,62.875,12.16250000000003,0
2021-04-07,0.9951053111006976,-0.09882013873287143,-0.19667288979357622,-0.9804691603616321,0.0,0.0,0.0,101762.5,-97.5,56.875,9.775000000000027,0
2021-04-08,0.9932568492674143,-0.11593459959550041,-0.23030567023061196,-0.973118337233262,0.0,0.0,0.0,102461.25,698.75,42.25,6.862500000000026,0
2021-04-09,0.9911140639934547,-0.1330147065341959,-0.2636654927280072,-0.9646141756912435,0.0,0.0,0.0,102240.0,-221.25,51.0,9.987500000000011,0
2021-04-10,0.9886775902323405,-0.1500553983446526,-0.2967128192734901,-0.9549667548552553,1.0,0.0,0.9999999999999964,101816.25,-423.75,70.0,12.137500000000017,0
2021-04-11,0.9859481499638304,-0.16705162550211924,-0.3294084822245302,-0.9441875088341994,0.0,0.0,0.9999999999999964,101381.25,-435.0,79.375,12.800000000000026,1
2021-04-12,0.9829265519799822,-0.18399835165768005,-0.3617137307297674,-0.9322892131745134,3.5999999999999996,1.0,4.599999999999996,101560.0,178.75,85.25,10.987500000000026,0
2021-04-13,0.9796136916454901,-0.20089055513063506,-0.39359027665646645,-0.9192859697186105,0.0,0.0,3.599999999999996,102793.75,1233.75,67.25,8.012500000000024,0
2021-04-14,0.9760105506323683,-0.21772323039653177,-0.42500033996955394,-0.9051931898913975,0.0,0.0,3.599999999999996,102676.25,-117.5,50.75,9.062500000000028,0
2021-04-15,0.9721181966290613,-0.23449138957040985,-0.455906693508459,-0.8900275764346766,0.0,0.0,0.0,102180.0,-496.25,46.0,10.625000000000014,0
2021-04-16,0.9679377830240642,-0.25119006388481935,-0.4862727071086902,-0.8738071036110807,0.0,0.0,0.0,102047.5,-132.5,44.625,10.062500000000028,0
2021-04-17,0.9634705485641488,-0.2678143051621742,-0.5160623910158526,-0.8565509959010037,0.0,0.0,0.0,102038.75,-8.75,42.75,8.575000000000017,0
2021-04-18,0.9587178169872964,-0.2843591872810034,-0.5452404385406507,-0.8382797052177745,0.0,0.0,0.0,102157.5,118.75,51.5,8.000000000000028,0
2021-04-19,0.9536809966304457,-0.30081980763566735,-0.5737722679043243,-0.8190148866680802,0.0,0.0,0.0,102182.5,25.0,56.0,10.800000000000026,0
2021-04-20,0.9483615800121715,-0.3171912885891061,-0.6016240632249227,-0.7987793728863648,0.0,0.0,0.0,101841.25,-341.25,53.875,11.58750000000002,0
2021-04-21,0.9427611433904207,-0.3334687789181868,-0.6287628145958345,-0.7775971469736268,0.0,0.0,0.0,101441.25,-400.0,52.125,13.825000000000024,0
2021-04-22,0.9368813462954315,-0.3496474552512284,-0.655156357209085,-0.7554933140726804,0.0,0.0,0.0,101381.25,-60.0,67.625,14.250000000000028,0
2021-04-23,0.9307239310379795,-0.36572252349726897,-0.6807734094770159,-0.7324940716135792,0.0,0.0,0.0,101638.75,257.5,59.125,14.112500000000033,0
2021-04-24,0.9242907221930933,-0.3816892202666588,-0.7055836101071774,-0.70862667826446,0.0,0.0,0.0,101896.25,257.5,45.625,16.13750000000001,0
2021-04-25,0.9175836260593937,-0.39754281428255595,-0.7295575540864876,-0.6839194216246105,0.0,0.0,0.0,101675.0,-221.25,41.0,17.212500000000027,0
2021-04-26,0.9106046300942162,-0.4132786077829042,-0.7526668275320083,-0.6584015846980489,0.0,0.0,0.0,101378.75,-296.25,61.5,15.02500000000002,1
2021-04-27,0.9033558023246845,-0.4288919379124835,-0.7748840413670406,-0.6321034111873488,8.4,1.0,8.399999999999997,100796.25,-582.5,75.875,13.087500000000027,0
2021-04-28,0.895839290734909,-0.4443781781046132,-0.7961828637826154,-0.6050560696488494,1.0,0.0,9.399999999999997,100655.0,-141.25,82.75,13.362500000000018,1
2021-04-29,0.8880573226294932,-0.45973273945210397,-0.8165380514459157,-0.5772916165517278,1.8,1.0,11.199999999999998,100751.25,96.25,83.5,13.275000000000013,1
2021-04-30,0.8800122039735357,-0.47495107206704995,-0.8359254794186365,-0.5488429582847199,1.2000000000000002,1.0,3.9999999999999964,100993.75,242.5,76.625,12.362500000000026,0
2021-05-01,0.8717063187093218,-0.4900286664290592,-0.8543221697498269,-0.5197438121555157,0.8,0.0,3.7999999999999967,101170.0,176.25,80.5,11.887500000000031,1
2021-05-02,0.8631421280499114,-0.5049610547215204,-0.8717063187093217,-0.4900286664290594,9.1,1.0,11.099999999999996,101377.5,207.5,87.75,10.262500000000017,0
2021-05-03,0.854322169749827,-0.5197438121555155,-0.888057322629493,-0.4597327394521046,0.0,0.0,9.899999999999995,102073.75,696.25,65.5,11.387500000000031,0
2021-05-04,0.8452490573530633,-0.5343725582809786,-0.9033558023246842,-0.4288919379124841,0.0,0.0,9.099999999999996,102190.0,116.25,58.5,13.000000000000014,0
2021-05-05,0.8359254794186372,-0.548842958284719,-0.9175836260593934,-0.3975428142825566,0.0,0.0,0.0,101722.5,-467.5,62.875,14.712500000000034,0
2021-05-06,0.8263541987239096,-0.5631507242749186,-0.9307239310379793,-0.3657225234972692,0.4,0.0,0.39999999999999647,101705.0,-17.5,66.5,14.837500000000027,0
2021-05-07,0.8165380514459161,-0.5772916165517272,-0.9427611433904206,-0.33346877891818705,0.0,0.0,0.39999999999999647,101548.75,-156.25,70.75,15.562500000000021,1
2021-05-08,0.8064799463209448,-0.5912614448635781,-0.9536809966304455,-0.300819807635668,4.4,1.0,4.799999999999997,101860.0,311.25,84.625,15.162500000000023,0
2021-05-09,0.7961828637826158,-0.6050560696488488,-0.9634705485641486,-0.26781430516217486,0.0,0.0,4.399999999999997,101350.0,-510.0,68.875,18.575000000000024,1
2021-05-10,0.7856498550787147,-0.6186714032625031,-0.9721181966290612,-0.23449138957041052,3.0,1.0,7.399999999999997,100527.5,-822.5,75.5,17.175000000000026,0
2021-05-11,0.7748840413670407,-0.6321034111873487,-0.9796136916454901,-0.20089055513063528,0.2,0.0,3.1999999999999966,100857.5,330.0,68.625,16.27500000000002,1
2021-05-12,0.7638886127905428,-0.6453481132295501,-0.9859481499638303,-0.1670516255021195,6.6,1.0,9.799999999999997,101560.0,702.5,78.75,11.662500000000023,1
2021-05-13,0.7526668275320085,-0.6584015846980488,-0.9911140639934546,-0.13301470653419636,1.2,1.0,7.9999999999999964,101507.5,-52.5,75.5,11.975000000000023,1
2021-05-14,0.7412220108485958,-0.6712599575675313,-0.9951053111006974,-0.09882013873287211,7.7,1.0,15.499999999999996,101426.25,-81.25,76.0,12.500000000000014,1
2021-05-15,0.7295575540864875,-0.6839194216246106,-0.9979171608653922,-0.06450844944931625,10.0,1.0,18.9,101571.25,145.0,74.25,13.450000000000031,1
2021-05-16,0.717676913675962,-0.6963762255968722,-0.9995462806873573,-0.03012030484690836,2.4,1.0,20.099999999999998,101268.75,-302.5,84.75,14.162500000000023,1
2021-05-17,0.705583610107178,-0.7086266782644596,-0.9999907397361901,0.004303538296243821,13.5,1.0,25.9,101266.25,-2.5,93.0,14.225000000000023,0
2021-05-18,0.6932812268869777,-0.7206671495538609,-0.9992500112396835,0.03872228089217399,0.6,0.0,16.499999999999996,101971.25,705.0,69.0,13.950000000000017,0
2021-05-19,0.6807734094770161,-0.7324940716135789,-0.9973249731081555,0.07309512989807776,1.0,0.0,15.099999999999996,101965.0,-6.25,76.75,12.662500000000023,1
2021-05-20,0.6680638642135335,-0.7441039398713607,-0.994217906893952,0.10738134666416306,3.4000000000000004,1.0,4.9999999999999964,102521.25,556.25,74.875,13.375000000000014,0
2021-05-21,0.6551563572090853,-0.7554933140726803,-0.989932495087353,0.141540295217043,0.0,0.0,4.399999999999997,102356.25,-165.0,59.125,15.325000000000024,1
2021-05-22,0.6420547132365637,-0.766658819300159,-0.9844738167520923,0.17553149042142777,2.6,1.0,5.9999999999999964,101651.25,-705.0,75.625,14.500000000000021,0
2021-05-23,0.6287628145958344,-0.7775971469736269,-0.9778483415056567,0.20931464596304888,0.8,0.0,3.399999999999997,101728.75,77.5,76.625,12.962500000000027,0
2021-05-24,0.6152845999633276,-0.7883050558305255,-0.970063921851507,0.2428497220959358,0.0,0.0,3.399999999999997,102011.25,282.5,67.5,13.550000000000026,0
2021-05-25,0.6016240632249226,-0.7987793728863649,-0.9611297838723007,0.27609697309746883,0.0,0.0,0.7999999999999965,101937.5,-73.75,72.875,13.050000000000018,0
2021-05-26,0.5877852522924732,-0.8090169943749473,-0.9510565162951536,0.30901699437494723,0.0,0.0,0.0,102630.0,692.5,63.875,14.387500000000017,0
2021-05-27,0.5737722679043246,-0.8190148866680801,-0.9398560579418953,0.341570769167856,0.0,0.0,0.0,102205.0,-425.0,62.75,14.400000000000034,0
2021-05-28,0.5595892624101765,-0.8287700871745038,-0.9275416835791965,0.3737197147904692,0.0,0.0,0.0,101845.0,-360.0,61.125,17.650000000000013,0
2021-05-29,0.545240438540651,-0.8382797052177744,-0.9141279881853337,0.4054257283599973,0.0,0.0,0.0,101701.25,-143.75,58.5,20.23750000000002,1
2021-05-30,0.5307300481619334,-0.8475409228928311,-0.8996308696522434,0.4366512319560638,1.5999999999999999,1.0,1.5999999999999963,101951.25,250.0,72.25,19.62500000000003,0
2021-05-31,0.5160623910158528,-0.8565509959010036,-0.8840675099433637,0.46735921715800205,0.0,0.0,1.5999999999999963,101823.75,-127.5,66.625,20.48750000000002,0
2021-06-01,0.5012418134457758,-0.865307254363206,-0.8674563547295971,0.4975132889071803,0.0,0.0,1.5999999999999963,101447.5,-376.25,64.75,21.30000000000002,1
2021-06-02,0.48627270710868997,-0.8738071036110808,-0.8498170915275277,0.5270777086423724,1.2,1.0,1.1999999999999964,101146.25,-301.25,73.125,19.12500000000003,0
2021-06-03,0.4711595076738638,-0.8820480249558537,-0.8311706263658079,0.5560174366570446,0.0,0.0,1.1999999999999964,101526.25,380.0,76.75,19.300000000000033,0
2021-06-04,0.4559066935084588,-0.8900275764346767,-0.8115390590073611,0.5842981736283683,0.0,0.0,1.1999999999999964,101876.25,350.0,69.5,20.837500000000006,1
2021-06-05,0.440518784350495,-0.8977433935342337,-0.7909456567567774,0.6118864012687242,8.9,1.0,8.899999999999997,102315.0,438.75,88.625,16.83750000000002,0
2021-06-06,0.42500033996955416,-0.9051931898913974,-0.7694148268839381,0.6387494220515268,0.2,0.0,9.099999999999996,102516.25,201.25,74.625,17.68750000000002,0
2021-06-07,0.4093559588156213,-0.9123747579707273,-0.7469720876965551,0.6648553979642866,0.0,0.0,9.099999999999996,102247.5,-268.75,64.125,18.987500000000026,0
2021-06-08,0.39359027665646673,-0.9192859697186104,-0.7236440382959124,0.690173388242972,0.6,0.0,0.7999999999999965,102203.75,-43.75,63.5,20.200000000000017,1
2021-06-09,0.3777079652039649,-0.9259247771938498,-0.6994583270516471,0.7146733860429608,1.2,1.0,1.7999999999999965,102137.5,-66.25,59.0,21.600000000000023,0
2021-06-10,0.36171373072976765,-0.9322892131745133,-0.6744436188329457,0.7383263540031063,0.0,0.0,1.7999999999999965,102153.75,16.25,60.75,22.30000000000002,0
2021-06-11,0.3456123126707335,-0.9383773917408641,-0.6486295610349818,0.7611042586607742,0.0,0.0,1.1999999999999964,102018.75,-135.0,59.125,23.450000000000017,0
2021-06-12,0.3294084822245304,-0.9441875088341993,-0.622046748440868,0.7829801036770624,0.0,0.0,0.0,101843.75,-175.0,58.875,24.07500000000003,0
2021-06-13,0.3131070409358269,-0.9497178427914316,-0.594726686960764,0.8039279618328208,0.0,0.0,0.0,102176.25,332.5,73.375,22.087500000000027,0
2021-06-14,0.29671281927349075,-0.9549667548552551,-0.5667017562911184,0.8239230057575536,0.0,0.0,0.0,102028.75,-147.5,57.5,26.275000000000027,0
2021-06-15,0.28023067519921585,-0.9599326896597447,-0.5380051715382992,0.8429415373547832,0.0,0.0,0.0,101807.5,-221.25,54.125,26.850000000000023,0
2021-06-21,0.1797665857255624,-0.9837092937736097,-0.3536761221763721,0.935367949313148,1.2000000000000002,1.0,1.1999999999999966,100758.75,-453.75,80.625,20.78750000000003,1
2021-06-22,0.16280701293851715,-0.986657932891657,-0.32126966169236515,0.9469877530760751,7.9,1.0,9.099999999999998,100866.25,107.5,77.375,20.25000000000003,1
2021-06-23,0.1457991969198751,-0.9893142039703663,-0.2884824328806098,0.9574851883550389,4.8,1.0,13.899999999999997,101501.25,635.0,77.0,18.45000000000003,1
2021-06-24,0.12874817745258132,-0.99167731989929,-0.2553532951161881,0.9668478136052773,8.9,1.0,21.599999999999994,101926.25,425.0,86.0,16.587500000000034,1
2021-06-25,0.11165900712169512,-0.993746580436178,-0.22192151300416674,0.9750645322571945,3.4000000000000004,1.0,17.099999999999998,102257.5,331.25,73.375,18.162500000000023,0
2021-06-26,0.09453674981719912,-0.9955213724144752,-0.1882267098432439,0.9821256058680006,0.0,0.0,12.299999999999997,102102.5,-155.0,61.875,20.962500000000027,1
2021-06-27,0.07738647923346301,-0.9970011699250151,-0.154308820664281,0.9880226656636976,1.2,1.0,4.599999999999997,101448.75,-653.75,62.0,22.912500000000023,1
2021-06-28,0.06021327736579302,-0.9981855344718586,-0.12020804489935275,0.9927487224577402,3.0,1.0,4.199999999999997,101343.75,-105.0,89.75,18.500000000000014,0
2021-06-29,0.04302223300453059,-0.99907411510223,-0.0859647987374467,0.9962981749346077,0.2,0.0,4.399999999999997,101647.5,303.75,71.875,18.42500000000002,0
2021-06-30,0.02581844022713308,-0.9996666485105112,-0.05161966722325418,0.9986668162884759,0.6,0.0,3.7999999999999963,101872.5,225.0,70.25,18.287500000000016,0
2021-07-01,0.008606996888688698,-0.9999629591162655,-0.01721335615583528,0.9998518392091162,0.0,0.0,0.7999999999999965,101940.0,67.5,66.375,19.237500000000026,0
2021-07-02,-0.008606996888688009,-0.9999629591162655,0.017213356155833904,0.9998518392091162,0.0,0.0,0.5999999999999965,101773.75,-166.25,62.875,21.75000000000002,0
2021-07-03,-0.02581844022713239,-0.9996666485105112,0.0516196672232528,0.998666816288476,0.0,0.0,0.0,101590.0,-183.75,58.125,25.45000000000003,1
2021-07-04,-0.04302223300453034,-0.99907411510223,0.08596479873744621,0.9962981749346078,11.3,1.0,11.299999999999997,101558.75,-31.25,73.75,22.81250000000002,1
2021-07-05,-0.060213277365792774,-0.9981855344718586,0.12020804489935226,0.9927487224577403,19.8,1.0,31.099999999999998,101502.5,-56.25,76.625,21.362500000000026,0
2021-07-11,-0.16280701293851646,-0.9866579328916572,0.3212696616923639,0.9469877530760755,0.0,0.0,0.19999999999999646,101831.25,-462.5,69.375,21.18750000000002,0
2021-07-12,-0.17976658572556214,-0.9837092937736098,0.3536761221763716,0.9353679493131483,0.0,0.0,0.0,101466.25,-365.0,62.375,23.262500000000024,1
2021-07-13,-0.19667288979357622,-0.9804691603616321,0.38566340624360695,0.9226395488404876,4.6,1.0,4.599999999999996,101448.75,-17.5,82.75,17.925000000000026,1
2021-07-14,-0.2135209154397959,-0.9769384927771817,0.4171936026123165,0.908817637339503,5.4,1.0,9.999999999999996,101868.75,420.0,87.5,15.46250000000002,1
2021-07-15,-0.23030567023061196,-0.973118337233262,0.4482293417404102,0.8939185965192572,4.2,1.0,14.199999999999996,102141.25,272.5,87.625,16.72500000000003,0
2021-07-16,-0.24702218048093527,-0.9690098257244063,0.47873384011578785,0.8779600847008885,0.0,0.0,9.599999999999998,102278.75,137.5,76.75,18.100000000000016,0
2021-07-17,-0.2636654927280072,-0.9646141756912435,0.5086709438521045,0.8609610158889943,0.0,0.0,4.199999999999997,102135.0,-143.75,69.25,20.850000000000016,0
2021-07-18,-0.2802306751992161,-0.9599326896597445,0.5380051715382995,0.8429415373547829,0.0,0.0,0.0,101993.75,-141.25,67.375,22.43750000000003,0
2021-07-19,-0.2967128192734901,-0.9549667548552553,0.5667017562911173,0.8239230057575544,0.0,0.0,0.0,101646.25,-347.5,65.875,24.08750000000002,0
2021-07-20,-0.3131070409358267,-0.9497178427914317,0.5947266869607636,0.8039279618328211,0.0,0.0,0.0,101406.25,-240.0,64.125,24.800000000000026,0
2021-07-21,-0.3294084822245302,-0.9441875088341994,0.6220467484408676,0.7829801036770627,0.0,0.0,0.0,101363.75,-42.5,62.125,26.35000000000003,0
2021-07-22,-0.3456123126707333,-0.9383773917408642,0.6486295610349815,0.7611042586607746,0.0,0.0,0.0,101765.0,401.25,74.75,24.650000000000027,0
2021-07-23,-0.3617137307297674,-0.9322892131745134,0.6744436188329453,0.7383263540031066,0.0,0.0,0.0,101537.5,-227.5,57.75,28.512500000000017,0
2021-07-24,-0.37770796520396466,-0.9259247771938499,0.6994583270516468,0.7146733860429613,0.0,0.0,0.0,101047.5,-490.0,59.75,26.58750000000002,0
2021-07-25,-0.39359027665646645,-0.9192859697186105,0.723644038295912,0.6901733882429724,0.0,0.0,0.0,101258.75,211.25,64.0,22.56250000000003,0
2021-07-26,-0.4093559588156211,-0.9123747579707274,0.7469720876965548,0.664855397964287,0.0,0.0,0.0,101311.25,52.5,66.75,21.40000000000002,0
2021-07-27,-0.42500033996955394,-0.9051931898913975,0.7694148268839378,0.6387494220515272,0.0,0.0,0.0,101572.5,261.25,64.125,22.012500000000017,0
2021-07-28,-0.4405187843504952,-0.8977433935342336,0.7909456567567776,0.6118864012687238,0.0,0.0,0.0,101507.5,-65.0,67.0,22.200000000000024,1
2021-07-29,-0.455906693508459,-0.8900275764346766,0.8115390590073613,0.5842981736283681,29.1,1.0,29.099999999999998,101775.0,267.5,80.5,20.012500000000017,0
2021-07-30,-0.47115950767386394,-0.8820480249558535,0.8311706263658081,0.5560174366570443,0.0,0.0,29.099999999999998,101503.75,-271.25,67.25,23.46250000000002,1
2021-07-31,-0.4862727071086902,-0.8738071036110807,0.8498170915275279,0.527077708642372,3.7,1.0,32.8,101478.75,-25.0,79.625,20.700000000000017,1
2021-08-01,-0.5012418134457756,-0.8653072543632061,0.8674563547295968,0.49751328890718066,7.5,1.0,11.199999999999996,101570.0,91.25,87.25,16.20000000000003,0
2021-08-02,-0.5160623910158526,-0.8565509959010037,0.8840675099433635,0.46735921715800244,0.2,0.0,11.399999999999997,101663.75,93.75,75.5,17.975000000000016,0
2021-08-03,-0.5307300481619331,-0.8475409228928312,0.8996308696522431,0.43665123195606426,0.0,0.0,7.699999999999997,101770.0,106.25,69.125,19.237500000000026,0
2021-08-04,-0.5452404385406507,-0.8382797052177745,0.9141279881853336,0.40542572835999774,0.6000000000000001,0.0,0.7999999999999965,101657.5,-112.5,73.0,19.875000000000014,1
2021-08-05,-0.5595892624101763,-0.828770087174504,0.9275416835791963,0.37371971479046967,9.600000000000001,1.0,10.199999999999998,101472.5,-185.0,78.875,19.862500000000026,0
2021-08-06,-0.5737722679043243,-0.8190148866680802,0.9398560579418951,0.34157076916785645,0.6000000000000001,0.0,10.799999999999997,101471.25,-1.25,69.625,21.65000000000002,0
2021-08-07,-0.5877852522924734,-0.8090169943749472,0.9510565162951538,0.30901699437494684,0.2,0.0,10.399999999999999,101235.0,-236.25,75.0,20.06250000000002,0
2021-08-08,-0.6016240632249227,-0.7987793728863648,0.9611297838723009,0.27609697309746845,0.2,0.0,0.9999999999999966,101017.5,-217.5,77.625,19.38750000000004,0
2021-08-09,-0.6152845999633277,-0.7883050558305253,0.9700639218515071,0.24284972209593542,0.0,0.0,0.39999999999999647,101768.75,751.25,68.75,19.037500000000023,0
2021-08-10,-0.6287628145958345,-0.7775971469736268,0.9778483415056568,0.2093146459630485,0.0,0.0,0.19999999999999646,101736.25,-32.5,62.875,22.13750000000003,0
2021-08-11,-0.6420547132365636,-0.7666588193001592,0.9844738167520922,0.17553149042142824,0.0,0.0,0.0,101667.5,-68.75,58.5,24.787500000000016,0
2021-08-12,-0.655156357209085,-0.7554933140726804,0.989932495087353,0.14154029521704348,0.0,0.0,0.0,101708.75,41.25,64.5,26.67500000000002,1
2021-08-13,-0.6680638642135333,-0.7441039398713608,0.9942179068939518,0.10738134666416355,1.4,1.0,1.3999999999999964,101737.5,28.75,68.375,27.387500000000024,0
2021-08-14,-0.6807734094770159,-0.7324940716135792,0.9973249731081555,0.07309512989807825,0.0,0.0,1.3999999999999964,102253.75,516.25,77.0,23.950000000000017,0
2021-08-15,-0.6932812268869771,-0.7206671495538615,0.9992500112396835,0.038722280892175366,0.2,0.0,1.5999999999999963,101792.5,-461.25,69.625,27.93750000000003,0
2021-08-16,-0.7055836101071774,-0.70862667826446,0.9999907397361901,0.004303538296245199,0.0,0.0,0.19999999999999646,101901.25,108.75,77.375,23.71250000000002,0
2021-08-17,-0.7176769136759615,-0.6963762255968726,0.9995462806873574,-0.030120304846906983,0.0,0.0,0.19999999999999646,102250.0,348.75,68.625,20.625000000000014,0
2021-08-18,-0.7295575540864876,-0.6839194216246105,0.9979171608653922,-0.06450844944931665,0.0,0.0,0.0,102373.75,123.75,62.75,20.18750000000002,0
2021-08-19,-0.7412220108485957,-0.6712599575675315,0.9951053111006976,-0.09882013873287163,0.0,0.0,0.0,102162.5,-211.25,61.875,19.05000000000002,0
2021-08-20,-0.7526668275320083,-0.6584015846980489,0.9911140639934547,-0.13301470653419586,0.0,0.0,0.0,101733.75,-428.75,64.625,20.12500000000002,0
2021-08-21,-0.7638886127905429,-0.64534811322955,0.9859481499638303,-0.16705162550211988,0.0,0.0,0.0,101552.5,-181.25,61.875,23.050000000000026,0
2021-08-22,-0.7748840413670406,-0.6321034111873488,0.9796136916454901,-0.2008905551306348,0.0,0.0,0.0,101771.25,218.75,67.625,23.775000000000013,0
2021-08-23,-0.7856498550787144,-0.6186714032625032,0.9721181966290613,-0.23449138957041005,0.0,0.0,0.0,102240.0,468.75,73.875,22.000000000000014,0
2021-08-24,-0.7961828637826154,-0.6050560696488494,0.963470548564149,-0.2678143051621735,0.0,0.0,0.0,102103.75,-136.25,62.0,21.825000000000024,0
2021-08-25,-0.8064799463209447,-0.5912614448635782,0.9536809966304456,-0.3008198076356675,0.0,0.0,0.0,101725.0,-378.75,60.625,21.137500000000024,0
2021-08-26,-0.8165380514459157,-0.5772916165517278,0.942761143390421,-0.33346877891818577,0.0,0.0,0.0,101396.25,-328.75,57.875,22.61250000000002,0
2021-08-27,-0.8263541987239094,-0.5631507242749187,0.9307239310379796,-0.36572252349726875,0.0,0.0,0.0,101410.0,13.75,55.625,23.850000000000023,0
2021-08-28,-0.8359254794186365,-0.5488429582847199,0.9175836260593944,-0.3975428142825545,0.0,0.0,0.0,101501.25,91.25,59.0,21.56250000000002,0
2021-08-29,-0.8452490573530634,-0.5343725582809785,0.903355802324684,-0.4288919379124845,0.0,0.0,0.0,101677.5,176.25,54.375,19.825000000000024,0
2021-08-30,-0.8543221697498269,-0.5197438121555157,0.8880573226294932,-0.45973273945210413,0.0,0.0,0.0,101628.75,-48.75,54.75,19.86250000000002,0
2021-08-31,-0.8631421280499115,-0.5049610547215202,0.8717063187093216,-0.4900286664290598,0.0,0.0,0.0,101507.5,-121.25,57.875,20.387500000000017,0
2021-09-01,-0.8717063187093217,-0.4900286664290594,0.8543221697498272,-0.5197438121555152,0.0,0.0,0.0,101761.25,253.75,54.125,21.337500000000027,0
2021-09-02,-0.8800122039735356,-0.4749510720670502,0.8359254794186368,-0.5488429582847194,0.0,0.0,0.0,101751.25,-10.0,52.25,22.18750000000003,0
2021-09-03,-0.888057322629493,-0.4597327394521046,0.8165380514459165,-0.5772916165517267,0.0,0.0,0.0,101686.25,-65.0,68.625,21.82500000000003,0
2021-09-04,-0.8958392907349089,-0.4443781781046134,0.7961828637826157,-0.605056069648849,0.0,0.0,0.0,101660.0,-26.25,70.5,22.300000000000026,0
2021-09-05,-0.9033558023246842,-0.4288919379124841,0.7748840413670415,-0.6321034111873478,0.0,0.0,0.0,101591.25,-68.75,70.75,22.65000000000002,0
2021-09-06,-0.9106046300942162,-0.41327860778290443,0.7526668275320086,-0.6584015846980485,0.0,0.0,0.0,101651.25,60.0,61.0,24.825000000000024,0
2021-09-07,-0.9175836260593934,-0.3975428142825566,0.7295575540864886,-0.6839194216246094,0.0,0.0,0.0,101818.75,167.5,64.5,24.975000000000023,0
2021-09-08,-0.9242907221930934,-0.3816892202666586,0.7055836101071772,-0.7086266782644604,0.0,0.0,0.0,101575.0,-243.75,72.75,25.425000000000033,1
2021-09-09,-0.9307239310379793,-0.3657225234972692,0.6807734094770164,-0.7324940716135787,6.0,1.0,5.9999999999999964,101227.5,-347.5,75.25,24.73750000000002,1
2021-09-10,-0.9368813462954315,-0.34964745525122826,0.6551563572090847,-0.7554933140726807,33.699999999999996,1.0,39.69999999999999,101406.25,178.75,84.625,21.087500000000034,1
2021-09-11,-0.9427611433904206,-0.33346877891818705,0.6287628145958348,-0.7775971469736266,1.6,1.0,41.3,101713.75,307.5,80.0,21.325000000000024,0
2021-09-12,-0.9483615800121716,-0.31719128858910595,0.6016240632249223,-0.798779372886365,0.0,0.0,35.3,101873.75,160.0,71.125,22.087500000000027,0
2021-09-13,-0.9536809966304455,-0.300819807635668,0.5737722679043255,-0.8190148866680794,0.0,0.0,1.6,101568.75,-305.0,66.375,23.225000000000023,0
2021-09-14,-0.9587178169872964,-0.2843591872810036,0.5452404385406511,-0.8382797052177742,0.2,0.0,0.2,101352.5,-216.25,72.25,23.150000000000027,0
2021-09-15,-0.9634705485641486,-0.26781430516217486,0.5160623910158538,-0.8565509959010029,0.4,0.0,0.6000000000000001,101185.0,-167.5,81.25,24.25000000000002,1
2021-09-16,-0.9679377830240642,-0.25119006388481957,0.4862727071086906,-0.8738071036110805,6.300000000000001,1.0,6.9,101333.75,148.75,78.25,22.83750000000002,1
2021-09-17,-0.9721181966290612,-0.23449138957041052,0.45590669350846025,-0.8900275764346759,2.4000000000000004,1.0,9.100000000000001,101785.0,451.25,85.625,19.737500000000026,0
2021-09-18,-0.9760105506323682,-0.21772323039653224,0.4250003399695548,-0.9051931898913971,0.0,0.0,8.7,101608.75,-176.25,72.25,19.862500000000026,1
2021-09-19,-0.9796136916454901,-0.20089055513063528,0.39359027665646695,-0.9192859697186104,5.199999999999999,1.0,7.6,101616.25,7.5,90.875,16.500000000000014,0
2021-09-20,-0.9829265519799822,-0.18399835165767986,0.36171373072976704,-0.9322892131745135,0.2,0.0,5.3999999999999995,101971.25,355.0,77.75,16.82500000000004,1
2021-09-21,-0.9859481499638303,-0.1670516255021195,0.3294084822245307,-0.9441875088341992,5.300000000000001,1.0,10.7,102198.75,227.5,82.625,16.037500000000023,1
2021-09-22,-0.9886775902323404,-0.15005539834465262,0.29671281927349014,-0.9549667548552553,1.8,1.0,7.300000000000001,102541.25,342.5,85.75,15.162500000000023,0
2021-09-23,-0.9911140639934546,-0.13301470653419636,0.26366549272800816,-0.9646141756912432,0.2,0.0,7.300000000000001,102310.0,-231.25,74.375,18.20000000000003,0
2021-09-24,-0.9932568492674143,-0.11593459959550066,0.23030567023061246,-0.9731183372332619,0.0,0.0,2.0,102096.25,-213.75,71.25,19.50000000000002,0
2021-09-25,-0.9951053111006974,-0.09882013873287211,0.19667288979357758,-0.9804691603616318,0.2,0.0,0.4,101757.5,-338.75,66.125,19.925000000000026,1
2021-09-26,-0.99665890175417,-0.08167639533042288,0.16280701293851738,-0.9866579328916569,1.8,1.0,2.0,101440.0,-317.5,75.25,21.73750000000002,1
2021-09-27,-0.9979171608653922,-0.06450844944931625,0.1287481774525807,-0.99167731989929,1.5999999999999999,1.0,3.5999999999999996,101951.25,511.25,78.875,19.312500000000014,0
2021-09-28,-0.9988797155850335,-0.04732138832243232,0.09453674981720026,-0.9955213724144751,0.2,0.0,3.5999999999999996,102121.25,170.0,80.25,18.47500000000003,0
2021-09-29,-0.9995462806873573,-0.03012030484690836,0.060213277365793266,-0.9981855344718586,0.0,0.0,1.7999999999999998,102236.25,115.0,63.75,18.25000000000002,1
2021-09-30,-0.9999166586547379,-0.012910296075008843,0.02581844022713244,-0.9996666485105112,2.6,1.0,2.8,102660.0,423.75,79.5,17.65000000000002,0
2021-10-01,-0.9999907397361901,0.004303538296243821,-0.008606996888687764,-0.9999629591162655,0.0,0.0,2.6,102695.0,35.0,80.5,16.350000000000023,0
2021-10-02,-0.9997685019798909,0.021516097436222233,-0.04302223300453054,-0.99907411510223,0.0,0.0,2.6,102133.75,-561.25,75.125,15.375000000000021,0
2021-10-03,-0.9992500112396835,0.03872228089217399,-0.07738647923346208,-0.9970011699250152,0.0,0.0,0.0,101358.75,-775.0,72.5,18.387500000000024,1
2021-10-04,-0.9984354211555643,0.05591699010060302,-0.11165900712169419,-0.9937465804361781,16.1,1.0,16.1,100952.5,-406.25,83.5,17.387500000000017,1
2021-10-05,-0.9973249731081555,0.07309512989807776,-0.14579919691987506,-0.9893142039703663,1.2,1.0,17.3,101912.5,960.0,79.25,14.650000000000027,1
2021-10-06,-0.9959189961471792,0.0902516100310407,-0.17976658572556148,-0.9837092937736099,3.4,1.0,20.700000000000003,101821.25,-91.25,91.875,13.312500000000021,0
2021-10-07,-0.994217906893952,0.10738134666416306,-0.2135209154397961,-0.9769384927771817,0.2,0.0,4.8,102608.75,787.5,77.75,14.525000000000027,0
2021-10-08,-0.9922222094179324,0.12447926388678869,-0.2470221804809346,-0.9690098257244064,0.0,0.0,3.5999999999999996,102545.0,-63.75,73.25,13.012500000000024,0
2021-10-09,-0.989932495087353,0.141540295217043,-0.28023067519921585,-0.9599326896597447,0.0,0.0,0.2,102257.5,-287.5,76.875,12.400000000000013,0
2021-10-10,-0.9873494423939864,0.15855938510313475,-0.31310704093582686,-0.9497178427914317,0.0,0.0,0.0,102277.5,20.0,80.125,13.350000000000023,0
2021-10-11,-0.9844738167520923,0.17553149042142777,-0.3456123126707326,-0.9383773917408644,0.0,0.0,0.0,102401.25,123.75,72.5,15.562500000000028,0
2021-10-12,-0.9813064702716093,0.19245158197082995,-0.3777079652039649,-0.9259247771938498,0.0,0.0,0.0,102492.5,91.25,77.75,12.700000000000031,0
2021-10-13,-0.9778483415056567,0.20931464596304888,-0.4093559588156221,-0.912374757970727,0.0,0.0,0.0,102258.75,-233.75,76.5,11.737500000000026,0
2021-10-14,-0.9741004551724206,0.22611568550828803,-0.4405187843504946,-0.8977433935342339,0.6,0.0,0.6,102426.25,167.5,70.25,11.950000000000031,0
2021-10-15,-0.970063921851507,0.2428497220959358,-0.47115950767386416,-0.8820480249558535,0.0,0.0,0.6,102307.5,-118.75,67.5,12.03750000000003,0
2021-10-16,-0.965739937654855,0.25951179706979943,-0.5012418134457749,-0.8653072543632064,0.0,0.0,0.6,101935.0,-372.5,73.375,13.687500000000021,0
2021-10-17,-0.9611297838723007,0.27609697309746883,-0.5307300481619333,-0.8475409228928311,0.0,0.0,0.0,101923.75,-11.25,74.5,14.58750000000002,0
2021-10-18,-0.9562348265919058,0.2926003356333479,-0.5595892624101757,-0.8287700871745043,0.0,0.0,0.0,101881.25,-42.5,75.75,13.875000000000028,0
2021-10-19,-0.9510565162951536,0.30901699437494723,-0.5877852522924728,-0.8090169943749477,0.0,0.0,0.0,102321.25,440.0,79.375,15.112500000000018,0
2021-10-20,-0.9455963874271428,0.3253420847119795,-0.6152845999633265,-0.7883050558305263,0.0,0.0,0.0,102351.25,30.0,79.875,17.525000000000027,0
2021-10-21,-0.9398560579418953,0.341570769167856,-0.6420547132365644,-0.7666588193001584,0.0,0.0,0.0,101740.0,-611.25,76.75,19.737500000000026,0
2021-10-22,-0.9338372288229252,0.35769823883312546,-0.6680638642135334,-0.7441039398713607,1.0,0.0,1.0,101953.75,213.75,71.25,16.487500000000026,0
2021-10-23,-0.9275416835791965,0.3737197147904692,-0.6932812268869779,-0.7206671495538607,1.0,0.0,2.0,102273.75,320.0,90.75,12.425000000000018,0
2021-10-24,-0.9209712877166347,0.38963044953078774,-0.7176769136759616,-0.6963762255968725,0.0,0.0,2.0,102431.25,157.5,75.5,11.087500000000013,0
2021-10-25,-0.9141279881853337,0.4054257283599973,-0.7412220108485958,-0.6712599575675313,0.0,0.0,1.0,102320.0,-111.25,75.625,10.550000000000026,0
2021-10-26,-0.9070138128026362,0.42110087079608916,-0.7638886127905421,-0.6453481132295509,0.0,0.0,0.0,102306.25,-13.75,71.25,11.887500000000024,0
2021-10-27,-0.8996308696522434,0.4366512319560638,-0.7856498550787143,-0.6186714032625035,0.0,0.0,0.0,102553.75,247.5,80.875,13.112500000000018,0
2021-10-28,-0.8919813464595487,0.45207220393230374,-0.806479946320944,-0.5912614448635792,0.0,0.0,0.0,102283.75,-270.0,81.625,11.78750000000003,0
2021-10-29,-0.8840675099433637,0.46735921715800205,-0.8263541987239093,-0.563150724274919,0.0,0.0,0.0,101590.0,-693.75,74.75,14.775000000000027,0
2021-10-30,-0.8758917051442433,0.48250774176121763,-0.8452490573530623,-0.5343725582809802,0.0,0.0,0.0,100912.5,-677.5,74.75,16.56250000000002,0
2021-10-31,-0.8674563547295971,0.4975132889071803,-0.863142128049911,-0.5049610547215212,0.0,0.0,0.0,100490.0,-422.5,75.375,17.587500000000027,1
2021-11-01,-0.858763958275803,0.5123714121284235,-0.8800122039735355,-0.4749510720670504,14.299999999999999,1.0,14.299999999999999,100782.5,292.5,86.5,16.675000000000026,1
2021-11-02,-0.8498170915275277,0.5270777086423724,-0.8958392907349091,-0.44437817810461283,8.9,1.0,23.2,101045.0,262.5,88.75,12.362500000000033,1
2021-11-03,-0.8406184056344783,0.5416278206559811,-0.9106046300942161,-0.41327860778290465,3.6,1.0,26.8,100751.25,-293.75,75.0,13.050000000000018,1
2021-11-04,-0.8311706263658079,0.5560174366570446,-0.9242907221930933,-0.3816892202666588,7.3,1.0,19.8,100571.25,-180.0,85.25,9.58750000000002,0
2021-11-05,-0.8214765533024145,0.5702422926917867,-0.9368813462954312,-0.3496474552512293,0.0,0.0,10.9,101443.75,872.5,86.375,8.325000000000031,0
2021-11-06,-0.8115390590073611,0.5842981736283683,-0.9483615800121715,-0.31719128858910617,0.2,0.0,7.500000000000001,102465.0,1021.25,90.375,7.262500000000024,0
2021-11-07,-0.801361088174677,0.5981809144059158,-0.9587178169872961,-0.28435918728100473,0.0,0.0,0.2,103030.0,565.0,87.0,6.800000000000026,0
2021-11-08,-0.7909456567567774,0.6118864012687242,-0.9679377830240641,-0.2511900638848198,0.2,0.0,0.4,102792.5,-237.5,81.875,8.437500000000028,0
2021-11-09,-0.780295851070776,0.6254105729852457,-0.976010550632368,-0.21772323039653332,0.8,0.0,1.0,102280.0,-512.5,84.125,10.53750000000003,0
2021-11-10,-0.7694148268839381,0.6387494220515268,-0.982926551979982,-0.18399835165768097,0.0,0.0,1.0,102362.5,82.5,86.25,6.850000000000016,1
2021-11-11,-0.7583058084785625,0.6518989958787125,-0.9886775902323404,-0.15005539834465284,1.5999999999999999,1.0,2.4,102278.75,-83.75,90.625,6.08750000000002,1
2021-11-12,-0.7469720876965551,0.6648553979642866,-0.9932568492674143,-0.11593459959550002,1.2,1.0,2.8,102192.5,-86.25,95.25,9.075000000000017,0
2021-11-13,-0.7354170229639858,0.6776147890466887,-0.99665890175417,-0.08167639533042312,0.0,0.0,2.8,102048.75,-143.75,94.625,10.250000000000028,0
2021-11-14,-0.7236440382959124,0.690173388242972,-0.9988797155850336,-0.04732138832243168,1.0,0.0,2.2,102111.25,62.5,94.25,11.72500000000003,1
2021-11-15,-0.711656622281775,0.7025274741691566,-0.9999166586547379,-0.012910296075009976,2.0,1.0,3.0,101907.5,-203.75,93.125,10.862500000000026,0
2021-11-16,-0.6994583270516471,0.7146733860429608,-0.9997685019798909,0.021516097436221987,0.0,0.0,3.0,102090.0,182.5,86.375,9.912500000000037,0
2021-11-17,-0.6870527672236675,0.7266075247685652,-0.9984354211555644,0.05591699010060189,0.0,0.0,2.0,102315.0,225.0,87.625,8.787500000000023,0
2021-11-18,-0.6744436188329457,0.7383263540031063,-0.9959189961471792,0.09025161003104046,0.0,0.0,0.0,102656.25,341.25,85.75,7.8625000000000185,0
2021-11-19,-0.661634618242279,0.749826401204568,-0.9922222094179325,0.12447926388678757,0.0,0.0,0.0,103006.25,350.0,77.375,9.262500000000024,0
2021-11-20,-0.6486295610349818,0.7611042586607742,-0.9873494423939866,0.1585593851031336,0.0,0.0,0.0,102940.0,-66.25,84.875,7.087500000000013,0
2021-11-21,-0.6354323008901775,0.7721565844991641,-0.9813064702716094,0.1924515819708297,0.0,0.0,0.0,102380.0,-560.0,86.125,7.33750000000002,1
2021-11-22,-0.622046748440868,0.7829801036770624,-0.9741004551724208,0.22611568550828692,1.2,1.0,1.2,101501.25,-878.75,89.75,9.312500000000021,0
2021-11-23,-0.6084768701151264,0.7935716089521472,-0.9657399376548551,0.25951179706979915,0.0,0.0,1.2,101410.0,-91.25,86.875,6.650000000000027,0
2021-11-24,-0.594726686960764,0.8039279618328208,-0.9562348265919062,0.2926003356333468,0.6,0.0,1.7999999999999998,101658.75,248.75,93.25,6.187500000000021,1
2021-11-25,-0.5808002734538013,0.8140460935082175,-0.9455963874271429,0.32534208471197923,12.4,1.0,13.0,101303.75,-355.0,95.625,9.112500000000026,1
2021-11-26,-0.5667017562911184,0.8239230057575536,-0.9338372288229259,0.35769823883312357,2.9,1.0,15.9,100733.75,-570.0,88.75,8.712500000000013,1
2021-11-27,-0.5524353131676203,0.8335557718385695,-0.9209712877166351,0.3896304495307867,1.2000000000000002,1.0,16.5,100902.5,168.75,85.75,5.937500000000021,1
2021-11-28,-0.5380051715382992,0.8429415373547832,-0.9070138128026355,0.42110087079609054,7.0,1.0,11.1,100107.5,-795.0,85.125,6.325000000000024,0
2021-11-29,-0.5234156073655503,0.8520775211013093,-0.8919813464595485,0.4520722039323043,0.2,0.0,8.399999999999999,100882.5,775.0,79.25,4.66250000000003,0
2021-11-30,-0.5086709438521042,0.8609610158889945,-0.8758917051442426,0.48250774176121897,0.0,0.0,7.2,101715.0,832.5,87.5,2.8625000000000114,0
2021-12-01,-0.49377555015997737,0.8695893893466109,-0.8587639582758032,0.5123714121284233,0.0,0.0,0.2,102738.75,1023.75,98.125,0.6250000000000213,1
2021-12-02,-0.4787338401157883,0.8779600847008883,-0.840618405634478,0.5416278206559817,4.6000000000000005,1.0,4.6000000000000005,101571.25,-1167.5,91.375,7.137500000000024,1
2021-12-03,-0.4635502709028512,0.8860706215341378,-0.8214765533024146,0.5702422926917865,1.6,1.0,6.200000000000001,101191.25,-380.0,85.375,6.462500000000027,0
2021-12-04,-0.4482293417404106,0.893918596519257,-0.8013610881746766,0.5981809144059164,0.2,0.0,6.4,102030.0,838.75,82.5,6.300000000000033,1
2021-12-11,-0.33752289959411347,0.941317317512847,-0.6354323008901778,0.772156584499164,20.5,1.0,34.4,100938.75,-447.5,88.625,8.737500000000026,0
2021-12-12,-0.32126966169236515,0.9469877530760751,-0.6084768701151273,0.7935716089521465,0.2,0.0,22.299999999999997,102291.25,1352.5,82.5,7.40000000000002,0
2021-12-13,-0.3049212246562894,0.9523775757303973,-0.5808002734538015,0.8140460935082173,0.0,0.0,20.699999999999996,102827.5,536.25,90.625,6.500000000000014,0
2021-12-14,-0.2884824328806098,0.9574851883550389,-0.5524353131676212,0.8335557718385689,0.0,0.0,0.19999999999999646,102550.0,-277.5,92.125,6.437500000000014,0
2021-12-15,-0.27195815753410524,0.9623090774541487,-0.5234156073655497,0.8520775211013096,0.0,0.0,0.0,102786.25,236.25,88.5,5.712500000000034,0
2021-12-16,-0.2553532951161881,0.9668478136052773,-0.49377555015997915,0.8695893893466099,0.0,0.0,0.0,102833.75,47.5,89.5,4.925000000000026,0
2021-12-17,-0.23867276600594997,0.9711000518829505,-0.4635502709028506,0.8860706215341381,0.0,0.0,0.0,103010.0,176.25,87.5,5.225000000000023,0
2021-12-18,-0.22192151300416674,0.9750645322571945,-0.4327755925504335,0.9015016841318829,0.4,0.0,0.39999999999999647,102931.25,-78.75,85.375,6.1125000000000185,0
2021-12-19,-0.20510449986861926,0.9787400799669153,-0.4014879892059731,0.9158642882672872,0.0,0.0,0.39999999999999647,102872.5,-58.75,83.875,6.625000000000028,0
2021-12-20,-0.1882267098432439,0.9821256058680006,-0.3697245428906726,0.9291414114031745,0.0,0.0,0.39999999999999647,102631.25,-241.25,86.75,6.71250000000002,0
2021-12-21,-0.1712931441814778,0.9852201067560606,-0.3375228995941137,0.9413173175128469,0.0,0.0,0.0,102166.25,-465.0,91.5,3.450000000000024,0
2021-12-22,-0.154308820664281,0.9880226656636976,-0.3049212246562888,0.9523775757303975,0.0,0.0,0.0,102021.25,-145.0,88.875,3.587500000000027,0
2021-12-23,-0.13727877211326517,0.9905324521322227,-0.2719581575341063,0.9623090774541484,0.0,0.0,0.0,101983.75,-37.5,80.25,7.650000000000027,0
2021-12-24,-0.12020804489935275,0.9927487224577402,-0.23867276600595022,0.9711000518829503,0.0,0.0,0.0,101773.75,-210.0,87.25,10.212500000000027,0
2021-12-25,-0.10310169744743544,0.9946708199115211,-0.20510449986862037,0.9787400799669149,0.0,0.0,0.0,101098.75,-675.0,88.625,10.075000000000017,0
2021-12-26,-0.0859647987374467,0.9962981749346077,-0.17129314418147804,0.9852201067560605,0.0,0.0,0.0,100607.5,-491.25,92.375,8.95000000000001,0
2021-12-27,-0.06880242680232064,0.9976303053065857,-0.1372787721132663,0.9905324521322226,0.0,0.0,0.0,100888.75,281.25,88.375,8.450000000000017,1
2021-12-28,-0.05161966722325418,0.9986668162884759,-0.10310169744743568,0.994670819911521,6.1,1.0,6.099999999999996,100751.25,-137.5,86.625,11.400000000000027,1
2021-12-29,-0.034421611622745804,0.9994074007397048,-0.06880242680232,0.9976303053065857,2.6,1.0,8.699999999999996,101406.25,655.0,88.625,12.787500000000023,0
2021-12-30,-0.01721335615583528,0.9998518392091162,-0.03442161162274694,0.9994074007397047,0.2,0.0,8.899999999999997,102191.25,785.0,79.625,15.33750000000002,0
2021-12-31,6.432490598706546e-16,1.0,1.2864981197413093e-15,1.0,0.0,0.0,2.7999999999999967,102462.5,271.25,98.125,10.512500000000024,0
2022-01-01,0.017213356155834685,0.9998518392091162,0.03442161162274574,0.9994074007397048,0.0,0.0,0.19999999999999646,102566.25,103.75,88.5,9.300000000000018,0
2022-01-02,0.03442161162274574,0.9994074007397048,0.06880242680231986,0.9976303053065857,0.0,0.0,0.0,102662.5,96.25,89.25,7.875000000000028,0
2022-01-03,0.051619667223253764,0.998666816288476,0.10310169744743485,0.9946708199115211,0.0,0.0,0.0,102765.0,102.5,90.5,8.787500000000023,0
2022-01-04,0.06880242680231986,0.9976303053065857,0.13727877211326478,0.9905324521322229,0.0,0.0,0.0,102378.75,-386.25,91.375,8.35000000000003,1
2022-01-05,0.08596479873744647,0.9962981749346078,0.1712931441814776,0.9852201067560606,4.2,1.0,4.199999999999997,101005.0,-1373.75,89.375,9.250000000000014,1
2022-01-06,0.10310169744743485,0.9946708199115211,0.2051044998686192,0.9787400799669153,2.3,1.0,6.4999999999999964,101746.25,741.25,83.125,5.700000000000024,0
2022-01-07,0.1202080448993527,0.9927487224577402,0.2386727660059501,0.9711000518829505,0.0,0.0,6.4999999999999964,102351.25,605.0,73.875,2.950000000000024,0
2022-01-08,0.13727877211326478,0.9905324521322229,0.2719581575341055,0.9623090774541486,0.8,0.0,3.099999999999996,102667.5,316.25,85.375,3.2500000000000284,1
2022-01-09,0.15430882066428117,0.9880226656636976,0.30492122465628907,0.9523775757303974,1.4000000000000001,1.0,2.1999999999999966,102262.5,-405.0,85.5,8.887500000000031,1
2022-01-10,0.1712931441814776,0.9852201067560606,0.3375228995941133,0.9413173175128471,17.3,1.0,19.499999999999996,101522.5,-740.0,91.625,8.72500000000003,1
2022-01-11,0.1882267098432442,0.9821256058680006,0.3697245428906731,0.9291414114031743,33.1,1.0,51.8,101841.25,318.75,97.25,7.837500000000027,0
2022-01-12,0.2051044998686192,0.9787400799669153,0.401487989205973,0.9158642882672872,0.0,0.0,50.4,102862.5,1021.25,87.625,5.85000000000003,0
2022-01-13,0.2219215130041655,0.9750645322571948,0.4327755925504312,0.901501684131884,0.0,0.0,33.099999999999994,103380.0,517.5,89.25,2.275000000000013,0
2022-01-14,0.2386727660059501,0.9711000518829505,0.4635502709028509,0.886070621534138,0.0,0.0,0.0,103641.25,261.25,97.625,-0.14999999999997016,0
2022-01-15,0.255353295116187,0.9668478136052775,0.49377555015997715,0.869589389346611,0.0,0.0,0.0,103426.25,-215.0,87.5,0.8000000000000114,0
2022-01-16,0.2719581575341055,0.9623090774541486,0.5234156073655503,0.8520775211013093,0.0,0.0,0.0,102875.0,-551.25,81.75,1.71250000000002,0
2022-01-17,0.288482432880609,0.9574851883550393,0.5524353131676196,0.8335557718385699,0.0,0.0,0.0,103256.25,381.25,86.875,1.1625000000000227,0
2022-01-18,0.30492122465628907,0.9523775757303974,0.5808002734538009,0.8140460935082178,0.0,0.0,0.0,103688.75,432.5,99.625,-0.5874999999999773,0
2022-01-19,0.3212696616923644,0.9469877530760753,0.6084768701151261,0.7935716089521474,0.0,0.0,0.0,103421.25,-267.5,99.875,0.4875000000000256,0
2022-01-20,0.3375228995941133,0.9413173175128471,0.6354323008901774,0.7721565844991642,0.0,0.0,0.0,103398.75,-22.5,90.875,4.312500000000021,0
2022-01-21,0.3536761221763716,0.9353679493131483,0.6616346182422783,0.7498264012045686,0.0,0.0,0.0,103148.75,-250.0,89.0,4.9875000000000185,0
2022-01-22,0.3697245428906731,0.9291414114031743,0.6870527672236669,0.7266075247685656,0.0,0.0,0.0,103235.0,86.25,80.375,2.337500000000034,0
2022-01-23,0.38566340624360707,0.9226395488404876,0.7116566222817746,0.7025274741691571,0.0,0.0,0.0,103378.75,143.75,78.75,1.1875000000000213,0
2022-01-24,0.401487989205973,0.9158642882672872,0.7354170229639855,0.6776147890466889,0.0,0.0,0.0,102942.5,-436.25,80.125,2.137500000000024,0
2022-01-25,0.4171936026123168,0.9088176373395029,0.7583058084785624,0.6518989958787126,0.0,0.0,0.0,102916.25,-26.25,75.25,6.325000000000024,0
2022-01-26,0.4327755925504312,0.901501684131884,0.7802958510707755,0.6254105729852463,0.0,0.0,0.0,103330.0,413.75,84.5,4.050000000000011,0
2022-01-27,0.4482293417404106,0.893918596519257,0.8013610881746766,0.5981809144059165,0.0,0.0,0.0,103288.75,-41.25,84.625,3.000000000000014,0
2022-01-28,0.4635502709028509,0.886070621534138,0.8214765533024142,0.5702422926917871,0.0,0.0,0.0,103312.5,23.75,91.75,0.9500000000000242,0
2022-01-29,0.47873384011578846,0.8779600847008882,0.8406184056344782,0.5416278206559814,0.0,0.0,0.0,103781.25,468.75,96.75,0.2500000000000213,0
2022-01-30,0.49377555015997715,0.869589389346611,0.8587639582758029,0.5123714121284237,0.0,0.0,0.0,103838.75,57.5,97.75,0.8375000000000128,0
2022-01-31,0.5086709438521044,0.8609610158889943,0.8758917051442429,0.48250774176121847,0.0,0.0,0.0,103383.75,-455.0,98.875,0.7500000000000142,0
2022-02-01,0.5234156073655503,0.8520775211013093,0.8919813464595485,0.45207220393230435,0.8,0.0,0.8,102998.75,-385.0,94.375,5.537500000000023,0
2022-02-02,0.5380051715382996,0.8429415373547828,0.9070138128026359,0.4211008707960896,0.0,0.0,0.8,103332.5,333.75,78.125,6.350000000000023,0
2022-02-03,0.5524353131676196,0.8335557718385699,0.9209712877166346,0.38963044953078796,0.0,0.0,0.8,103041.25,-291.25,91.5,8.525000000000027,0
2022-02-04,0.5667017562911176,0.8239230057575542,0.9338372288229252,0.35769823883312546,0.0,0.0,0.0,102308.75,-732.5,96.0,5.800000000000033,0
2022-02-05,0.5808002734538009,0.8140460935082178,0.9455963874271426,0.3253420847119801,0.2,0.0,0.2,102273.75,-35.0,86.625,9.825000000000024,0
2022-02-06,0.5947266869607634,0.8039279618328213,0.9562348265919056,0.29260033563334836,0.0,0.0,0.2,102827.5,553.75,82.75,8.08750000000002,0
2022-02-07,0.6084768701151261,0.7935716089521474,0.9657399376548549,0.2595117970697999,0.0,0.0,0.2,103153.75,326.25,78.0,5.212500000000034,0
2022-02-08,0.6220467484408675,0.7829801036770629,0.9741004551724205,0.22611568550828828,0.6000000000000001,0.0,0.6000000000000001,103160.0,6.25,84.5,9.325000000000031,0
2022-02-09,0.6354323008901774,0.7721565844991642,0.9813064702716093,0.19245158197082998,0.0,0.0,0.6000000000000001,103266.25,106.25,73.5,7.537500000000023,0
2022-02-10,0.6486295610349814,0.7611042586607747,0.9873494423939864,0.15855938510313475,0.0,0.0,0.6000000000000001,102993.75,-272.5,64.875,8.925000000000018,0
2022-02-11,0.6616346182422783,0.7498264012045686,0.9922222094179323,0.12447926388678915,0.0,0.0,0.0,102768.75,-225.0,75.375,9.787500000000023,0
2022-02-12,0.6744436188329455,0.7383263540031065,0.995918996147179,0.09025161003104117,0.0,0.0,0.0,102881.25,112.5,80.875,9.375000000000021,0
2022-02-13,0.6870527672236669,0.7266075247685656,0.9984354211555643,0.055916990100603484,0.0,0.0,0.0,102573.75,-307.5,80.375,6.65000000000002,0
2022-02-14,0.699458327051647,0.7146733860429609,0.9997685019798909,0.021516097436222254,0.0,0.0,0.0,101646.25,-927.5,75.625,11.112500000000026,1
2022-02-15,0.7116566222817746,0.7025274741691571,0.9999166586547379,-0.01291029607500882,9.7,1.0,9.7,101435.0,-211.25,84.125,8.837500000000027,1
2022-02-16,0.7236440382959124,0.6901733882429719,0.9988797155850336,-0.04732138832243185,1.4000000000000001,1.0,11.1,102410.0,975.0,81.625,8.550000000000033,0
2022-02-17,0.7354170229639855,0.6776147890466889,0.9966589017541702,-0.08167639533042241,0.0,0.0,11.1,102325.0,-85.0,81.125,11.000000000000021,0
2022-02-18,0.7469720876965552,0.6648553979642865,0.9932568492674143,-0.11593459959550041,0.2,0.0,1.6,102523.75,198.75,86.125,13.000000000000021,0
2022-02-19,0.7583058084785624,0.6518989958787126,0.9886775902323405,-0.1500553983446526,0.0,0.0,0.2,101861.25,-662.5,82.5,12.050000000000018,0
2022-02-20,0.7694148268839378,0.6387494220515272,0.9829265519799822,-0.18399835165768005,0.2,0.0,0.4,102572.5,711.25,73.0,9.200000000000024,0
2022-02-21,0.7802958510707755,0.6254105729852463,0.9760105506323683,-0.21772323039653177,0.0,0.0,0.2,102896.25,323.75,81.75,7.912500000000016,0
2022-02-22,0.7909456567567772,0.6118864012687243,0.9679377830240642,-0.25119006388481935,0.8,0.0,1.0,102702.5,-193.75,72.625,11.15000000000002,0
2022-02-23,0.8013610881746766,0.5981809144059165,0.9587178169872964,-0.2843591872810034,0.0,0.0,0.8,103152.5,450.0,72.25,10.537500000000016,0
2022-02-24,0.8115390590073611,0.5842981736283684,0.9483615800121715,-0.3171912885891061,0.0,0.0,0.8,102631.25,-521.25,71.625,9.887500000000017,0
2022-02-25,0.8214765533024142,0.5702422926917871,0.9368813462954315,-0.3496474552512284,0.0,0.0,0.0,102287.5,-343.75,78.75,10.737500000000033,0
2022-02-26,0.8311706263658079,0.5560174366570446,0.9242907221930933,-0.3816892202666588,0.0,0.0,0.0,103001.25,713.75,66.625,8.075000000000031,0
2022-02-27,0.8406184056344782,0.5416278206559814,0.9106046300942162,-0.4132786077829042,0.0,0.0,0.0,102601.25,-400.0,59.875,6.40000000000002,0
2022-02-28,0.8498170915275278,0.5270777086423722,0.895839290734909,-0.4443781781046132,0.0,0.0,0.0,102352.5,-248.75,68.625,8.237500000000026,0
2022-03-01,0.8587639582758029,0.5123714121284237,0.8800122039735357,-0.47495107206704995,0.0,0.0,0.0,102672.5,320.0,67.375,10.950000000000017,0
2022-03-02,0.8674563547295969,0.49751328890718066,0.8631421280499114,-0.5049610547215204,0.0,0.0,0.0,102561.25,-111.25,71.125,8.90000000000002,1
2022-03-03,0.8758917051442429,0.48250774176121847,0.8452490573530633,-0.5343725582809786,13.5,1.0,13.5,102186.25,-375.0,87.125,9.72500000000003,0
2022-03-04,0.8840675099433636,0.4673592171580022,0.8263541987239096,-0.5631507242749186,0.4,0.0,13.9,101665.0,-521.25,81.25,10.950000000000024,1
2022-03-05,0.8919813464595485,0.45207220393230435,0.8064799463209448,-0.5912614448635781,3.0,1.0,16.9,101842.5,177.5,92.125,9.28750000000003,0
2022-03-06,0.8996308696522433,0.43665123195606403,0.7856498550787147,-0.6186714032625031,0.8,0.0,4.2,101945.0,102.5,83.625,8.02500000000002,0
2022-03-07,0.9070138128026359,0.4211008707960896,0.7638886127905428,-0.6453481132295501,0.0,0.0,3.8,101803.75,-141.25,76.0,7.58750000000002,0
2022-03-08,0.9141279881853337,0.40542572835999735,0.7412220108485958,-0.6712599575675313,0.0,0.0,0.8,101673.75,-130.0,79.0,6.025000000000027,1
2022-03-09,0.9209712877166346,0.38963044953078796,0.717676913675962,-0.6963762255968722,24.5,1.0,24.5,101636.25,-37.5,77.625,9.437500000000028,1
2022-03-10,0.9275416835791966,0.37371971479046906,0.6932812268869777,-0.7206671495538609,3.6,1.0,28.1,102105.0,468.75,83.375,9.85000000000003,0
2022-03-11,0.9338372288229252,0.35769823883312546,0.6680638642135335,-0.7441039398713607,0.0,0.0,28.1,101917.5,-187.5,76.375,11.825000000000024,0
2022-03-12,0.9398560579418954,0.3415707691678556,0.6420547132365637,-0.766658819300159,0.0,0.0,3.6,101265.0,-652.5,73.125,12.237500000000018,1
2022-03-13,0.9455963874271426,0.3253420847119801,0.6152845999633276,-0.7883050558305255,13.7,1.0,13.7,101443.75,178.75,88.75,9.600000000000016,1
2022-03-14,0.9510565162951535,0.30901699437494745,0.5877852522924732,-0.8090169943749473,8.7,1.0,22.4,101460.0,16.25,83.0,9.450000000000024,0
2022-03-15,0.9562348265919056,0.29260033563334836,0.5595892624101765,-0.8287700871745038,0.2,0.0,22.599999999999998,102008.75,548.75,82.125,9.725000000000016,0
2022-03-16,0.9611297838723007,0.27609697309746883,0.5307300481619334,-0.8475409228928311,0.0,0.0,8.899999999999999,102080.0,71.25,79.0,13.412500000000023,0
2022-03-17,0.9657399376548549,0.2595117970697999,0.5012418134457758,-0.865307254363206,0.0,0.0,0.2,101977.5,-102.5,80.125,13.225000000000009,0
2022-03-18,0.9700639218515071,0.2428497220959356,0.4711595076738638,-0.8820480249558537,0.6000000000000001,0.0,0.6000000000000001,102438.75,461.25,91.125,12.425000000000026,0
2022-03-19,0.9741004551724205,0.22611568550828828,0.440518784350495,-0.8977433935342337,0.0,0.0,0.6000000000000001,102818.75,380.0,81.625,10.225000000000023,0
2022-03-20,0.9778483415056568,0.20931464596304847,0.4093559588156213,-0.9123747579707273,0.0,0.0,0.6000000000000001,102717.5,-101.25,66.5,11.912500000000023,0
2022-03-21,0.9813064702716093,0.19245158197082998,0.3777079652039649,-0.9259247771938498,0.0,0.0,0.0,102450.0,-267.5,72.125,12.400000000000027,0
2022-03-22,0.9844738167520922,0.1755314904214282,0.3456123126707335,-0.9383773917408641,0.0,0.0,0.0,102477.5,27.5,66.5,12.612500000000018,0
2022-03-23,0.9873494423939864,0.15855938510313475,0.3131070409358269,-0.9497178427914316,0.0,0.0,0.0,102556.25,78.75,54.75,11.675000000000011,0
2022-03-24,0.989932495087353,0.141540295217043,0.28023067519921585,-0.9599326896597447,0.0,0.0,0.0,102546.25,-10.0,56.375,11.53750000000003,0
2022-03-25,0.9922222094179323,0.12447926388678915,0.24702218048093552,-0.9690098257244062,0.0,0.0,0.0,102457.5,-88.75,61.0,11.587500000000027,0
2022-03-26,0.994217906893952,0.10738134666416309,0.21352091543979612,-0.9769384927771817,0.0,0.0,0.0,102241.25,-216.25,49.0,12.83750000000002,0
2022-03-27,0.995918996147179,0.09025161003104117,0.1797665857255624,-0.9837092937736097,0.0,0.0,0.0,102181.25,-60.0,47.25,12.212500000000027,0
2022-03-28,0.9973249731081555,0.07309512989807777,0.1457991969198751,-0.9893142039703663,0.0,0.0,0.0,102395.0,213.75,44.75,13.850000000000023,0
2022-03-29,0.9984354211555643,0.055916990100603484,0.11165900712169512,-0.993746580436178,0.0,0.0,0.0,102038.75,-356.25,45.25,14.275000000000013,0
2022-03-30,0.9992500112396835,0.03872228089217446,0.07738647923346301,-0.9970011699250151,0.0,0.0,0.0,101122.5,-916.25,67.5,13.287500000000023,1
2022-03-31,0.9997685019798909,0.021516097436222254,0.04302223300453059,-0.99907411510223,3.2,1.0,3.2,100517.5,-605.0,89.125,10.65000000000002,1
2022-04-01,0.9999907397361901,0.004303538296244289,0.008606996888688698,-0.9999629591162655,5.6,1.0,8.8,100278.75,-238.75,83.125,9.912500000000023,1
2022-04-02,0.9999166586547379,-0.01291029607500882,-0.02581844022713239,-0.9996666485105112,1.4,1.0,10.2,101187.5,908.75,65.875,4.725000000000023,0
2022-04-03,0.9995462806873573,-0.030120304846908114,-0.060213277365792774,-0.9981855344718586,0.0,0.0,7.0,101800.0,612.5,65.5,4.125000000000021,0
2022-04-04,0.9988797155850336,-0.04732138832243185,-0.09453674981719933,-0.9955213724144752,0.0,0.0,1.4,102120.0,320.0,64.875,3.3500000000000227,0
2022-04-05,0.9979171608653922,-0.06450844944931623,-0.12874817745258066,-0.99167731989929,0.0,0.0,0.0,102203.75,83.75,61.0,4.937500000000021,0
2022-04-06,0.9966589017541702,-0.08167639533042241,-0.16280701293851646,-0.9866579328916572,0.0,0.0,0.0,101832.5,-371.25,59.375,7.625000000000028,0
2022-04-07,0.9951053111006976,-0.09882013873287143,-0.19667288979357622,-0.9804691603616321,0.0,0.0,0.0,101430.0,-402.5,78.75,10.000000000000014,0
2022-04-08,0.9932568492674143,-0.11593459959550041,-0.23030567023061196,-0.973118337233262,0.2,0.0,0.2,101475.0,45.0,68.125,13.737500000000018,1
2022-04-09,0.9911140639934547,-0.1330147065341959,-0.2636654927280072,-0.9646141756912435,1.7999999999999998,1.0,1.9999999999999998,101258.75,-216.25,72.875,14.937500000000014,0
2022-04-10,0.9886775902323405,-0.1500553983446526,-0.2967128192734901,-0.9549667548552553,0.0,0.0,1.9999999999999998,101875.0,616.25,64.25,10.762500000000024,0
2022-04-11,0.9859481499638304,-0.16705162550211924,-0.3294084822245302,-0.9441875088341994,0.0,0.0,1.7999999999999998,101730.0,-145.0,61.5,10.725000000000023,0
2022-04-12,0.9829265519799822,-0.18399835165768005,-0.3617137307297674,-0.9322892131745134,0.0,0.0,0.0,101035.0,-695.0,71.875,13.52500000000002,0
2022-04-13,0.9796136916454901,-0.20089055513063506,-0.39359027665646645,-0.9192859697186105,0.0,0.0,0.0,101001.25,-33.75,71.875,13.825000000000017,0
2022-04-14,0.9760105506323683,-0.21772323039653177,-0.42500033996955394,-0.9051931898913975,1.0,0.0,1.0,101617.5,616.25,89.125,12.662500000000023,0
2022-04-15,0.9721181966290613,-0.23449138957040985,-0.455906693508459,-0.8900275764346766,0.0,0.0,1.0,102025.0,407.5,79.5,14.15000000000002,0
2022-04-16,0.9679377830240642,-0.25119006388481935,-0.4862727071086902,-0.8738071036110807,0.0,0.0,1.0,102245.0,220.0,77.75,15.437500000000021,0
2022-04-17,0.9634705485641488,-0.2678143051621742,-0.5160623910158526,-0.8565509959010037,0.0,0.0,0.0,102176.25,-68.75,71.0,16.600000000000023,0
2022-04-18,0.9587178169872964,-0.2843591872810034,-0.5452404385406507,-0.8382797052177745,0.0,0.0,0.0,101893.75,-282.5,66.375,16.512500000000024,0
2022-04-19,0.9536809966304457,-0.30081980763566735,-0.5737722679043243,-0.8190148866680802,0.0,0.0,0.0,101812.5,-81.25,73.5,13.862500000000018,1
2022-04-20,0.9483615800121715,-0.3171912885891061,-0.6016240632249227,-0.7987793728863648,2.6,1.0,2.6,101423.75,-388.75,87.5,11.412500000000023,1
2022-04-21,0.9427611433904207,-0.3334687789181868,-0.6287628145958345,-0.7775971469736268,9.5,1.0,12.1,100970.0,-453.75,88.125,10.16250000000003,1
2022-04-22,0.9368813462954315,-0.3496474552512284,-0.655156357209085,-0.7554933140726804,6.9,1.0,19.0,100763.75,-206.25,91.75,10.812500000000021,0
2022-04-23,0.9307239310379795,-0.36572252349726897,-0.6807734094770159,-0.7324940716135792,0.0,0.0,16.4,100015.0,-748.75,79.5,13.800000000000018,1
2022-04-24,0.9242907221930933,-0.3816892202666588,-0.7055836101071774,-0.70862667826446,11.9,1.0,18.8,99545.0,-470.0,86.5,10.987500000000033,1
2022-04-25,0.9175836260593937,-0.39754281428255595,-0.7295575540864876,-0.6839194216246105,9.9,1.0,21.8,100772.5,1227.5,81.375,13.037500000000023,0
2022-04-26,0.9106046300942162,-0.4132786077829042,-0.7526668275320083,-0.6584015846980489,0.0,0.0,21.8,101437.5,665.0,74.875,12.837500000000027,0
2022-04-27,0.9033558023246845,-0.4288919379124835,-0.7748840413670406,-0.6321034111873488,0.0,0.0,9.9,101395.0,-42.5,62.875,15.725000000000023,0
2022-04-28,0.895839290734909,-0.4443781781046132,-0.7961828637826154,-0.6050560696488494,0.0,0.0,0.0,101555.0,160.0,63.125,16.47500000000003,0
2022-04-29,0.8880573226294932,-0.45973273945210397,-0.8165380514459157,-0.5772916165517278,0.0,0.0,0.0,102271.25,716.25,83.375,15.612500000000033,0
2022-04-30,0.8800122039735357,-0.47495107206704995,-0.8359254794186365,-0.5488429582847199,0.0,0.0,0.0,102573.75,302.5,75.75,16.950000000000024,0
2022-05-01,0.8717063187093218,-0.4900286664290592,-0.8543221697498269,-0.5197438121555157,0.0,0.0,0.0,102275.0,-298.75,69.125,16.987500000000026,0
2022-05-02,0.8631421280499114,-0.5049610547215204,-0.8717063187093217,-0.4900286664290594,0.0,0.0,0.0,101971.25,-303.75,69.875,15.587500000000013,0
2022-05-03,0.854322169749827,-0.5197438121555155,-0.888057322629493,-0.4597327394521046,0.0,0.0,0.0,101533.75,-437.5,73.375,15.487500000000018,0
2022-05-04,0.8452490573530633,-0.5343725582809786,-0.9033558023246842,-0.4288919379124841,0.2,0.0,0.2,101571.25,37.5,76.125,15.40000000000002,0
2022-05-05,0.8359254794186372,-0.548842958284719,-0.9175836260593934,-0.3975428142825566,0.0,0.0,0.2,101932.5,361.25,77.875,15.287500000000016,0
2022-05-06,0.8263541987239096,-0.5631507242749186,-0.9307239310379793,-0.3657225234972692,0.0,0.0,0.2,102257.5,325.0,63.125,16.175000000000026,0
2022-05-07,0.8165380514459161,-0.5772916165517272,-0.9427611433904206,-0.33346877891818705,0.0,0.0,0.0,102387.5,130.0,61.5,16.325000000000017,0
2022-05-08,0.8064799463209448,-0.5912614448635781,-0.9536809966304455,-0.300819807635668,0.0,0.0,0.0,102265.0,-122.5,65.75,17.187500000000036,0
2022-05-09,0.7961828637826158,-0.6050560696488488,-0.9634705485641486,-0.26781430516217486,0.0,0.0,0.0,102096.25,-168.75,63.5,18.700000000000024,0
2022-05-10,0.7856498550787147,-0.6186714032625031,-0.9721181966290612,-0.23449138957041052,0.0,0.0,0.0,102175.0,78.75,58.0,19.725000000000016,0
2022-05-11,0.7748840413670407,-0.6321034111873487,-0.9796136916454901,-0.20089055513063528,0.0,0.0,0.0,102073.75,-101.25,57.25,20.58750000000002,0
2022-05-12,0.7638886127905428,-0.6453481132295501,-0.9859481499638303,-0.1670516255021195,0.0,0.0,0.0,101751.25,-322.5,57.625,21.225000000000023,0
2022-05-13,0.7526668275320085,-0.6584015846980488,-0.9911140639934546,-0.13301470653419636,0.0,0.0,0.0,102058.75,307.5,71.5,19.587500000000034,0
2022-05-14,0.7412220108485958,-0.6712599575675313,-0.9951053111006974,-0.09882013873287211,0.0,0.0,0.0,102152.5,93.75,67.75,20.25000000000002,0
2022-05-15,0.7295575540864875,-0.6839194216246106,-0.9979171608653922,-0.06450844944931625,0.0,0.0,0.0,101732.5,-420.0,63.25,22.725000000000023,0
2022-05-16,0.717676913675962,-0.6963762255968722,-0.9995462806873573,-0.03012030484690836,0.0,0.0,0.0,101366.25,-366.25,60.625,21.675000000000026,0
2022-05-17,0.705583610107178,-0.7086266782644596,-0.9999907397361901,0.004303538296243821,0.0,0.0,0.0,101828.75,462.5,61.375,22.450000000000017,0
2022-05-18,0.6932812268869777,-0.7206671495538609,-0.9992500112396835,0.03872228089217399,0.0,0.0,0.0,101771.25,-57.5,55.375,24.60000000000003,0
2022-05-19,0.6807734094770161,-0.7324940716135789,-0.9973249731081555,0.07309512989807776,0.0,0.0,0.0,101755.0,-16.25,48.0,25.93750000000002,0
2022-05-25,0.6016240632249226,-0.7987793728863649,-0.9611297838723007,0.27609697309746883,1.4,1.0,1.5999999999999999,101443.75,346.25,76.75,14.850000000000016,0
2022-05-26,0.5877852522924732,-0.8090169943749473,-0.9510565162951536,0.30901699437494723,0.0,0.0,1.5999999999999999,102141.25,697.5,67.875,15.925000000000018,0
2022-05-27,0.5737722679043246,-0.8190148866680801,-0.9398560579418953,0.341570769167856,0.0,0.0,1.4,102718.75,577.5,72.75,15.925000000000026,0
2022-05-28,0.5595892624101765,-0.8287700871745038,-0.9275416835791965,0.3737197147904692,0.0,0.0,0.0,102418.75,-300.0,64.375,19.58750000000002,0
2022-05-29,0.545240438540651,-0.8382797052177744,-0.9141279881853337,0.4054257283599973,0.0,0.0,0.0,101668.75,-750.0,57.875,20.40000000000002,0
2022-05-30,0.5307300481619334,-0.8475409228928311,-0.8996308696522434,0.4366512319560638,0.0,0.0,0.0,100951.25,-717.5,42.125,19.550000000000026,0
2022-05-31,0.5160623910158528,-0.8565509959010036,-0.8840675099433637,0.46735921715800205,0.0,0.0,0.0,100861.25,-90.0,48.625,19.287500000000023,0
2022-06-01,0.5012418134457758,-0.865307254363206,-0.8674563547295971,0.4975132889071803,0.8,0.0,0.8,101358.75,497.5,54.25,21.112500000000026,0
2022-06-02,0.48627270710868997,-0.8738071036110808,-0.8498170915275277,0.5270777086423724,0.0,0.0,0.8,101228.75,-130.0,54.625,23.950000000000024,0
2022-06-03,0.4711595076738638,-0.8820480249558537,-0.8311706263658079,0.5560174366570446,0.0,0.0,0.8,101318.75,90.0,71.875,21.85000000000003,1
2022-06-04,0.4559066935084588,-0.8900275764346767,-0.8115390590073611,0.5842981736283683,1.8,1.0,1.8,101235.0,-83.75,66.75,23.81250000000002,1
2022-06-05,0.440518784350495,-0.8977433935342337,-0.7909456567567774,0.6118864012687242,1.6,1.0,3.4000000000000004,101428.75,193.75,81.5,21.50000000000003,1
2022-06-06,0.42500033996955416,-0.9051931898913974,-0.7694148268839381,0.6387494220515268,1.2000000000000002,1.0,4.6000000000000005,101973.75,545.0,73.5,20.550000000000026,0
2022-06-07,0.4093559588156213,-0.9123747579707273,-0.7469720876965551,0.6648553979642866,0.0,0.0,2.8000000000000007,101882.5,-91.25,63.0,22.46250000000002,0
2022-06-12,0.3294084822245304,-0.9441875088341993,-0.622046748440868,0.7829801036770624,0.0,0.0,0.0,102053.75,-183.75,49.625,24.912500000000023,0
2022-06-13,0.3131070409358269,-0.9497178427914316,-0.594726686960764,0.8039279618328208,0.0,0.0,0.0,102028.75,-25.0,62.0,24.737500000000033,1
2022-06-14,0.29671281927349075,-0.9549667548552551,-0.5667017562911184,0.8239230057575536,1.8,1.0,1.8,101883.75,-145.0,62.75,25.775000000000013,0
2022-06-15,0.28023067519921585,-0.9599326896597447,-0.5380051715382992,0.8429415373547832,0.0,0.0,1.8,101400.0,-483.75,49.875,28.43750000000003,0
2022-06-16,0.26366549272800704,-0.9646141756912435,-0.5086709438521042,0.8609610158889945,0.0,0.0,1.8,101580.0,180.0,45.0,29.162500000000023,0
2022-06-17,0.24702218048093552,-0.9690098257244062,-0.4787338401157883,0.8779600847008883,0.0,0.0,0.0,101751.25,171.25,48.125,30.150000000000027,0
2022-06-18,0.23030567023061221,-0.9731183372332619,-0.4482293417404106,0.893918596519257,0.0,0.0,0.0,101833.75,82.5,45.125,30.637500000000024,0
2022-06-19,0.21352091543979612,-0.9769384927771817,-0.41719360261231697,0.9088176373395028,0.0,0.0,0.0,101326.25,-507.5,42.75,29.287500000000016,0
2022-06-20,0.19667288979357647,-0.980469160361632,-0.38566340624360745,0.9226395488404875,0.0,0.0,0.0,100695.0,-631.25,55.625,27.825000000000024,0
2022-06-21,0.1797665857255624,-0.9837092937736097,-0.3536761221763721,0.935367949313148,0.0,0.0,0.0,101028.75,333.75,67.875,24.18750000000003,1
2022-06-22,0.16280701293851715,-0.986657932891657,-0.32126966169236515,0.9469877530760751,1.2000000000000002,1.0,1.2000000000000002,101045.0,16.25,78.125,23.15000000000002,0
2022-06-23,0.1457991969198751,-0.9893142039703663,-0.2884824328806098,0.9574851883550389,0.0,0.0,1.2000000000000002,100901.25,-143.75,63.25,24.075000000000017,1
2022-06-24,0.12874817745258132,-0.99167731989929,-0.2553532951161881,0.9668478136052773,8.0,1.0,9.2,101108.75,207.5,71.625,22.062500000000014,1
2022-06-25,0.11165900712169512,-0.993746580436178,-0.22192151300416674,0.9750645322571945,13.0,1.0,21.0,101413.75,305.0,71.625,20.42500000000002,0
2022-06-26,0.09453674981719912,-0.9955213724144752,-0.1882267098432439,0.9821256058680006,0.0,0.0,21.0,101193.75,-220.0,67.75,21.300000000000033,1
2022-06-27,0.07738647923346301,-0.9970011699250151,-0.154308820664281,0.9880226656636976,2.2,1.0,15.2,101432.5,238.75,86.0,16.925000000000026,1
2022-06-28,0.06021327736579302,-0.9981855344718586,-0.12020804489935275,0.9927487224577402,4.4,1.0,6.6000000000000005,102023.75,591.25,88.25,15.937500000000021,0
2022-06-29,0.04302223300453059,-0.99907411510223,-0.0859647987374467,0.9962981749346077,0.0,0.0,6.6000000000000005,101942.5,-81.25,60.25,21.00000000000003,0
2022-06-30,0.02581844022713308,-0.9996666485105112,-0.05161966722325418,0.9986668162884759,0.2,0.0,4.6000000000000005,101483.75,-458.75,59.625,22.15000000000002,1
2022-07-01,0.008606996888688698,-0.9999629591162655,-0.01721335615583528,0.9998518392091162,1.7999999999999998,1.0,1.9999999999999998,101668.75,185.0,80.5,16.637500000000017,0
2022-07-02,-0.008606996888688009,-0.9999629591162655,0.017213356155833904,0.9998518392091162,0.2,0.0,2.1999999999999997,102085.0,416.25,64.125,18.637500000000024,0
2022-07-03,-0.02581844022713239,-0.9996666485105112,0.0516196672232528,0.998666816288476,0.0,0.0,1.9999999999999998,101876.25,-208.75,53.5,22.662500000000023,0
2022-07-04,-0.04302223300453034,-0.99907411510223,0.08596479873744621,0.9962981749346078,0.2,0.0,0.4,101887.5,11.25,59.875,24.162500000000023,0
2022-07-05,-0.060213277365792774,-0.9981855344718586,0.12020804489935226,0.9927487224577403,0.0,0.0,0.2,101982.5,95.0,70.5,21.925000000000026,0
2022-07-06,-0.07738647923346322,-0.9970011699250151,0.15430882066428142,0.9880226656636976,0.0,0.0,0.2,102111.25,128.75,56.5,24.71250000000002,0
2022-07-07,-0.09453674981719933,-0.9955213724144752,0.1882267098432443,0.9821256058680006,0.0,0.0,0.0,102222.5,111.25,48.125,23.975000000000023,0
2022-07-08,-0.11165900712169444,-0.9937465804361781,0.2219215130041654,0.9750645322571948,0.0,0.0,0.0,102493.75,271.25,56.125,23.86250000000002,0
2022-07-09,-0.12874817745258066,-0.99167731989929,0.25535329511618676,0.9668478136052776,0.0,0.0,0.0,102567.5,73.75,54.0,24.112500000000026,0
2022-07-10,-0.14579919691987442,-0.9893142039703664,0.28848243288060854,0.9574851883550394,0.0,0.0,0.0,102277.5,-290.0,46.75,25.375000000000036,0
2022-07-11,-0.16280701293851646,-0.9866579328916572,0.3212696616923639,0.9469877530760755,0.0,0.0,0.0,101795.0,-482.5,44.0,26.68750000000002,0
2022-07-12,-0.17976658572556214,-0.9837092937736098,0.3536761221763716,0.9353679493131483,0.0,0.0,0.0,101500.0,-295.0,42.75,28.12500000000002,0
2022-07-13,-0.19667288979357622,-0.9804691603616321,0.38566340624360695,0.9226395488404876,0.0,0.0,0.0,101806.25,306.25,40.875,28.975000000000016,0
2022-07-14,-0.2135209154397959,-0.9769384927771817,0.4171936026123165,0.908817637339503,0.0,0.0,0.0,101916.25,110.0,38.125,28.837500000000013,0
2022-07-15,-0.23030567023061196,-0.973118337233262,0.4482293417404102,0.8939185965192572,0.0,0.0,0.0,101842.5,-73.75,46.625,29.700000000000024,0
2022-07-16,-0.24702218048093527,-0.9690098257244063,0.47873384011578785,0.8779600847008885,0.0,0.0,0.0,101687.5,-155.0,43.75,28.825000000000024,0
2022-07-17,-0.2636654927280072,-0.9646141756912435,0.5086709438521045,0.8609610158889943,0.0,0.0,0.0,101610.0,-77.5,41.25,29.387500000000024,0
2022-07-18,-0.2802306751992161,-0.9599326896597445,0.5380051715382995,0.8429415373547829,0.0,0.0,0.0,101700.0,90.0,38.125,30.175000000000026,0
2022-07-19,-0.2967128192734901,-0.9549667548552553,0.5667017562911173,0.8239230057575544,0.0,0.0,0.0,101547.5,-152.5,35.875,30.96250000000002,0
2022-07-20,-0.3131070409358267,-0.9497178427914317,0.5947266869607636,0.8039279618328211,0.0,0.0,0.0,101470.0,-77.5,58.875,27.962500000000034,0
2022-07-21,-0.3294084822245302,-0.9441875088341994,0.6220467484408676,0.7829801036770627,0.0,0.0,0.0,102052.5,582.5,54.375,25.450000000000017,0
2022-07-22,-0.3456123126707333,-0.9383773917408642,0.6486295610349815,0.7611042586607746,0.0,0.0,0.0,101956.25,-96.25,51.25,26.48750000000002,0
2022-07-23,-0.3617137307297674,-0.9322892131745134,0.6744436188329453,0.7383263540031066,0.0,0.0,0.0,101763.75,-192.5,56.375,25.850000000000023,0
2022-07-24,-0.37770796520396466,-0.9259247771938499,0.6994583270516468,0.7146733860429613,0.2,0.0,0.2,102078.75,315.0,55.875,23.787500000000023,0
2022-07-25,-0.39359027665646645,-0.9192859697186105,0.723644038295912,0.6901733882429724,0.0,0.0,0.2,101581.25,-497.5,49.75,27.98750000000002,0
2022-07-26,-0.4093559588156211,-0.9123747579707274,0.7469720876965548,0.664855397964287,0.2,0.0,0.4,101896.25,315.0,64.375,24.287500000000023,0
2022-07-27,-0.42500033996955394,-0.9051931898913975,0.7694148268839378,0.6387494220515272,0.0,0.0,0.2,101943.75,47.5,56.125,22.825000000000024,0
2022-07-28,-0.4405187843504952,-0.8977433935342336,0.7909456567567776,0.6118864012687238,0.0,0.0,0.2,101632.5,-311.25,49.0,22.93750000000003,0
2022-07-29,-0.455906693508459,-0.8900275764346766,0.8115390590073613,0.5842981736283681,0.0,0.0,0.0,101443.75,-188.75,52.875,23.350000000000016,1
2022-07-30,-0.47115950767386394,-0.8820480249558535,0.8311706263658081,0.5560174366570443,2.0,1.0,2.0,101770.0,326.25,66.75,22.275000000000027,0
2022-07-31,-0.4862727071086902,-0.8738071036110807,0.8498170915275279,0.527077708642372,0.0,0.0,2.0,102033.75,263.75,57.125,25.075000000000017,0
2022-08-01,-0.5012418134457756,-0.8653072543632061,0.8674563547295968,0.49751328890718066,0.0,0.0,2.0,101930.0,-103.75,50.375,26.38750000000003,0
2022-08-02,-0.5160623910158526,-0.8565509959010037,0.8840675099433635,0.46735921715800244,0.0,0.0,0.0,101787.5,-142.5,48.125,27.43750000000002,0
2022-08-03,-0.5307300481619331,-0.8475409228928312,0.8996308696522431,0.43665123195606426,0.0,0.0,0.0,101568.75,-218.75,41.375,28.700000000000017,0
2022-08-04,-0.5452404385406507,-0.8382797052177745,0.9141279881853336,0.40542572835999774,0.0,0.0,0.0,101300.0,-268.75,41.25,28.98750000000002,0
2022-08-05,-0.5595892624101763,-0.828770087174504,0.9275416835791963,0.37371971479046967,0.0,0.0,0.0,101358.75,58.75,56.125,29.00000000000002,0
2022-08-06,-0.5737722679043243,-0.8190148866680802,0.9398560579418951,0.34157076916785645,0.0,0.0,0.0,101683.75,325.0,59.125,26.450000000000024,0
2022-08-07,-0.5877852522924734,-0.8090169943749472,0.9510565162951538,0.30901699437494684,0.0,0.0,0.0,101786.25,102.5,53.5,26.91250000000003,0
2022-08-08,-0.6016240632249227,-0.7987793728863648,0.9611297838723009,0.27609697309746845,0.0,0.0,0.0,101550.0,-236.25,35.75,28.25000000000003,0
2022-08-09,-0.6152845999633277,-0.7883050558305253,0.9700639218515071,0.24284972209593542,0.0,0.0,0.0,101595.0,45.0,32.5,27.81250000000003,0
2022-08-10,-0.6287628145958345,-0.7775971469736268,0.9778483415056568,0.2093146459630485,0.0,0.0,0.0,101702.5,107.5,37.625,27.787500000000023,0
2022-08-11,-0.6420547132365636,-0.7666588193001592,0.9844738167520922,0.17553149042142824,0.0,0.0,0.0,101496.25,-206.25,39.375,28.925000000000033,0
2022-08-12,-0.655156357209085,-0.7554933140726804,0.989932495087353,0.14154029521704348,0.0,0.0,0.0,101327.5,-168.75,57.125,29.575000000000024,0
2022-08-13,-0.6680638642135333,-0.7441039398713608,0.9942179068939518,0.10738134666416355,0.0,0.0,0.0,101133.75,-193.75,52.75,31.212500000000027,0
2022-08-14,-0.6807734094770159,-0.7324940716135792,0.9973249731081555,0.07309512989807825,0.0,0.0,0.0,101098.75,-35.0,57.0,27.837500000000034,0
2022-08-15,-0.6932812268869771,-0.7206671495538615,0.9992500112396835,0.038722280892175366,0.0,0.0,0.0,101013.75,-85.0,62.0,25.26250000000003,0
2022-08-16,-0.7055836101071774,-0.70862667826446,0.9999907397361901,0.004303538296245199,0.0,0.0,0.0,100983.75,-30.0,53.0,24.43750000000003,0
2022-08-17,-0.7176769136759615,-0.6963762255968726,0.9995462806873574,-0.030120304846906983,0.0,0.0,0.0,100715.0,-268.75,51.25,25.08750000000002,1
2022-08-18,-0.7295575540864876,-0.6839194216246105,0.9979171608653922,-0.06450844944931665,14.2,1.0,14.2,101176.25,461.25,71.125,21.087500000000013,1
2022-08-19,-0.7412220108485957,-0.6712599575675315,0.9951053111006976,-0.09882013873287163,3.6,1.0,17.8,101601.25,425.0,74.625,20.512500000000024,0
2022-08-20,-0.7526668275320083,-0.6584015846980489,0.9911140639934547,-0.13301470653419586,0.0,0.0,17.8,102095.0,493.75,66.25,21.57500000000003,0
2022-08-21,-0.7638886127905429,-0.64534811322955,0.9859481499638303,-0.16705162550211988,0.0,0.0,3.6,101922.5,-172.5,60.5,23.712500000000027,0
2022-08-22,-0.7748840413670406,-0.6321034111873488,0.9796136916454901,-0.2008905551306348,0.0,0.0,0.0,101692.5,-230.0,57.875,24.600000000000023,0
2022-08-23,-0.7856498550787144,-0.6186714032625032,0.9721181966290613,-0.23449138957041005,0.0,0.0,0.0,101698.75,6.25,71.75,22.31250000000003,0
2022-08-24,-0.7961828637826154,-0.6050560696488494,0.963470548564149,-0.2678143051621735,0.0,0.0,0.0,101587.5,-111.25,62.875,25.00000000000003,0
2022-08-25,-0.8064799463209447,-0.5912614448635782,0.9536809966304456,-0.3008198076356675,0.0,0.0,0.0,101298.75,-288.75,51.375,27.287500000000023,1
2022-08-26,-0.8165380514459157,-0.5772916165517278,0.942761143390421,-0.33346877891818577,1.2,1.0,1.2,101570.0,271.25,64.625,25.587500000000027,0
2022-08-27,-0.8263541987239094,-0.5631507242749187,0.9307239310379796,-0.36572252349726875,0.0,0.0,1.2,101607.5,37.5,64.125,25.050000000000026,0
2022-08-28,-0.8359254794186365,-0.5488429582847199,0.9175836260593944,-0.3975428142825545,0.0,0.0,1.2,101273.75,-333.75,58.125,24.86250000000002,0
2022-08-29,-0.8452490573530634,-0.5343725582809785,0.903355802324684,-0.4288919379124845,0.0,0.0,0.0,101250.0,-23.75,47.0,26.787500000000023,0
2022-08-30,-0.8543221697498269,-0.5197438121555157,0.8880573226294932,-0.45973273945210413,0.6,0.0,0.6,101430.0,180.0,58.375,25.45000000000003,0
2022-08-31,-0.8631421280499115,-0.5049610547215202,0.8717063187093216,-0.4900286664290598,0.2,0.0,0.8,101627.5,197.5,64.0,25.175000000000026,0
2022-09-01,-0.8717063187093217,-0.4900286664290594,0.8543221697498272,-0.5197438121555152,0.0,0.0,0.8,101623.75,-3.75,65.125,24.162500000000016,0
2022-09-02,-0.8800122039735356,-0.4749510720670502,0.8359254794186368,-0.5488429582847194,0.0,0.0,0.2,101505.0,-118.75,66.0,23.737500000000026,0
2022-09-03,-0.888057322629493,-0.4597327394521046,0.8165380514459165,-0.5772916165517267,0.0,0.0,0.0,101275.0,-230.0,61.25,24.05000000000001,0
2022-09-04,-0.8958392907349089,-0.4443781781046134,0.7961828637826157,-0.605056069648849,1.0,0.0,1.0,101368.75,93.75,67.5,23.00000000000003,0
2022-09-05,-0.9033558023246842,-0.4288919379124841,0.7748840413670415,-0.6321034111873478,0.0,0.0,1.0,101447.5,78.75,67.0,25.48750000000002,0
2022-09-06,-0.9106046300942162,-0.41327860778290443,0.7526668275320086,-0.6584015846980485,0.0,0.0,1.0,101566.25,118.75,69.375,26.80000000000002,0
2022-09-07,-0.9175836260593934,-0.3975428142825566,0.7295575540864886,-0.6839194216246094,0.0,0.0,0.0,101486.25,-80.0,56.625,26.900000000000034,0
2022-09-08,-0.9242907221930934,-0.3816892202666586,0.7055836101071772,-0.7086266782644604,0.0,0.0,0.0,101402.5,-83.75,54.5,23.46250000000002,0
2022-09-09,-0.9307239310379793,-0.3657225234972692,0.6807734094770164,-0.7324940716135787,0.0,0.0,0.0,101541.25,138.75,59.0,21.512500000000024,1
2022-09-10,-0.9368813462954315,-0.34964745525122826,0.6551563572090847,-0.7554933140726807,4.0,1.0,4.0,101888.75,347.5,73.0,19.350000000000023,0
2022-09-11,-0.9427611433904206,-0.33346877891818705,0.6287628145958348,-0.7775971469736266,0.0,0.0,4.0,101962.5,73.75,59.375,20.68750000000003,0
2022-09-12,-0.9483615800121716,-0.31719128858910595,0.6016240632249223,-0.798779372886365,0.0,0.0,4.0,101513.75,-448.75,50.625,24.362500000000026,0
2022-09-13,-0.9536809966304455,-0.300819807635668,0.5737722679043255,-0.8190148866680794,0.0,0.0,0.0,101068.75,-445.0,65.125,24.975000000000023,0
2022-09-14,-0.9587178169872964,-0.2843591872810036,0.5452404385406511,-0.8382797052177742,0.0,0.0,0.0,100767.5,-301.25,72.5,25.850000000000016,0
2022-09-15,-0.9634705485641486,-0.26781430516217486,0.5160623910158538,-0.8565509959010029,1.0,0.0,1.0,100753.75,-13.75,70.625,23.90000000000002,0
2022-09-16,-0.9679377830240642,-0.25119006388481957,0.4862727071086906,-0.8738071036110805,0.0,0.0,1.0,101180.0,426.25,61.25,23.975000000000016,0
2022-09-17,-0.9721181966290612,-0.23449138957041052,0.45590669350846025,-0.8900275764346759,0.0,0.0,1.0,101470.0,290.0,63.125,21.58750000000002,0
2022-09-18,-0.9760105506323682,-0.21772323039653224,0.4250003399695548,-0.9051931898913971,0.0,0.0,0.0,101846.25,376.25,48.125,17.837500000000027,0
2022-09-19,-0.9796136916454901,-0.20089055513063528,0.39359027665646695,-0.9192859697186104,0.0,0.0,0.0,101838.75,-7.5,41.125,16.912500000000023,0
2022-09-20,-0.9829265519799822,-0.18399835165767986,0.36171373072976704,-0.9322892131745135,0.0,0.0,0.0,101770.0,-68.75,45.125,17.75000000000002,0
2022-09-21,-0.9859481499638303,-0.1670516255021195,0.3294084822245307,-0.9441875088341992,0.0,0.0,0.0,101951.25,181.25,45.375,17.737500000000026,0
2022-09-22,-0.9886775902323404,-0.15005539834465262,0.29671281927349014,-0.9549667548552553,0.0,0.0,0.0,101942.5,-8.75,50.875,17.71250000000002,0
2022-09-23,-0.9911140639934546,-0.13301470653419636,0.26366549272800816,-0.9646141756912432,0.0,0.0,0.0,101892.5,-50.0,53.75,18.275000000000013,1
2022-09-24,-0.9932568492674143,-0.11593459959550066,0.23030567023061246,-0.9731183372332619,8.9,1.0,8.9,101686.25,-206.25,74.5,18.475000000000016,0
2022-09-25,-0.9951053111006974,-0.09882013873287211,0.19667288979357758,-0.9804691603616318,0.2,0.0,9.1,101532.5,-153.75,78.25,16.825000000000017,0
2022-09-26,-0.99665890175417,-0.08167639533042288,0.16280701293851738,-0.9866579328916569,0.0,0.0,9.1,101597.5,65.0,75.125,14.925000000000026,0
2022-09-27,-0.9979171608653922,-0.06450844944931625,0.1287481774525807,-0.99167731989929,0.0,0.0,0.2,101460.0,-137.5,71.75,14.58750000000002,1
2022-09-28,-0.9988797155850335,-0.04732138832243232,0.09453674981720026,-0.9955213724144751,5.0,1.0,5.0,101355.0,-105.0,83.875,14.887500000000024,1
2022-09-29,-0.9995462806873573,-0.03012030484690836,0.060213277365793266,-0.9981855344718586,9.700000000000001,1.0,14.700000000000001,100888.75,-466.25,88.125,15.987500000000033,1
2022-09-30,-0.9999166586547379,-0.012910296075008843,0.02581844022713244,-0.9996666485105112,3.2,1.0,17.900000000000002,100535.0,-353.75,85.375,14.450000000000031,0
2022-10-01,-0.9999907397361901,0.004303538296243821,-0.008606996888687764,-0.9999629591162655,0.2,0.0,13.100000000000001,101411.25,876.25,74.125,13.987500000000026,0
2022-10-02,-0.9997685019798909,0.021516097436222233,-0.04302223300453054,-0.99907411510223,0.0,0.0,3.4000000000000004,102358.75,947.5,71.125,16.52500000000002,0
2022-10-03,-0.9992500112396835,0.03872228089217399,-0.07738647923346208,-0.9970011699250152,0.0,0.0,0.2,102661.25,302.5,77.75,17.36250000000002,0
2022-10-04,-0.9984354211555643,0.05591699010060302,-0.11165900712169419,-0.9937465804361781,0.0,0.0,0.0,102313.75,-347.5,72.25,18.262500000000017,0
2022-10-05,-0.9973249731081555,0.07309512989807776,-0.14579919691987506,-0.9893142039703663,0.0,0.0,0.0,102143.75,-170.0,71.25,17.775000000000027,0
2022-10-06,-0.9959189961471792,0.0902516100310407,-0.17976658572556148,-0.9837092937736099,0.2,0.0,0.2,102311.25,167.5,76.875,18.375000000000036,0
2022-10-07,-0.994217906893952,0.10738134666416306,-0.2135209154397961,-0.9769384927771817,0.0,0.0,0.2,102870.0,558.75,81.5,17.800000000000026,0
2022-10-08,-0.9922222094179324,0.12447926388678869,-0.2470221804809346,-0.9690098257244064,0.2,0.0,0.4,102300.0,-570.0,78.625,17.71250000000002,0
2022-10-09,-0.989932495087353,0.141540295217043,-0.28023067519921585,-0.9599326896597447,0.0,0.0,0.2,102080.0,-220.0,79.875,18.600000000000023,0
2022-10-10,-0.9873494423939864,0.15855938510313475,-0.31310704093582686,-0.9497178427914317,0.2,0.0,0.4,101683.75,-396.25,75.75,18.06250000000003,0
2022-10-11,-0.9844738167520923,0.17553149042142777,-0.3456123126707326,-0.9383773917408644,0.0,0.0,0.2,101715.0,31.25,73.875,19.675000000000026,0
2022-10-16,-0.965739937654855,0.25951179706979943,-0.5012418134457749,-0.8653072543632064,0.2,0.0,0.6000000000000001,101528.75,-588.75,76.75,17.91250000000003,0
2022-10-17,-0.9611297838723007,0.27609697309746883,-0.5307300481619333,-0.8475409228928311,0.0,0.0,0.6000000000000001,101490.0,-38.75,76.75,21.18750000000002,0
2022-10-18,-0.9562348265919058,0.2926003356333479,-0.5595892624101757,-0.8287700871745043,0.0,0.0,0.2,102087.5,597.5,74.875,22.02500000000002,0
2022-10-19,-0.9510565162951536,0.30901699437494723,-0.5877852522924728,-0.8090169943749477,0.0,0.0,0.0,102335.0,247.5,75.5,21.93750000000003,0
2022-10-20,-0.9455963874271428,0.3253420847119795,-0.6152845999633265,-0.7883050558305263,0.0,0.0,0.0,101702.5,-632.5,79.375,21.000000000000014,1
2022-10-21,-0.9398560579418953,0.341570769167856,-0.6420547132365644,-0.7666588193001584,2.0,1.0,2.0,101247.5,-455.0,80.375,20.77500000000002,0
2022-10-22,-0.9338372288229252,0.35769823883312546,-0.6680638642135334,-0.7441039398713607,0.2,0.0,2.2,101112.5,-135.0,71.125,19.75000000000002,0
2022-10-23,-0.9275416835791965,0.3737197147904692,-0.6932812268869779,-0.7206671495538607,0.0,0.0,2.2,101356.25,243.75,69.625,19.80000000000002,0
2022-10-24,-0.9209712877166347,0.38963044953078774,-0.7176769136759616,-0.6963762255968725,0.0,0.0,0.2,101052.5,-303.75,55.5,22.42500000000002,0
2022-10-25,-0.9141279881853337,0.4054257283599973,-0.7412220108485958,-0.6712599575675313,0.0,0.0,0.0,101586.25,533.75,67.625,19.63750000000003,0
2022-10-26,-0.9070138128026362,0.42110087079608916,-0.7638886127905421,-0.6453481132295509,0.0,0.0,0.0,101522.5,-63.75,73.625,17.862500000000026,0
2022-10-27,-0.8996308696522434,0.4366512319560638,-0.7856498550787143,-0.6186714032625035,0.2,0.0,0.2,101872.5,350.0,85.25,18.037500000000023,0
2022-10-28,-0.8919813464595487,0.45207220393230374,-0.806479946320944,-0.5912614448635792,0.0,0.0,0.2,102187.5,315.0,80.0,20.150000000000034,0
2022-10-29,-0.8840675099433637,0.46735921715800205,-0.8263541987239093,-0.563150724274919,0.0,0.0,0.2,102270.0,82.5,75.0,20.600000000000016,0
2022-10-30,-0.8758917051442433,0.48250774176121763,-0.8452490573530623,-0.5343725582809802,0.0,0.0,0.0,101956.25,-313.75,72.125,19.587500000000013,0
2022-10-31,-0.8674563547295971,0.4975132889071803,-0.863142128049911,-0.5049610547215212,0.0,0.0,0.0,101873.75,-82.5,72.375,19.62500000000002,0
2022-11-01,-0.858763958275803,0.5123714121284235,-0.8800122039735355,-0.4749510720670504,0.0,0.0,0.0,101595.0,-278.75,72.375,20.37500000000002,1
2022-11-02,-0.8498170915275277,0.5270777086423724,-0.8958392907349091,-0.44437817810461283,5.9,1.0,5.9,102326.25,731.25,74.625,16.85000000000003,0
2022-11-03,-0.8406184056344783,0.5416278206559811,-0.9106046300942161,-0.41327860778290465,0.0,0.0,5.9,102431.25,105.0,70.625,15.937500000000021,1
2022-11-04,-0.8311706263658079,0.5560174366570446,-0.9242907221930933,-0.3816892202666588,1.7999999999999998,1.0,7.7,101502.5,-928.75,79.25,15.412500000000023,1
2022-11-05,-0.8214765533024145,0.5702422926917867,-0.9368813462954312,-0.3496474552512293,5.4,1.0,7.2,101685.0,182.5,80.0,11.762500000000017,0
2022-11-06,-0.8115390590073611,0.5842981736283683,-0.9483615800121715,-0.31719128858910617,0.0,0.0,7.2,102291.25,606.25,76.0,10.937500000000021,0
2022-11-07,-0.801361088174677,0.5981809144059158,-0.9587178169872961,-0.28435918728100473,0.0,0.0,5.4,101816.25,-475.0,74.625,10.862500000000011,0
2022-11-08,-0.7909456567567774,0.6118864012687242,-0.9679377830240641,-0.2511900638848198,0.0,0.0,0.0,101788.75,-27.5,75.75,12.725000000000016,0
2022-11-09,-0.780295851070776,0.6254105729852457,-0.976010550632368,-0.21772323039653332,0.0,0.0,0.0,101330.0,-458.75,80.0,16.975000000000016,0
2022-11-10,-0.7694148268839381,0.6387494220515268,-0.982926551979982,-0.18399835165768097,0.6000000000000001,0.0,0.6000000000000001,101740.0,410.0,87.0,13.90000000000002,0
2022-11-11,-0.7583058084785625,0.6518989958787125,-0.9886775902323404,-0.15005539834465284,0.0,0.0,0.6000000000000001,102691.25,951.25,87.375,11.262500000000017,0
2022-11-12,-0.7469720876965551,0.6648553979642866,-0.9932568492674143,-0.11593459959550002,0.0,0.0,0.6000000000000001,102703.75,12.5,80.875,14.52500000000002,0
2022-11-13,-0.7354170229639858,0.6776147890466887,-0.99665890175417,-0.08167639533042312,0.0,0.0,0.0,102590.0,-113.75,73.125,17.600000000000023,0
2022-11-14,-0.7236440382959124,0.690173388242972,-0.9988797155850336,-0.04732138832243168,0.0,0.0,0.0,101957.5,-632.5,74.25,14.000000000000021,0
2022-11-15,-0.711656622281775,0.7025274741691566,-0.9999166586547379,-0.012910296075009976,0.8,0.0,0.8,101611.25,-346.25,84.5,14.887500000000024,1
2022-11-16,-0.6994583270516471,0.7146733860429608,-0.9997685019798909,0.021516097436221987,5.1,1.0,5.8999999999999995,100897.5,-713.75,85.125,14.587500000000027,0
2022-11-17,-0.6870527672236675,0.7266075247685652,-0.9984354211555644,0.05591699010060189,0.0,0.0,5.8999999999999995,100605.0,-292.5,78.625,13.60000000000003,1
2022-11-18,-0.6744436188329457,0.7383263540031063,-0.9959189961471792,0.09025161003104046,6.6,1.0,11.7,100470.0,-135.0,81.875,13.937500000000028,0
2022-11-19,-0.661634618242279,0.749826401204568,-0.9922222094179325,0.12447926388678757,1.0,0.0,7.6,101108.75,638.75,83.125,11.125000000000014,1
2022-11-20,-0.6486295610349818,0.7611042586607742,-0.9873494423939866,0.1585593851031336,1.4,1.0,9.0,101553.75,445.0,89.875,8.40000000000002,1
2022-11-21,-0.6354323008901775,0.7721565844991641,-0.9813064702716094,0.1924515819708297,2.2,1.0,4.6,102010.0,456.25,87.625,8.237500000000033,1
2022-11-22,-0.622046748440868,0.7829801036770624,-0.9741004551724208,0.22611568550828692,13.4,1.0,17.0,100943.75,-1066.25,92.125,9.712500000000027,1
2022-11-23,-0.6084768701151264,0.7935716089521472,-0.9657399376548551,0.25951179706979915,6.0,1.0,21.6,100872.5,-71.25,86.125,8.137500000000017,1
2022-11-24,-0.594726686960764,0.8039279618328208,-0.9562348265919062,0.2926003356333468,23.6,1.0,43.0,100898.75,26.25,85.625,11.612500000000033,0
2022-11-25,-0.5808002734538013,0.8140460935082175,-0.9455963874271429,0.32534208471197923,0.2,0.0,29.800000000000004,101737.5,838.75,84.75,9.437500000000028,1
2022-11-26,-0.5667017562911184,0.8239230057575536,-0.9338372288229259,0.35769823883312357,5.4,1.0,29.200000000000006,102357.5,620.0,93.125,9.087500000000006,0
2022-11-27,-0.5524353131676203,0.8335557718385695,-0.9209712877166351,0.3896304495307867,0.0,0.0,5.600000000000004,103007.5,650.0,93.875,6.22500000000003,0
2022-11-28,-0.5380051715382992,0.8429415373547832,-0.9070138128026355,0.42110087079609054,0.0,0.0,5.400000000000004,102230.0,-777.5,86.625,7.5375000000000085,0
2022-11-29,-0.5234156073655503,0.8520775211013093,-0.8919813464595485,0.4520722039323043,0.8,0.0,0.8000000000000036,101897.5,-332.5,85.875,10.08750000000002,0
2022-11-30,-0.5086709438521042,0.8609610158889945,-0.8758917051442426,0.48250774176121897,0.0,0.0,0.8000000000000036,102037.5,140.0,88.625,8.575000000000024,0
2022-12-01,-0.49377555015997737,0.8695893893466109,-0.8587639582758032,0.5123714121284233,0.0,0.0,0.8000000000000036,101993.75,-43.75,94.375,4.262500000000017,0
2022-12-02,-0.4787338401157883,0.8779600847008883,-0.840618405634478,0.5416278206559817,0.0,0.0,0.0,102077.5,83.75,90.625,4.875000000000021,0
2022-12-03,-0.4635502709028512,0.8860706215341378,-0.8214765533024146,0.5702422926917865,0.0,0.0,0.0,101775.0,-302.5,85.0,5.812500000000028,0
2022-12-04,-0.4482293417404106,0.893918596519257,-0.8013610881746766,0.5981809144059164,0.0,0.0,0.0,100996.25,-778.75,82.5,5.700000000000024,0
2022-12-05,-0.4327755925504317,0.9015016841318838,-0.7802958510707761,0.6254105729852455,0.0,0.0,0.0,101181.25,185.0,87.375,3.9375000000000213,0
2022-12-06,-0.41719360261231697,0.9088176373395028,-0.7583058084785628,0.6518989958787123,0.0,0.0,0.0,101782.5,601.25,82.375,4.275000000000027,0
2022-12-07,-0.4014879892059737,0.9158642882672868,-0.7354170229639866,0.6776147890466879,0.0,0.0,0.0,101672.5,-110.0,71.125,7.325000000000024,0
2022-12-08,-0.38566340624360745,0.9226395488404875,-0.7116566222817752,0.7025274741691564,0.0,0.0,0.0,101513.75,-158.75,72.875,8.775000000000034,0
2022-12-09,-0.3697245428906732,0.9291414114031743,-0.687052767223667,0.7266075247685656,0.4,0.0,0.4000000000000036,100666.25,-847.5,89.125,6.887500000000024,0
2022-12-10,-0.3536761221763721,0.935367949313148,-0.6616346182422791,0.7498264012045678,0.2,0.0,0.6000000000000036,100030.0,-636.25,93.5,8.362500000000026,0
2022-12-15,-0.27195815753410524,0.9623090774541487,-0.5234156073655497,0.8520775211013096,0.8,0.0,8.400000000000004,100226.25,70.0,89.375,11.625000000000021,1
2022-12-16,-0.2553532951161881,0.9668478136052773,-0.49377555015997915,0.8695893893466099,3.6,1.0,8.600000000000005,99812.5,-413.75,92.375,10.400000000000027,1
2022-12-17,-0.23867276600594997,0.9711000518829505,-0.4635502709028506,0.8860706215341381,2.0,1.0,6.400000000000005,100747.5,935.0,95.125,9.562500000000028,0
2022-12-18,-0.22192151300416674,0.9750645322571945,-0.4327755925504335,0.9015016841318829,0.0,0.0,5.600000000000005,101951.25,1203.75,89.5,5.325000000000024,0
2022-12-19,-0.20510449986861926,0.9787400799669153,-0.4014879892059731,0.9158642882672872,0.0,0.0,2.0000000000000044,102465.0,513.75,87.125,7.475000000000023,0
2022-12-20,-0.1882267098432439,0.9821256058680006,-0.3697245428906726,0.9291414114031745,0.0,0.0,0.0,102227.5,-237.5,80.125,12.96250000000002,0
2022-12-21,-0.1712931441814778,0.9852201067560606,-0.3375228995941137,0.9413173175128469,0.0,0.0,0.0,101882.5,-345.0,83.375,13.287500000000016,0
2022-12-22,-0.154308820664281,0.9880226656636976,-0.3049212246562888,0.9523775757303975,0.8,0.0,0.8000000000000045,102030.0,147.5,83.75,12.850000000000016,0
2022-12-23,-0.13727877211326517,0.9905324521322227,-0.2719581575341063,0.9623090774541484,0.4,0.0,1.2000000000000046,102205.0,175.0,80.75,13.062500000000028,0
2022-12-24,-0.12020804489935275,0.9927487224577402,-0.23867276600595022,0.9711000518829503,0.0,0.0,1.2000000000000046,102003.75,-201.25,83.125,13.275000000000027,0
2022-12-25,-0.10310169744743544,0.9946708199115211,-0.20510449986862037,0.9787400799669149,0.0,0.0,0.40000000000000446,101913.75,-90.0,85.625,11.200000000000024,0
2022-12-26,-0.0859647987374467,0.9962981749346077,-0.17129314418147804,0.9852201067560605,0.0,0.0,0.0,101742.5,-171.25,87.5,11.237500000000026,0
2022-12-27,-0.06880242680232064,0.9976303053065857,-0.1372787721132663,0.9905324521322226,0.0,0.0,0.0,102571.25,828.75,88.5,11.375000000000028,0
2022-12-28,-0.05161966722325418,0.9986668162884759,-0.10310169744743568,0.994670819911521,1.0,0.0,1.0000000000000044,103007.5,436.25,94.125,10.812500000000021,0
2022-12-29,-0.034421611622745804,0.9994074007397048,-0.06880242680232,0.9976303053065857,0.0,0.0,1.0000000000000044,102332.5,-675.0,91.75,8.787500000000023,1
2022-12-30,-0.01721335615583528,0.9998518392091162,-0.03442161162274694,0.9994074007397047,1.6,1.0,2.6000000000000045,101930.0,-402.5,88.125,10.750000000000028,0
2022-12-31,6.432490598706546e-16,1.0,1.2864981197413093e-15,1.0,0.4,0.0,2.0000000000000044,101812.5,-117.5,83.625,12.162500000000023,0
2023-01-01,0.017213356155834685,0.9998518392091162,0.03442161162274574,0.9994074007397048,0.0,0.0,2.0000000000000044,102135.0,322.5,85.25,13.125000000000021,0
2023-01-02,0.03442161162274574,0.9994074007397048,0.06880242680231986,0.9976303053065857,0.0,0.0,0.40000000000000446,102126.25,-8.75,84.0,13.600000000000016,0
2023-01-03,0.051619667223253764,0.998666816288476,0.10310169744743485,0.9946708199115211,0.4,0.0,0.40000000000000446,102428.75,302.5,82.375,12.40000000000002,0
2023-01-04,0.06880242680231986,0.9976303053065857,0.13727877211326478,0.9905324521322229,0.0,0.0,0.40000000000000446,103181.25,752.5,87.875,9.637500000000024,0
2023-01-05,0.08596479873744647,0.9962981749346078,0.1712931441814776,0.9852201067560606,0.0,0.0,0.40000000000000446,103523.75,342.5,93.875,5.52500000000002,0
2023-01-06,0.10310169744743485,0.9946708199115211,0.2051044998686192,0.9787400799669153,0.0,0.0,0.0,103085.0,-438.75,78.125,9.050000000000018,0
2023-01-07,0.1202080448993527,0.9927487224577402,0.2386727660059501,0.9711000518829505,0.0,0.0,0.0,102560.0,-525.0,88.625,7.250000000000021,0
2023-01-08,0.13727877211326478,0.9905324521322229,0.2719581575341055,0.9623090774541486,0.0,0.0,0.0,101768.75,-791.25,82.625,10.612500000000011,1
2023-01-09,0.15430882066428117,0.9880226656636976,0.30492122465628907,0.9523775757303974,6.6000000000000005,1.0,6.600000000000005,101132.5,-636.25,92.5,10.33750000000002,1
2023-01-10,0.1712931441814776,0.9852201067560606,0.3375228995941133,0.9413173175128471,7.2,1.0,13.800000000000004,101926.25,793.75,82.375,8.812500000000021,0
2023-01-11,0.1882267098432442,0.9821256058680006,0.3697245428906731,0.9291414114031743,0.2,0.0,14.000000000000005,102708.75,782.5,77.625,9.26250000000001,0
2023-01-12,0.2051044998686192,0.9787400799669153,0.401487989205973,0.9158642882672872,1.0,0.0,8.400000000000004,102696.25,-12.5,91.625,7.212500000000013,0
2023-01-13,0.2219215130041655,0.9750645322571948,0.4327755925504312,0.901501684131884,0.0,0.0,1.2000000000000044,102861.25,165.0,84.375,7.400000000000027,0
2023-01-14,0.2386727660059501,0.9711000518829505,0.4635502709028509,0.886070621534138,0.2,0.0,1.2000000000000044,102698.75,-162.5,86.5,8.91250000000003,0
2023-01-15,0.255353295116187,0.9668478136052775,0.49377555015997715,0.869589389346611,0.0,0.0,0.20000000000000445,102268.75,-430.0,87.625,7.325000000000017,0
2023-01-16,0.2719581575341055,0.9623090774541486,0.5234156073655503,0.8520775211013093,0.4,0.0,0.6000000000000045,101922.5,-346.25,87.125,6.712500000000034,1
2023-01-17,0.288482432880609,0.9574851883550393,0.5524353131676196,0.8335557718385699,8.0,1.0,8.400000000000004,100447.5,-1475.0,86.625,5.837500000000027,1
2023-01-18,0.30492122465628907,0.9523775757303974,0.5808002734538009,0.8140460935082178,21.4,1.0,29.800000000000004,99278.75,-1168.75,91.0,5.437500000000021,1
2023-01-19,0.3212696616923644,0.9469877530760753,0.6084768701151261,0.7935716089521474,1.6,1.0,31.000000000000007,100416.25,1137.5,82.75,3.2375000000000256,1
2023-01-20,0.3375228995941133,0.9413173175128471,0.6354323008901774,0.7721565844991642,14.7,1.0,37.7,101126.25,710.0,88.25,3.10000000000003,0
2023-01-26,0.4327755925504312,0.901501684131884,0.7802958510707755,0.6254105729852463,0.0,0.0,0.0,103156.25,80.0,88.25,0.3000000000000256,0
2023-01-27,0.4482293417404106,0.893918596519257,0.8013610881746766,0.5981809144059165,0.0,0.0,0.0,102322.5,-833.75,86.5,2.02500000000002,0
2023-01-28,0.4635502709028509,0.886070621534138,0.8214765533024142,0.5702422926917871,0.0,0.0,0.0,102130.0,-192.5,84.125,2.1000000000000156,0
2023-02-12,0.6744436188329455,0.7383263540031065,0.995918996147179,0.09025161003104117,0.0,0.0,0.0,103520.0,-332.5,69.75,3.9375000000000213,0
2023-02-17,0.7354170229639855,0.6776147890466889,0.9966589017541702,-0.08167639533042241,0.0,0.0,0.0,103126.25,280.0,76.5,7.975000000000016,0
2023-02-18,0.7469720876965552,0.6648553979642865,0.9932568492674143,-0.11593459959550041,0.0,0.0,0.0,103316.25,190.0,67.75,8.65000000000002,0
2023-02-19,0.7583058084785624,0.6518989958787126,0.9886775902323405,-0.1500553983446526,0.0,0.0,0.0,103083.75,-232.5,73.75,9.775000000000027,0
2023-02-20,0.7694148268839378,0.6387494220515272,0.9829265519799822,-0.18399835165768005,0.0,0.0,0.0,102940.0,-143.75,79.0,10.012500000000024,0
2023-02-21,0.7802958510707755,0.6254105729852463,0.9760105506323683,-0.21772323039653177,0.0,0.0,0.0,102612.5,-327.5,77.5,9.862500000000026,0
2023-02-22,0.7909456567567772,0.6118864012687243,0.9679377830240642,-0.25119006388481935,0.0,0.0,0.0,101963.75,-648.75,77.125,11.425000000000026,1
2023-02-23,0.8013610881746766,0.5981809144059165,0.9587178169872964,-0.2843591872810034,1.6,1.0,1.6000000000000072,101803.75,-160.0,87.375,11.075000000000017,1
2023-02-24,0.8115390590073611,0.5842981736283684,0.9483615800121715,-0.3171912885891061,1.4000000000000001,1.0,3.000000000000007,101160.0,-643.75,94.375,7.575000000000017,1
2023-02-25,0.8214765533024142,0.5702422926917871,0.9368813462954315,-0.3496474552512284,5.199999999999999,1.0,8.200000000000006,100978.75,-181.25,80.25,6.187500000000028,0
2023-02-26,0.8311706263658079,0.5560174366570446,0.9242907221930933,-0.3816892202666588,0.0,0.0,6.600000000000007,100721.25,-257.5,83.875,4.175000000000011,0
2023-02-27,0.8406184056344782,0.5416278206559814,0.9106046300942162,-0.4132786077829042,0.0,0.0,5.200000000000006,100927.5,206.25,58.0,5.812500000000028,0
2023-02-28,0.8498170915275278,0.5270777086423722,0.895839290734909,-0.4443781781046132,0.0,0.0,0.0,101692.5,765.0,68.75,1.1500000000000128,0
2023-03-01,0.8587639582758029,0.5123714121284237,0.8800122039735357,-0.47495107206704995,0.0,0.0,0.0,102297.5,605.0,59.125,2.762500000000017,0
2023-03-02,0.8674563547295969,0.49751328890718066,0.8631421280499114,-0.5049610547215204,0.0,0.0,0.0,102071.25,-226.25,58.0,2.3000000000000185,0
2023-03-03,0.8758917051442429,0.48250774176121847,0.8452490573530633,-0.5343725582809786,0.0,0.0,0.0,102007.5,-63.75,63.875,3.9125000000000156,0
2023-03-04,0.8840675099433636,0.4673592171580022,0.8263541987239096,-0.5631507242749186,0.0,0.0,0.0,102261.25,253.75,67.5,5.550000000000026,0
2023-03-05,0.8919813464595485,0.45207220393230435,0.8064799463209448,-0.5912614448635781,0.0,0.0,0.0,102346.25,85.0,69.625,4.825000000000024,0
2023-03-06,0.8996308696522433,0.43665123195606403,0.7856498550787147,-0.6186714032625031,0.0,0.0,0.0,101685.0,-661.25,67.5,6.050000000000026,0
2023-03-07,0.9070138128026359,0.4211008707960896,0.7638886127905428,-0.6453481132295501,0.0,0.0,0.0,101238.75,-446.25,72.75,4.775000000000034,1
2023-03-08,0.9141279881853337,0.40542572835999735,0.7412220108485958,-0.6712599575675313,3.4,1.0,3.400000000000007,100830.0,-408.75,86.5,4.675000000000026,0
2023-03-09,0.9209712877166346,0.38963044953078796,0.717676913675962,-0.6963762255968722,0.2,0.0,3.600000000000007,100607.5,-222.5,76.25,12.387500000000024,1
2023-03-10,0.9275416835791966,0.37371971479046906,0.6932812268869777,-0.7206671495538609,7.1,1.0,10.700000000000006,100861.25,253.75,81.375,13.78750000000003,1
2023-03-11,0.9338372288229252,0.35769823883312546,0.6680638642135335,-0.7441039398713607,3.0,1.0,10.300000000000006,101341.25,480.0,77.5,12.850000000000016,1
2023-03-12,0.9398560579418954,0.3415707691678556,0.6420547132365637,-0.766658819300159,4.0,1.0,14.100000000000007,101465.0,123.75,82.5,15.100000000000023,0
2023-03-13,0.9455963874271426,0.3253420847119801,0.6152845999633276,-0.7883050558305255,0.7999999999999999,0.0,7.800000000000007,101945.0,480.0,86.5,14.237500000000026,1
2023-03-14,0.9510565162951535,0.30901699437494745,0.5877852522924732,-0.8090169943749473,3.0,1.0,7.800000000000007,101097.5,-847.5,78.375,15.075000000000024,1
2023-03-15,0.9562348265919056,0.29260033563334836,0.5595892624101765,-0.8287700871745038,11.100000000000001,1.0,14.90000000000001,101701.25,603.75,81.875,10.22500000000003,1
2023-03-16,0.9611297838723007,0.27609697309746883,0.5307300481619334,-0.8475409228928311,1.7999999999999998,1.0,15.90000000000001,101986.25,285.0,78.0,11.46250000000002,0
2023-03-17,0.9657399376548549,0.2595117970697999,0.5012418134457758,-0.865307254363206,0.0,0.0,12.90000000000001,101356.25,-630.0,68.125,11.325000000000017,0
2023-03-18,0.9700639218515071,0.2428497220959356,0.4711595076738638,-0.8820480249558537,0.0,0.0,1.800000000000007,101146.25,-210.0,74.125,12.96250000000002,1
2023-03-19,0.9741004551724205,0.22611568550828828,0.440518784350495,-0.8977433935342337,5.9,1.0,5.9000000000000075,101451.25,305.0,79.125,12.575000000000024,1
2023-03-20,0.9778483415056568,0.20931464596304847,0.4093559588156213,-0.9123747579707273,2.6,1.0,8.500000000000007,102107.5,656.25,82.0,12.362500000000026,0
2023-03-21,0.9813064702716093,0.19245158197082998,0.3777079652039649,-0.9259247771938498,0.0,0.0,8.500000000000007,102246.25,138.75,68.75,11.550000000000026,0
2023-03-22,0.9844738167520922,0.1755314904214282,0.3456123126707335,-0.9383773917408641,0.0,0.0,2.600000000000007,101911.25,-335.0,74.125,10.825000000000031,0
2023-03-23,0.9873494423939864,0.15855938510313475,0.3131070409358269,-0.9497178427914316,0.0,0.0,0.0,101516.25,-395.0,64.625,13.200000000000031,0
2023-03-24,0.989932495087353,0.141540295217043,0.28023067519921585,-0.9599326896597447,0.0,0.0,0.0,101257.5,-258.75,73.0,14.47500000000003,0
2023-03-25,0.9922222094179323,0.12447926388678915,0.24702218048093552,-0.9690098257244062,0.0,0.0,0.0,101623.75,366.25,76.625,13.587500000000013,0
2023-03-26,0.994217906893952,0.10738134666416309,0.21352091543979612,-0.9769384927771817,0.0,0.0,0.0,102051.25,427.5,64.0,12.900000000000027,1
2023-03-27,0.995918996147179,0.09025161003104117,0.1797665857255624,-0.9837092937736097,2.6,1.0,2.600000000000007,101621.25,-430.0,67.75,12.700000000000031,0
2023-03-28,0.9973249731081555,0.07309512989807777,0.1457991969198751,-0.9893142039703663,1.0,0.0,3.600000000000007,102425.0,803.75,72.875,10.900000000000027,0
2023-03-29,0.9984354211555643,0.055916990100603484,0.11165900712169512,-0.993746580436178,0.0,0.0,3.600000000000007,102401.25,-23.75,61.875,11.33750000000002,0
2023-03-30,0.9992500112396835,0.03872228089217446,0.07738647923346301,-0.9970011699250151,0.0,0.0,1.000000000000007,102006.25,-395.0,61.375,14.062500000000028,0
2023-03-31,0.9997685019798909,0.021516097436222254,0.04302223300453059,-0.99907411510223,0.0,0.0,0.0,101915.0,-91.25,71.625,15.162500000000023,0
2023-04-01,0.9999907397361901,0.004303538296244289,0.008606996888688698,-0.9999629591162655,0.0,0.0,0.0,101747.5,-167.5,69.5,14.012500000000017,1
2023-04-02,0.9999166586547379,-0.01291029607500882,-0.02581844022713239,-0.9996666485105112,5.4,1.0,5.4000000000000075,101890.0,142.5,75.625,10.512500000000017,1
2023-04-03,0.9995462806873573,-0.030120304846908114,-0.060213277365792774,-0.9981855344718586,3.0,1.0,8.400000000000007,102223.75,333.75,83.875,9.950000000000024,0
2023-04-04,0.9988797155850336,-0.04732138832243185,-0.09453674981719933,-0.9955213724144752,0.0,0.0,8.400000000000007,102125.0,-98.75,77.25,10.325000000000024,0
2023-04-05,0.9979171608653922,-0.06450844944931623,-0.12874817745258066,-0.99167731989929,0.0,0.0,3.000000000000007,101906.25,-218.75,65.875,8.825000000000024,0
2023-04-06,0.9966589017541702,-0.08167639533042241,-0.16280701293851646,-0.9866579328916572,0.0,0.0,0.0,102123.75,217.5,61.125,10.000000000000028,0
2023-04-07,0.9951053111006976,-0.09882013873287143,-0.19667288979357622,-0.9804691603616321,0.0,0.0,0.0,102057.5,-66.25,56.0,10.962500000000013,0
2023-04-08,0.9932568492674143,-0.11593459959550041,-0.23030567023061196,-0.973118337233262,0.0,0.0,0.0,101783.75,-273.75,56.25,12.275000000000027,0
2023-04-09,0.9911140639934547,-0.1330147065341959,-0.2636654927280072,-0.9646141756912435,0.0,0.0,0.0,101830.0,46.25,48.375,13.237500000000018,0
2023-04-10,0.9886775902323405,-0.1500553983446526,-0.2967128192734901,-0.9549667548552553,0.0,0.0,0.0,101972.5,142.5,47.75,14.062500000000021,0
2023-04-11,0.9859481499638304,-0.16705162550211924,-0.3294084822245302,-0.9441875088341994,0.0,0.0,0.0,102238.75,266.25,66.0,14.512500000000017,0
2023-04-12,0.9829265519799822,-0.18399835165768005,-0.3617137307297674,-0.9322892131745134,0.0,0.0,0.0,102093.75,-145.0,67.5,15.587500000000027,1
2023-04-13,0.9796136916454901,-0.20089055513063506,-0.39359027665646645,-0.9192859697186105,1.8,1.0,1.8000000000000071,101365.0,-728.75,79.625,11.100000000000023,1
2023-04-14,0.9760105506323683,-0.21772323039653177,-0.42500033996955394,-0.9051931898913975,9.7,1.0,11.500000000000007,101597.5,232.5,82.125,7.900000000000027,1
2023-04-15,0.9721181966290613,-0.23449138957040985,-0.455906693508459,-0.8900275764346766,6.800000000000001,1.0,18.300000000000008,101336.25,-261.25,84.625,11.012500000000017,1
2023-04-16,0.9679377830240642,-0.25119006388481935,-0.4862727071086902,-0.8738071036110807,1.2,1.0,17.700000000000006,101930.0,593.75,69.25,12.062500000000021,0
2023-04-17,0.9634705485641488,-0.2678143051621742,-0.5160623910158526,-0.8565509959010037,0.0,0.0,8.000000000000007,102387.5,457.5,65.625,11.800000000000026,0
2023-04-18,0.9587178169872964,-0.2843591872810034,-0.5452404385406507,-0.8382797052177745,0.0,0.0,1.200000000000007,101970.0,-417.5,59.125,11.912500000000023,0
2023-04-19,0.9536809966304457,-0.30081980763566735,-0.5737722679043243,-0.8190148866680802,0.0,0.0,0.0,101583.75,-386.25,60.25,13.050000000000033,0
2023-04-20,0.9483615800121715,-0.3171912885891061,-0.6016240632249227,-0.7987793728863648,0.0,0.0,0.0,101381.25,-202.5,57.125,15.575000000000017,0
2023-04-21,0.9427611433904207,-0.3334687789181868,-0.6287628145958345,-0.7775971469736268,0.0,0.0,0.0,100883.75,-497.5,57.25,16.200000000000024,0
2023-04-22,0.9368813462954315,-0.3496474552512284,-0.655156357209085,-0.7554933140726804,0.0,0.0,0.0,100651.25,-232.5,72.875,15.412500000000016,1
2023-04-23,0.9307239310379795,-0.36572252349726897,-0.6807734094770159,-0.7324940716135792,4.4,1.0,4.4000000000000075,101092.5,441.25,86.5,14.03750000000003,1
2023-04-24,0.9242907221930933,-0.3816892202666588,-0.7055836101071774,-0.70862667826446,3.8000000000000003,1.0,8.200000000000008,101376.25,283.75,90.625,12.000000000000014,0
2023-04-25,0.9175836260593937,-0.39754281428255595,-0.7295575540864876,-0.6839194216246105,0.8,0.0,9.000000000000007,101696.25,320.0,81.75,13.662500000000023,1
2023-04-26,0.9106046300942162,-0.4132786077829042,-0.7526668275320083,-0.6584015846980489,5.2,1.0,9.800000000000008,101627.5,-68.75,92.125,13.125000000000028,1
2023-04-27,0.9033558023246845,-0.4288919379124835,-0.7748840413670406,-0.6321034111873488,3.8,1.0,9.800000000000008,101688.75,61.25,87.875,15.475000000000023,0
2023-04-28,0.895839290734909,-0.4443781781046132,-0.7961828637826154,-0.6050560696488494,0.0,0.0,9.000000000000007,101561.25,-127.5,74.75,19.625000000000014,0
2023-04-29,0.8880573226294932,-0.45973273945210397,-0.8165380514459157,-0.5772916165517278,0.0,0.0,3.800000000000007,101463.75,-97.5,73.375,18.112500000000026,1
2023-04-30,0.8800122039735357,-0.47495107206704995,-0.8359254794186365,-0.5488429582847199,2.8,1.0,2.800000000000007,101582.5,118.75,90.125,16.987500000000026,1
2023-05-01,0.8717063187093218,-0.4900286664290592,-0.8543221697498269,-0.5197438121555157,3.0,1.0,5.800000000000007,101863.75,281.25,85.0,15.887500000000031,0
2023-05-02,0.8631421280499114,-0.5049610547215204,-0.8717063187093217,-0.4900286664290594,0.0,0.0,5.800000000000007,102050.0,186.25,78.0,15.250000000000028,0
2023-05-03,0.854322169749827,-0.5197438121555155,-0.888057322629493,-0.4597327394521046,0.0,0.0,3.000000000000007,102088.75,38.75,65.625,15.762500000000024,0
2023-05-08,0.8064799463209448,-0.5912614448635781,-0.9536809966304455,-0.300819807635668,10.200000000000001,1.0,10.200000000000008,102043.75,597.5,81.375,17.237500000000026,0
2023-05-09,0.7961828637826158,-0.6050560696488488,-0.9634705485641486,-0.26781430516217486,0.0,0.0,10.200000000000008,102375.0,331.25,71.5,16.850000000000016,1
2023-05-10,0.7856498550787147,-0.6186714032625031,-0.9721181966290612,-0.23449138957041052,6.5,1.0,16.70000000000001,102040.0,-335.0,85.875,15.175000000000026,1
2023-05-11,0.7748840413670407,-0.6321034111873487,-0.9796136916454901,-0.20089055513063528,2.6,1.0,9.100000000000007,102217.5,177.5,78.25,13.90000000000002,0
2023-05-12,0.7638886127905428,-0.6453481132295501,-0.9859481499638303,-0.1670516255021195,1.0,0.0,10.100000000000007,101952.5,-265.0,78.5,12.58750000000002,1
2023-05-13,0.7526668275320085,-0.6584015846980488,-0.9911140639934546,-0.13301470653419636,13.1,1.0,16.700000000000006,101765.0,-187.5,83.5,11.83750000000002,1
2023-05-14,0.7412220108485958,-0.6712599575675313,-0.9951053111006974,-0.09882013873287211,1.8,1.0,15.900000000000007,101916.25,151.25,78.75,13.78750000000003,1
2023-05-15,0.7295575540864875,-0.6839194216246106,-0.9979171608653922,-0.06450844944931625,6.0,1.0,20.900000000000006,101858.75,-57.5,81.375,14.562500000000028,1
2023-05-16,0.717676913675962,-0.6963762255968722,-0.9995462806873573,-0.03012030484690836,4.0,1.0,11.800000000000008,101812.5,-46.25,78.25,14.987500000000026,1
2023-05-17,0.705583610107178,-0.7086266782644596,-0.9999907397361901,0.004303538296243821,1.2,1.0,11.200000000000006,101862.5,50.0,72.0,13.687500000000014,0
2023-05-18,0.6932812268869777,-0.7206671495538609,-0.9992500112396835,0.03872228089217399,0.0,0.0,5.200000000000007,102082.5,220.0,56.375,13.700000000000017,0
2023-05-19,0.6807734094770161,-0.7324940716135789,-0.9973249731081555,0.07309512989807776,0.0,0.0,1.200000000000007,102091.25,8.75,62.25,12.925000000000018,0
2023-05-20,0.6680638642135335,-0.7441039398713607,-0.994217906893952,0.10738134666416306,0.0,0.0,0.0,101978.75,-112.5,74.25,13.387500000000031,0
2023-05-21,0.6551563572090853,-0.7554933140726803,-0.989932495087353,0.141540295217043,0.0,0.0,0.0,101546.25,-432.5,66.125,15.800000000000026,0
2023-05-22,0.6420547132365637,-0.766658819300159,-0.9844738167520923,0.17553149042142777,0.2,0.0,0.20000000000000712,101466.25,-80.0,76.75,15.687500000000028,0
2023-05-23,0.6287628145958344,-0.7775971469736269,-0.9778483415056567,0.20931464596304888,0.6000000000000001,0.0,0.8000000000000071,101525.0,58.75,78.0,18.00000000000002,0
2023-05-24,0.6152845999633276,-0.7883050558305255,-0.970063921851507,0.2428497220959358,0.0,0.0,0.8000000000000071,101575.0,50.0,72.75,19.25000000000003,0
2023-05-25,0.6016240632249226,-0.7987793728863649,-0.9611297838723007,0.27609697309746883,0.6000000000000001,0.0,1.2000000000000073,101631.25,56.25,79.25,18.025000000000034,0
2023-05-26,0.5877852522924732,-0.8090169943749473,-0.9510565162951536,0.30901699437494723,0.0,0.0,0.6000000000000072,101732.5,101.25,70.625,17.125000000000036,0
2023-05-27,0.5737722679043246,-0.8190148866680801,-0.9398560579418953,0.341570769167856,0.0,0.0,0.6000000000000072,101930.0,197.5,65.0,19.662500000000023,0
2023-06-01,0.5012418134457758,-0.865307254363206,-0.8674563547295971,0.4975132889071803,2.6,1.0,2.8000000000000074,101511.25,5.0,77.875,18.650000000000027,0
2023-06-02,0.48627270710868997,-0.8738071036110808,-0.8498170915275277,0.5270777086423724,0.4,0.0,3.000000000000007,101475.0,-36.25,72.0,20.037500000000023,0
2023-06-03,0.4711595076738638,-0.8820480249558537,-0.8311706263658079,0.5560174366570446,0.0,0.0,3.000000000000007,101328.75,-146.25,63.125,20.987500000000026,0
2023-06-04,0.4559066935084588,-0.8900275764346767,-0.8115390590073611,0.5842981736283683,0.0,0.0,0.4000000000000071,101325.0,-3.75,68.5,20.787500000000016,0
2023-06-05,0.440518784350495,-0.8977433935342337,-0.7909456567567774,0.6118864012687242,0.0,0.0,0.0,101445.0,120.0,65.5,22.08750000000002,0
2023-06-06,0.42500033996955416,-0.9051931898913974,-0.7694148268839381,0.6387494220515268,0.0,0.0,0.0,101467.5,22.5,65.5,21.75000000000003,1
2023-06-07,0.4093559588156213,-0.9123747579707273,-0.7469720876965551,0.6648553979642866,29.1,1.0,29.10000000000001,101452.5,-15.0,73.375,20.81250000000003,0
2023-06-08,0.39359027665646673,-0.9192859697186104,-0.7236440382959124,0.690173388242972,0.2,0.0,29.300000000000008,101275.0,-177.5,71.625,21.762500000000024,0
2023-06-09,0.3777079652039649,-0.9259247771938498,-0.6994583270516471,0.7146733860429608,0.0,0.0,29.300000000000008,100991.25,-283.75,67.75,22.925000000000033,1
2023-06-10,0.36171373072976765,-0.9322892131745133,-0.6744436188329457,0.7383263540031063,6.5,1.0,6.700000000000007,100867.5,-123.75,81.875,20.50000000000003,0
2023-06-11,0.3456123126707335,-0.9383773917408641,-0.6486295610349818,0.7611042586607742,0.0,0.0,6.500000000000007,101286.25,418.75,67.25,22.25000000000003,1
2023-06-12,0.3294084822245304,-0.9441875088341993,-0.622046748440868,0.7829801036770624,17.7,1.0,24.200000000000006,101436.25,150.0,78.5,21.237500000000026,1
2023-06-13,0.3131070409358269,-0.9497178427914316,-0.594726686960764,0.8039279618328208,18.0,1.0,35.7,101273.75,-162.5,86.375,20.25000000000002,1
2023-06-14,0.29671281927349075,-0.9549667548552551,-0.5667017562911184,0.8239230057575536,17.0,1.0,52.7,100953.75,-320.0,80.125,20.300000000000026,1
2023-06-19,0.21352091543979612,-0.9769384927771817,-0.41719360261231697,0.9088176373395028,2.4000000000000004,1.0,2.8000000000000074,101105.0,-270.0,75.375,23.350000000000023,1
2023-06-20,0.19667288979357647,-0.980469160361632,-0.38566340624360745,0.9226395488404875,4.0,1.0,6.800000000000008,101180.0,75.0,76.25,22.25000000000002,0
2023-06-25,0.11165900712169512,-0.993746580436178,-0.22192151300416674,0.9750645322571945,0.0,0.0,15.30000000000001,101978.75,-492.5,54.75,24.325000000000024,0
2023-06-26,0.09453674981719912,-0.9955213724144752,-0.1882267098432439,0.9821256058680006,0.0,0.0,0.0,101787.5,-191.25,63.875,24.72500000000003,0
2023-06-27,0.07738647923346301,-0.9970011699250151,-0.154308820664281,0.9880226656636976,0.0,0.0,0.0,102207.5,420.0,71.375,22.525000000000027,0
2023-06-28,0.06021327736579302,-0.9981855344718586,-0.12020804489935275,0.9927487224577402,0.0,0.0,0.0,102048.75,-158.75,59.875,23.300000000000026,0
2023-06-29,0.04302223300453059,-0.99907411510223,-0.0859647987374467,0.9962981749346077,0.0,0.0,0.0,101751.25,-297.5,57.125,23.37500000000002,1
2023-06-30,0.02581844022713308,-0.9996666485105112,-0.05161966722325418,0.9986668162884759,6.3,1.0,6.300000000000009,101755.0,3.75,68.0,21.475000000000016,1
2023-07-01,0.008606996888688698,-0.9999629591162655,-0.01721335615583528,0.9998518392091162,2.8000000000000003,1.0,9.100000000000009,101975.0,220.0,71.75,19.25000000000002,0
2023-07-02,-0.008606996888688009,-0.9999629591162655,0.017213356155833904,0.9998518392091162,0.0,0.0,9.100000000000009,101831.25,-143.75,75.875,19.850000000000016,1
2023-07-03,-0.02581844022713239,-0.9996666485105112,0.0516196672232528,0.998666816288476,2.2,1.0,5.000000000000009,101861.25,30.0,76.125,21.475000000000016,0
2023-07-04,-0.04302223300453034,-0.99907411510223,0.08596479873744621,0.9962981749346078,0.0,0.0,2.200000000000009,101915.0,53.75,65.25,21.300000000000026,0
2023-07-05,-0.060213277365792774,-0.9981855344718586,0.12020804489935226,0.9927487224577403,0.0,0.0,2.200000000000009,101750.0,-165.0,68.0,22.21250000000002,0
2023-07-06,-0.07738647923346322,-0.9970011699250151,0.15430882066428142,0.9880226656636976,0.0,0.0,0.0,101888.75,138.75,66.75,22.137500000000024,0
2023-07-07,-0.09453674981719933,-0.9955213724144752,0.1882267098432443,0.9821256058680006,0.0,0.0,0.0,101501.25,-387.5,62.375,24.53750000000003,1
2023-07-08,-0.11165900712169444,-0.9937465804361781,0.2219215130041654,0.9750645322571948,7.3,1.0,7.300000000000009,101450.0,-51.25,64.25,24.225000000000016,0
2023-07-09,-0.12874817745258066,-0.99167731989929,0.25535329511618676,0.9668478136052776,0.2,0.0,7.500000000000009,101542.5,92.5,65.25,25.825000000000017,0
2023-07-10,-0.14579919691987442,-0.9893142039703664,0.28848243288060854,0.9574851883550394,0.0,0.0,7.500000000000009,101918.75,376.25,65.25,26.162500000000016,0
2023-07-11,-0.16280701293851646,-0.9866579328916572,0.3212696616923639,0.9469877530760755,0.0,0.0,0.2000000000000089,102012.5,93.75,63.25,27.62500000000002,0
2023-07-12,-0.17976658572556214,-0.9837092937736098,0.3536761221763716,0.9353679493131483,0.0,0.0,0.0,101465.0,-547.5,65.375,27.562500000000014,0
2023-07-13,-0.19667288979357622,-0.9804691603616321,0.38566340624360695,0.9226395488404876,0.4,0.0,0.4000000000000089,101798.75,333.75,72.375,22.675000000000026,0
2023-07-14,-0.2135209154397959,-0.9769384927771817,0.4171936026123165,0.908817637339503,0.0,0.0,0.4000000000000089,102072.5,273.75,58.75,22.275000000000013,0
2023-07-15,-0.23030567023061196,-0.973118337233262,0.4482293417404102,0.8939185965192572,0.0,0.0,0.4000000000000089,101342.5,-730.0,55.25,25.06250000000002,0
2023-07-16,-0.24702218048093527,-0.9690098257244063,0.47873384011578785,0.8779600847008885,0.0,0.0,0.0,101326.25,-16.25,69.0,23.587500000000027,0
2023-07-17,-0.2636654927280072,-0.9646141756912435,0.5086709438521045,0.8609610158889943,0.0,0.0,0.0,101838.75,512.5,57.625,23.112500000000026,0
2023-07-18,-0.2802306751992161,-0.9599326896597445,0.5380051715382995,0.8429415373547829,0.0,0.0,0.0,101933.75,95.0,53.875,24.712500000000027,0
2023-07-19,-0.2967128192734901,-0.9549667548552553,0.5667017562911173,0.8239230057575544,0.0,0.0,0.0,101535.0,-398.75,55.625,28.475000000000023,0
2023-07-20,-0.3131070409358267,-0.9497178427914317,0.5947266869607636,0.8039279618328211,0.0,0.0,0.0,101941.25,406.25,60.0,23.700000000000017,0
2023-07-21,-0.3294084822245302,-0.9441875088341994,0.6220467484408676,0.7829801036770627,0.0,0.0,0.0,101520.0,-421.25,61.125,23.56250000000003,0
2023-07-22,-0.3456123126707333,-0.9383773917408642,0.6486295610349815,0.7611042586607746,1.0,0.0,1.0000000000000089,101636.25,116.25,61.5,21.737500000000026,0
2023-07-23,-0.3617137307297674,-0.9322892131745134,0.6744436188329453,0.7383263540031066,0.0,0.0,1.0000000000000089,101800.0,163.75,57.75,22.81250000000002,0
2023-07-29,-0.455906693508459,-0.8900275764346766,0.8115390590073613,0.5842981736283681,0.2,0.0,0.600000000000009,101425.0,22.5,65.625,23.46250000000002,0
2023-07-30,-0.47115950767386394,-0.8820480249558535,0.8311706263658081,0.5560174366570443,0.0,0.0,0.600000000000009,101361.25,-63.75,64.25,25.75000000000003,0
2023-07-31,-0.4862727071086902,-0.8738071036110807,0.8498170915275279,0.527077708642372,0.0,0.0,0.2000000000000089,102018.75,657.5,61.625,22.887500000000017,0
2023-08-01,-0.5012418134457756,-0.8653072543632061,0.8674563547295968,0.49751328890718066,0.0,0.0,0.0,101825.0,-193.75,56.5,22.87500000000002,0
2023-08-02,-0.5160623910158526,-0.8565509959010037,0.8840675099433635,0.46735921715800244,0.0,0.0,0.0,101468.75,-356.25,68.5,22.600000000000023,0
2023-08-03,-0.5307300481619331,-0.8475409228928312,0.8996308696522431,0.43665123195606426,0.2,0.0,0.2000000000000089,101111.25,-357.5,68.125,23.46250000000002,0
2023-08-04,-0.5452404385406507,-0.8382797052177745,0.9141279881853336,0.40542572835999774,0.0,0.0,0.2000000000000089,101512.5,401.25,60.75,21.075000000000024,1
2023-08-05,-0.5595892624101763,-0.828770087174504,0.9275416835791963,0.37371971479046967,2.4,1.0,2.600000000000009,101996.25,483.75,67.0,19.01250000000003,0
2023-08-06,-0.5737722679043243,-0.8190148866680802,0.9398560579418951,0.34157076916785645,0.0,0.0,2.400000000000009,102077.5,81.25,61.875,19.600000000000037,0
2023-08-07,-0.5877852522924734,-0.8090169943749472,0.9510565162951538,0.30901699437494684,0.0,0.0,2.400000000000009,102170.0,92.5,54.75,20.05000000000001,0
2023-08-08,-0.6016240632249227,-0.7987793728863648,0.9611297838723009,0.27609697309746845,0.0,0.0,0.0,102161.25,-8.75,50.75,20.412500000000023,0
2023-08-09,-0.6152845999633277,-0.7883050558305253,0.9700639218515071,0.24284972209593542,0.0,0.0,0.0,101847.5,-313.75,44.875,22.21250000000002,0
2023-08-10,-0.6287628145958345,-0.7775971469736268,0.9778483415056568,0.2093146459630485,0.0,0.0,0.0,101733.75,-113.75,41.375,24.80000000000001,0
2023-08-11,-0.6420547132365636,-0.7666588193001592,0.9844738167520922,0.17553149042142824,0.0,0.0,0.0,101958.75,225.0,55.125,25.300000000000033,0
2023-08-12,-0.655156357209085,-0.7554933140726804,0.989932495087353,0.14154029521704348,0.0,0.0,0.0,102167.5,208.75,56.375,25.43750000000002,0
2023-08-13,-0.6680638642135333,-0.7441039398713608,0.9942179068939518,0.10738134666416355,0.0,0.0,0.0,101948.75,-218.75,59.125,26.33750000000002,0
2023-08-14,-0.6807734094770159,-0.7324940716135792,0.9973249731081555,0.07309512989807825,0.0,0.0,0.0,101630.0,-318.75,62.0,27.325000000000017,0
2023-08-15,-0.6932812268869771,-0.7206671495538615,0.9992500112396835,0.038722280892175366,0.4,0.0,0.4000000000000089,101300.0,-330.0,67.125,27.00000000000002,0
2023-08-16,-0.7055836101071774,-0.70862667826446,0.9999907397361901,0.004303538296245199,0.2,0.0,0.600000000000009,101565.0,265.0,64.625,25.61250000000001,1
2023-08-17,-0.7176769136759615,-0.6963762255968726,0.9995462806873574,-0.030120304846906983,2.8,1.0,3.400000000000009,101532.5,-32.5,65.75,26.00000000000002,0
2023-08-18,-0.7295575540864876,-0.6839194216246105,0.9979171608653922,-0.06450844944931665,0.4,0.0,3.400000000000009,101373.75,-158.75,62.375,26.512500000000024,0
2023-08-19,-0.7412220108485957,-0.6712599575675315,0.9951053111006976,-0.09882013873287163,0.0,0.0,3.2000000000000086,101218.75,-155.0,50.625,27.537500000000023,0
2023-08-20,-0.7526668275320083,-0.6584015846980489,0.9911140639934547,-0.13301470653419586,0.0,0.0,0.4000000000000089,101583.75,365.0,61.375,28.200000000000024,0
2023-08-21,-0.7638886127905429,-0.64534811322955,0.9859481499638303,-0.16705162550211988,0.0,0.0,0.0,101847.5,263.75,53.25,30.475000000000023,0
2023-08-22,-0.7748840413670406,-0.6321034111873488,0.9796136916454901,-0.2008905551306348,0.0,0.0,0.0,101961.25,113.75,55.5,30.100000000000016,0
2023-08-23,-0.7856498550787144,-0.6186714032625032,0.9721181966290613,-0.23449138957041005,0.0,0.0,0.0,101771.25,-190.0,54.0,30.86250000000002,0
2023-08-24,-0.7961828637826154,-0.6050560696488494,0.963470548564149,-0.2678143051621735,0.0,0.0,0.0,101451.25,-320.0,51.0,32.91250000000003,0
2023-08-25,-0.8064799463209447,-0.5912614448635782,0.9536809966304456,-0.3008198076356675,0.0,0.0,0.0,101157.5,-293.75,39.125,33.287500000000016,0
2023-08-26,-0.8165380514459157,-0.5772916165517278,0.942761143390421,-0.33346877891818577,0.0,0.0,0.0,101526.25,368.75,67.125,24.52500000000002,1
2023-08-27,-0.8263541987239094,-0.5631507242749187,0.9307239310379796,-0.36572252349726875,7.300000000000001,1.0,7.30000000000001,101471.25,-55.0,68.625,20.37500000000003,1
2023-08-28,-0.8359254794186365,-0.5488429582847199,0.9175836260593944,-0.3975428142825545,15.7,1.0,23.000000000000007,101550.0,78.75,74.375,18.15000000000002,1
2023-08-29,-0.8452490573530634,-0.5343725582809785,0.903355802324684,-0.4288919379124845,2.0,1.0,25.000000000000007,101587.5,37.5,70.25,18.762500000000017,0
2023-08-30,-0.8543221697498269,-0.5197438121555157,0.8880573226294932,-0.45973273945210413,0.0,0.0,17.70000000000001,101527.5,-60.0,65.5,18.96250000000002,0
2023-08-31,-0.8631421280499115,-0.5049610547215202,0.8717063187093216,-0.4900286664290598,0.0,0.0,2.000000000000009,101428.75,-98.75,72.125,18.40000000000002,0
2023-09-01,-0.8717063187093217,-0.4900286664290594,0.8543221697498272,-0.5197438121555152,0.0,0.0,0.0,101767.5,338.75,61.5,21.03750000000003,0
2023-09-02,-0.8800122039735356,-0.4749510720670502,0.8359254794186368,-0.5488429582847194,0.0,0.0,0.0,101478.75,-288.75,60.25,23.175000000000033,0
2023-09-03,-0.888057322629493,-0.4597327394521046,0.8165380514459165,-0.5772916165517267,0.0,0.0,0.0,101588.75,110.0,68.375,23.000000000000036,0
2023-09-04,-0.8958392907349089,-0.4443781781046134,0.7961828637826157,-0.605056069648849,0.0,0.0,0.0,101863.75,275.0,50.25,23.68750000000002,0
2023-09-05,-0.9033558023246842,-0.4288919379124841,0.7748840413670415,-0.6321034111873478,0.0,0.0,0.0,101391.25,-472.5,25.5,28.200000000000017,0
2023-09-06,-0.9106046300942162,-0.41327860778290443,0.7526668275320086,-0.6584015846980485,0.0,0.0,0.0,101511.25,120.0,48.25,26.387500000000024,0
2023-09-07,-0.9175836260593934,-0.3975428142825566,0.7295575540864886,-0.6839194216246094,0.0,0.0,0.0,101670.0,158.75,48.375,25.68750000000002,0
2023-09-08,-0.9242907221930934,-0.3816892202666586,0.7055836101071772,-0.7086266782644604,0.0,0.0,0.0,101630.0,-40.0,40.25,25.28750000000003,0
2023-09-09,-0.9307239310379793,-0.3657225234972692,0.6807734094770164,-0.7324940716135787,0.0,0.0,0.0,101598.75,-31.25,41.875,25.56250000000002,0
2023-09-10,-0.9368813462954315,-0.34964745525122826,0.6551563572090847,-0.7554933140726807,0.0,0.0,0.0,101492.5,-106.25,44.0,25.475000000000016,0
2023-09-11,-0.9427611433904206,-0.33346877891818705,0.6287628145958348,-0.7775971469736266,0.0,0.0,0.0,101600.0,107.5,46.875,25.575000000000024,0
2023-09-12,-0.9483615800121716,-0.31719128858910595,0.6016240632249223,-0.798779372886365,0.0,0.0,0.0,101367.5,-232.5,67.125,24.40000000000002,1
2023-09-13,-0.9536809966304455,-0.300819807635668,0.5737722679043255,-0.8190148866680794,7.199999999999999,1.0,7.200000000000008,101577.5,210.0,82.25,20.55000000000001,0
2023-09-14,-0.9587178169872964,-0.2843591872810036,0.5452404385406511,-0.8382797052177742,0.0,0.0,7.200000000000008,101968.75,391.25,74.0,21.15000000000002,0
2023-09-15,-0.9634705485641486,-0.26781430516217486,0.5160623910158538,-0.8565509959010029,0.2,0.0,7.400000000000008,101877.5,-91.25,67.75,21.575000000000024,1
2023-09-16,-0.9679377830240642,-0.25119006388481957,0.4862727071086906,-0.8738071036110805,3.0,1.0,3.200000000000009,101217.5,-660.0,66.125,22.437500000000036,0
2023-09-17,-0.9721181966290612,-0.23449138957041052,0.45590669350846025,-0.8900275764346759,0.0,0.0,3.200000000000009,100992.5,-225.0,72.125,23.50000000000003,1
2023-09-18,-0.9760105506323682,-0.21772323039653224,0.4250003399695548,-0.9051931898913971,9.0,1.0,12.000000000000009,100961.25,-31.25,76.25,24.18750000000003,0
2023-09-19,-0.9796136916454901,-0.20089055513063528,0.39359027665646695,-0.9192859697186104,0.0,0.0,9.000000000000009,101392.5,431.25,74.125,21.02500000000002,0
2023-09-20,-0.9829265519799822,-0.18399835165767986,0.36171373072976704,-0.9322892131745135,0.0,0.0,9.000000000000009,101881.25,488.75,65.125,20.55000000000004,0
2023-09-21,-0.9859481499638303,-0.1670516255021195,0.3294084822245307,-0.9441875088341992,0.0,0.0,0.0,101128.75,-752.5,67.75,20.31250000000002,1
2023-09-22,-0.9886775902323404,-0.15005539834465262,0.29671281927349014,-0.9549667548552553,3.4000000000000004,1.0,3.4000000000000092,100557.5,-571.25,82.75,18.450000000000017,0
2023-09-23,-0.9911140639934546,-0.13301470653419636,0.26366549272800816,-0.9646141756912432,0.2,0.0,3.6000000000000094,101175.0,617.5,74.0,16.00000000000002,0
2023-09-24,-0.9932568492674143,-0.11593459959550066,0.23030567023061246,-0.9731183372332619,0.0,0.0,3.6000000000000094,102072.5,897.5,69.75,15.737500000000018,0
2023-09-25,-0.9951053111006974,-0.09882013873287211,0.19667288979357758,-0.9804691603616318,0.0,0.0,0.2000000000000089,102173.75,101.25,56.5,17.787500000000016,0
2023-09-26,-0.99665890175417,-0.08167639533042288,0.16280701293851738,-0.9866579328916569,0.0,0.0,0.0,102090.0,-83.75,54.25,19.487500000000026,0
2023-09-27,-0.9979171608653922,-0.06450844944931625,0.1287481774525807,-0.99167731989929,0.0,0.0,0.0,101966.25,-123.75,54.875,21.950000000000024,0
2023-09-28,-0.9988797155850335,-0.04732138832243232,0.09453674981720026,-0.9955213724144751,0.0,0.0,0.0,101818.75,-147.5,61.25,21.925000000000033,0
2023-09-29,-0.9995462806873573,-0.03012030484690836,0.060213277365793266,-0.9981855344718586,0.2,0.0,0.2000000000000089,101850.0,31.25,61.25,23.387500000000017,0
2023-09-30,-0.9999166586547379,-0.012910296075008843,0.02581844022713244,-0.9996666485105112,0.0,0.0,0.2000000000000089,102332.5,482.5,62.375,23.050000000000026,0
2023-10-01,-0.9999907397361901,0.004303538296243821,-0.008606996888687764,-0.9999629591162655,0.0,0.0,0.2000000000000089,102436.25,103.75,64.375,23.187500000000014,0
2023-10-02,-0.9997685019798909,0.021516097436222233,-0.04302223300453054,-0.99907411510223,0.0,0.0,0.0,102192.5,-243.75,59.5,23.287500000000023,0
2023-10-03,-0.9992500112396835,0.03872228089217399,-0.07738647923346208,-0.9970011699250152,0.0,0.0,0.0,102073.75,-118.75,61.75,22.600000000000016,0
2023-10-04,-0.9984354211555643,0.05591699010060302,-0.11165900712169419,-0.9937465804361781,0.0,0.0,0.0,102535.0,461.25,75.25,21.787500000000016,0
2023-10-05,-0.9973249731081555,0.07309512989807776,-0.14579919691987506,-0.9893142039703663,0.0,0.0,0.0,102687.5,152.5,55.25,20.137500000000024,0
2023-10-06,-0.9959189961471792,0.0902516100310407,-0.17976658572556148,-0.9837092937736099,0.0,0.0,0.0,102482.5,-205.0,53.5,18.88750000000003,0
2023-10-07,-0.994217906893952,0.10738134666416306,-0.2135209154397961,-0.9769384927771817,0.0,0.0,0.0,102481.25,-1.25,54.375,19.837500000000027,0
2023-10-08,-0.9922222094179324,0.12447926388678869,-0.2470221804809346,-0.9690098257244064,0.0,0.0,0.0,102462.5,-18.75,52.0,19.48750000000002,0
2023-10-09,-0.989932495087353,0.141540295217043,-0.28023067519921585,-0.9599326896597447,0.0,0.0,0.0,102381.25,-81.25,50.5,19.71250000000002,0
2023-10-10,-0.9873494423939864,0.15855938510313475,-0.31310704093582686,-0.9497178427914317,0.0,0.0,0.0,102367.5,-13.75,51.125,21.22500000000003,0
2023-10-11,-0.9844738167520923,0.17553149042142777,-0.3456123126707326,-0.9383773917408644,0.0,0.0,0.0,102193.75,-173.75,56.875,20.80000000000002,0
2023-10-12,-0.9813064702716093,0.19245158197082995,-0.3777079652039649,-0.9259247771938498,0.0,0.0,0.0,102038.75,-155.0,60.25,20.78750000000003,0
2023-10-13,-0.9778483415056567,0.20931464596304888,-0.4093559588156221,-0.912374757970727,0.0,0.0,0.0,101970.0,-68.75,71.25,21.93750000000002,0
2023-10-14,-0.9741004551724206,0.22611568550828803,-0.4405187843504946,-0.8977433935342339,0.2,0.0,0.2000000000000089,101701.25,-268.75,71.25,22.12500000000002,0
2023-10-15,-0.970063921851507,0.2428497220959358,-0.47115950767386416,-0.8820480249558535,0.2,0.0,0.4000000000000089,102002.5,301.25,69.25,20.100000000000023,0
2023-10-16,-0.965739937654855,0.25951179706979943,-0.5012418134457749,-0.8653072543632064,0.0,0.0,0.4000000000000089,102023.75,21.25,57.125,15.187500000000028,0
2023-10-17,-0.9611297838723007,0.27609697309746883,-0.5307300481619333,-0.8475409228928311,0.0,0.0,0.2000000000000089,101261.25,-762.5,53.75,16.762500000000024,0
2023-10-18,-0.9562348265919058,0.2926003356333479,-0.5595892624101757,-0.8287700871745043,0.0,0.0,0.0,100758.75,-502.5,75.25,20.137500000000017,0
2023-10-19,-0.9510565162951536,0.30901699437494723,-0.5877852522924728,-0.8090169943749477,0.0,0.0,0.0,100130.0,-628.75,73.625,21.58750000000002,1
2023-10-20,-0.9455963874271428,0.3253420847119795,-0.6152845999633265,-0.7883050558305263,5.6000000000000005,1.0,5.600000000000009,99143.75,-986.25,80.875,19.43750000000002,1
2023-10-21,-0.9398560579418953,0.341570769167856,-0.6420547132365644,-0.7666588193001584,4.3,1.0,9.90000000000001,98962.5,-181.25,79.0,15.937500000000014,0
2023-10-22,-0.9338372288229252,0.35769823883312546,-0.6680638642135334,-0.7441039398713607,0.0,0.0,9.90000000000001,100593.75,1631.25,62.125,14.350000000000016,0
2023-10-23,-0.9275416835791965,0.3737197147904692,-0.6932812268869779,-0.7206671495538607,0.0,0.0,4.300000000000009,101046.25,452.5,73.25,13.075000000000024,0
2023-10-24,-0.9209712877166347,0.38963044953078774,-0.7176769136759616,-0.6963762255968725,0.0,0.0,0.0,100477.5,-568.75,67.75,17.712500000000034,1
2023-10-25,-0.9141279881853337,0.4054257283599973,-0.7412220108485958,-0.6712599575675313,9.1,1.0,9.100000000000009,100887.5,410.0,74.5,15.212500000000013,0
2023-10-26,-0.9070138128026362,0.42110087079608916,-0.7638886127905421,-0.6453481132295509,1.0,0.0,10.100000000000009,100716.25,-171.25,76.375,15.912500000000023,1
2023-10-27,-0.8996308696522434,0.4366512319560638,-0.7856498550787143,-0.6186714032625035,17.6,1.0,27.70000000000001,100277.5,-438.75,93.375,15.062500000000021,0
2023-10-28,-0.8919813464595487,0.45207220393230374,-0.806479946320944,-0.5912614448635792,0.2,0.0,18.800000000000008,100555.0,277.5,74.0,14.137500000000017,0
2023-10-29,-0.8840675099433637,0.46735921715800205,-0.8263541987239093,-0.563150724274919,0.0,0.0,17.80000000000001,100477.5,-77.5,74.5,14.262500000000024,0
2023-10-30,-0.8758917051442433,0.48250774176121763,-0.8452490573530623,-0.5343725582809802,0.0,0.0,0.20000000000001067,100196.25,-281.25,74.625,16.52500000000002,1
2023-10-31,-0.8674563547295971,0.4975132889071803,-0.863142128049911,-0.5049610547215212,5.0,1.0,5.000000000000011,100393.75,197.5,91.875,12.475000000000023,0
2023-11-01,-0.858763958275803,0.5123714121284235,-0.8800122039735355,-0.4749510720670504,0.0,0.0,5.000000000000011,101358.75,965.0,77.125,13.225000000000016,1
2023-11-02,-0.8498170915275277,0.5270777086423724,-0.8958392907349091,-0.44437817810461283,1.2,1.0,6.200000000000011,100932.5,-426.25,86.5,11.675000000000026,1
2023-11-03,-0.8406184056344783,0.5416278206559811,-0.9106046300942161,-0.41327860778290465,13.5,1.0,14.70000000000001,99686.25,-1246.25,81.75,11.800000000000018,1
2023-11-04,-0.8311706263658079,0.5560174366570446,-0.9242907221930933,-0.3816892202666588,11.899999999999999,1.0,26.60000000000001,99945.0,258.75,86.25,8.800000000000033,1
2023-11-05,-0.8214765533024145,0.5702422926917867,-0.9368813462954312,-0.3496474552512293,14.8,1.0,40.20000000000001,99407.5,-537.5,90.5,9.800000000000018,0
2023-11-06,-0.8115390590073611,0.5842981736283683,-0.9483615800121715,-0.31719128858910617,0.0,0.0,26.70000000000001,100165.0,757.5,68.5,12.825000000000024,1
2023-11-07,-0.801361088174677,0.5981809144059158,-0.9587178169872961,-0.28435918728100473,2.0,1.0,16.80000000000001,101528.75,1363.75,77.0,10.875000000000021,0
2023-11-08,-0.7909456567567774,0.6118864012687242,-0.9679377830240641,-0.2511900638848198,0.0,0.0,2.0000000000000107,102092.5,563.75,72.625,9.837500000000027,0
2023-11-09,-0.780295851070776,0.6254105729852457,-0.976010550632368,-0.21772323039653332,0.0,0.0,2.0000000000000107,102037.5,-55.0,74.125,11.325000000000017,1
2023-11-10,-0.7694148268839381,0.6387494220515268,-0.982926551979982,-0.18399835165768097,9.3,1.0,9.300000000000011,101502.5,-535.0,83.625,12.100000000000023,1
2023-11-11,-0.7583058084785625,0.6518989958787125,-0.9886775902323404,-0.15005539834465284,7.199999999999999,1.0,16.50000000000001,101387.5,-115.0,87.875,11.125000000000014,1
2023-11-12,-0.7469720876965551,0.6648553979642866,-0.9932568492674143,-0.11593459959550002,1.7999999999999998,1.0,18.30000000000001,101302.5,-85.0,89.25,11.512500000000017,1
2023-11-13,-0.7354170229639858,0.6776147890466887,-0.99665890175417,-0.08167639533042312,8.7,1.0,17.70000000000001,101606.25,303.75,81.75,15.800000000000018,0
2023-11-14,-0.7236440382959124,0.690173388242972,-0.9988797155850336,-0.04732138832243168,0.0,0.0,10.50000000000001,101938.75,332.5,77.375,15.175000000000033,0
2023-11-15,-0.711656622281775,0.7025274741691566,-0.9999166586547379,-0.012910296075009976,0.2,0.0,8.90000000000001,102062.5,123.75,82.75,16.137500000000017,0
2023-11-16,-0.6994583270516471,0.7146733860429608,-0.9997685019798909,0.021516097436221987,0.0,0.0,0.20000000000001067,102542.5,480.0,80.5,13.525000000000013,0
2023-11-17,-0.6870527672236675,0.7266075247685652,-0.9984354211555644,0.05591699010060189,0.0,0.0,0.20000000000001067,102176.25,-366.25,82.5,12.975000000000023,0
2023-11-18,-0.6744436188329457,0.7383263540031063,-0.9959189961471792,0.09025161003104046,0.2,0.0,0.20000000000001067,102663.75,487.5,84.625,12.137500000000017,0
2023-11-19,-0.661634618242279,0.749826401204568,-0.9922222094179325,0.12447926388678757,0.0,0.0,0.20000000000001067,102552.5,-111.25,79.25,11.46250000000002,0
2023-11-20,-0.6486295610349818,0.7611042586607742,-0.9873494423939866,0.1585593851031336,0.0,0.0,0.20000000000001067,102432.5,-120.0,82.0,11.662500000000016,0
2023-11-21,-0.6354323008901775,0.7721565844991641,-0.9813064702716094,0.1924515819708297,0.8,0.0,0.8000000000000107,102130.0,-302.5,92.0,11.46250000000002,0
2023-11-22,-0.622046748440868,0.7829801036770624,-0.9741004551724208,0.22611568550828692,0.8,0.0,1.6000000000000107,101930.0,-200.0,89.125,10.962500000000027,0
2023-11-23,-0.6084768701151264,0.7935716089521472,-0.9657399376548551,0.25951179706979915,0.0,0.0,1.6000000000000107,102540.0,610.0,78.25,10.512500000000031,0
2023-11-24,-0.594726686960764,0.8039279618328208,-0.9562348265919062,0.2926003356333468,0.0,0.0,0.8000000000000107,102963.75,423.75,82.125,5.83750000000002,0
2023-11-25,-0.5808002734538013,0.8140460935082175,-0.9455963874271429,0.32534208471197923,0.0,0.0,0.0,102320.0,-643.75,88.5,8.125000000000014,0
2023-11-26,-0.5667017562911184,0.8239230057575536,-0.9338372288229259,0.35769823883312357,0.2,0.0,0.20000000000001067,102023.75,-296.25,74.25,6.925000000000026,0
2023-11-27,-0.5524353131676203,0.8335557718385695,-0.9209712877166351,0.3896304495307867,0.0,0.0,0.20000000000001067,102008.75,-15.0,76.25,2.650000000000013,1
2023-11-28,-0.5380051715382992,0.8429415373547832,-0.9070138128026355,0.42110087079609054,4.800000000000001,1.0,5.0000000000000115,101318.75,-690.0,89.375,6.375000000000028,1
2023-11-29,-0.5234156073655503,0.8520775211013093,-0.8919813464595485,0.4520722039323043,2.0,1.0,6.800000000000011,101042.5,-276.25,83.125,10.337500000000027,0
2023-11-30,-0.5086709438521042,0.8609610158889945,-0.8758917051442426,0.48250774176121897,0.2,0.0,7.0000000000000115,100665.0,-377.5,81.75,8.050000000000018,1
2023-12-01,-0.49377555015997737,0.8695893893466109,-0.8587639582758032,0.5123714121284233,2.2,1.0,4.400000000000011,100036.25,-628.75,86.75,9.450000000000017,1
2023-12-02,-0.4787338401157883,0.8779600847008883,-0.840618405634478,0.5416278206559817,13.7,1.0,16.10000000000001,100050.0,13.75,95.5,8.575000000000024,0
2023-12-03,-0.4635502709028512,0.8860706215341378,-0.8214765533024146,0.5702422926917865,0.2,0.0,16.100000000000012,101557.5,1507.5,83.125,5.025000000000027,0
2023-12-04,-0.4482293417404106,0.893918596519257,-0.8013610881746766,0.5981809144059164,0.0,0.0,13.90000000000001,102151.25,593.75,67.5,3.3500000000000227,1
2023-12-05,-0.4327755925504317,0.9015016841318838,-0.7802958510707761,0.6254105729852455,1.6,1.0,1.8000000000000107,101241.25,-910.0,75.375,8.900000000000027,1
2023-12-06,-0.41719360261231697,0.9088176373395028,-0.7583058084785628,0.6518989958787123,2.6,1.0,4.200000000000011,101805.0,563.75,81.375,8.38750000000001,0
2023-12-07,-0.4014879892059737,0.9158642882672868,-0.7354170229639866,0.6776147890466879,0.0,0.0,4.200000000000011,101897.5,92.5,90.25,5.650000000000027,1
2023-12-08,-0.38566340624360745,0.9226395488404875,-0.7116566222817752,0.7025274741691564,1.6,1.0,4.200000000000011,101585.0,-312.5,85.125,4.52500000000002,1
2023-12-09,-0.3697245428906732,0.9291414114031743,-0.687052767223667,0.7266075247685656,12.3,1.0,13.900000000000011,101627.5,42.5,88.375,9.550000000000018,1
2023-12-10,-0.3536761221763721,0.935367949313148,-0.6616346182422791,0.7498264012045678,1.4,1.0,15.300000000000011,101918.75,291.25,87.125,9.625000000000021,0
2023-12-11,-0.33752289959411347,0.941317317512847,-0.6354323008901778,0.772156584499164,0.0,0.0,13.700000000000012,102182.5,263.75,89.625,11.850000000000023,0
2023-12-12,-0.32126966169236515,0.9469877530760751,-0.6084768701151273,0.7935716089521465,0.0,0.0,1.4000000000000106,101817.5,-365.0,85.625,13.112500000000026,1
2023-12-13,-0.3049212246562894,0.9523775757303973,-0.5808002734538015,0.8140460935082173,2.4,1.0,2.4000000000000106,101411.25,-406.25,93.125,10.46250000000002,1
2023-12-14,-0.2884824328806098,0.9574851883550389,-0.5524353131676212,0.8335557718385689,8.6,1.0,11.00000000000001,101077.5,-333.75,87.125,10.175000000000018,0
2023-12-15,-0.27195815753410524,0.9623090774541487,-0.5234156073655497,0.8520775211013096,1.0,0.0,12.00000000000001,102561.25,1483.75,80.0,8.262500000000024,1
2023-12-16,-0.2553532951161881,0.9668478136052773,-0.49377555015997915,0.8695893893466099,2.0,1.0,11.60000000000001,103738.75,1177.5,92.25,8.587500000000027,0
2023-12-17,-0.23867276600594997,0.9711000518829505,-0.4635502709028506,0.8860706215341381,0.0,0.0,3.0000000000000107,104016.25,277.5,86.375,6.512500000000017,0
2023-12-18,-0.22192151300416674,0.9750645322571945,-0.4327755925504335,0.9015016841318829,0.0,0.0,2.0000000000000107,103837.5,-178.75,95.375,2.1125000000000256,0
2023-12-19,-0.20510449986861926,0.9787400799669153,-0.4014879892059731,0.9158642882672872,0.0,0.0,0.0,103677.5,-160.0,87.625,3.325000000000024,0
2023-12-20,-0.1882267098432439,0.9821256058680006,-0.3697245428906726,0.9291414114031745,0.0,0.0,0.0,103373.75,-303.75,93.75,4.050000000000033,1
2023-12-21,-0.1712931441814778,0.9852201067560606,-0.3375228995941137,0.9413173175128469,3.8,1.0,3.8000000000000105,102891.25,-482.5,82.75,8.475000000000016,0
2023-12-22,-0.154308820664281,0.9880226656636976,-0.3049212246562888,0.9523775757303975,0.8,0.0,4.60000000000001,102675.0,-216.25,89.125,10.200000000000024,1
2023-12-23,-0.13727877211326517,0.9905324521322227,-0.2719581575341063,0.9623090774541484,1.2,1.0,5.8000000000000105,102735.0,60.0,91.75,11.287500000000016,0
2023-12-24,-0.12020804489935275,0.9927487224577402,-0.23867276600595022,0.9711000518829503,0.0,0.0,2.0000000000000107,102903.75,168.75,90.75,9.987500000000026,0
2023-12-25,-0.10310169744743544,0.9946708199115211,-0.20510449986862037,0.9787400799669149,0.0,0.0,1.2000000000000106,102661.25,-242.5,88.25,9.825000000000024,0
2023-12-30,-0.01721335615583528,0.9998518392091162,-0.03442161162274694,0.9994074007397047,0.0,0.0,0.0,102292.5,-87.5,88.875,8.912500000000023,0
2023-12-31,6.432490598706546e-16,1.0,1.2864981197413093e-15,1.0,0.0,0.0,0.0,101881.25,-411.25,83.5,10.487500000000018,1
2024-01-01,0.01716632975470737,0.9998526477050269,0.034327600513243496,0.9994106342455052,1.4,1.0,1.4000000000000106,101465.0,-416.25,83.0,9.350000000000016,0
2024-01-02,0.034327600513243496,0.9994106342455052,0.06861473800213404,0.9976432316860063,0.0,0.0,1.4000000000000106,101915.0,450.0,79.375,7.550000000000026,0
2024-01-03,0.05147875477034653,0.9986740898848305,0.1028209971373604,0.9946998756145891,0.0,0.0,1.4000000000000106,101442.5,-472.5,82.125,7.6125000000000185,0
2024-01-04,0.06861473800213404,0.9976432316860063,0.13690605792347524,0.990584035457797,0.0,0.0,0.0,101531.25,88.75,83.625,10.025000000000027,0
2024-01-05,0.08573050015569435,0.9963183634476755,0.17082974322534417,0.985300562686109,0.0,0.0,0.0,101391.25,-140.0,78.5,10.087500000000027,1
2024-01-06,0.1028209971373604,0.9946998756145891,0.2045520661262008,0.9788556850953578,2.8,1.0,2.8000000000000105,100745.0,-646.25,91.375,7.78750000000003,0
2024-01-07,0.11988119229922722,0.99278824516254,0.2380332770614856,0.9712569994658314,0.4,0.0,3.2000000000000104,101422.5,677.5,86.0,6.700000000000017,0
2024-01-08,0.13690605792347524,0.990584035457797,0.27123391067291003,0.9625134626077081,0.2,0.0,3.4000000000000106,102012.5,590.0,78.5,4.77500000000002,0
2024-01-17,0.287716767226167,0.9577155432887803,0.5511016400746002,0.8344381237138473,4.6,1.0,16.30000000000001,100818.75,-250.0,86.75,12.875000000000021,1
2024-01-18,0.30411483232751785,0.9526353808033826,0.5794210982045637,0.8150283375168114,1.8,1.0,17.50000000000001,99708.75,-1110.0,91.0,11.012500000000031,1
2024-01-19,0.3204232733919111,0.9472744722987169,0.6070575744291002,0.7946578517376252,1.4,1.0,7.8000000000000105,100293.75,585.0,84.875,10.062500000000021,0
2024-01-25,0.41612469599147445,0.9093075592922358,0.7567706633464626,0.653680474772006,0.0,0.0,0.20000000000001067,103815.0,100.0,89.5,10.175000000000026,0
2024-01-26,0.43167285247378384,0.9020302369860707,0.7787639308347607,0.6273170968742937,0.0,0.0,0.0,103397.5,-417.5,93.625,9.400000000000027,0
2024-01-27,0.44709379298511387,0.8944870822287956,0.7998392447397193,0.6002142805483682,0.2,0.0,0.20000000000001067,103468.75,71.25,94.875,9.962500000000027,0
2024-02-09,0.6339784927628866,0.7733506777097299,0.9805753940631429,0.19614254142819698,0.0,0.0,0.0,100648.75,-1352.5,69.625,13.375000000000021,0
2024-02-10,0.647160667326606,0.7623536388483904,0.9867305793119814,0.162366141330764,0.4,0.0,0.4000000000000107,99112.5,-1536.25,77.875,12.800000000000018,1
2024-02-18,0.7454378568683001,0.6665751282095632,0.9937806700284985,-0.11135519690480862,0.8,0.0,24.00000000000001,103302.5,1036.25,76.375,10.46250000000002,0
2024-02-19,0.7567706633464626,0.653680474772006,0.9893724130196829,-0.14540367380368988,0.0,0.0,24.00000000000001,103562.5,260.0,80.0,8.687500000000036,0
2024-02-20,0.7678804460366,0.6405931786981751,0.9837979515735163,-0.17928075881073566,0.8,0.0,1.6000000000000107,103558.75,-3.75,84.625,10.887500000000024,0
2024-02-21,0.7787639308347607,0.6273170968742937,0.9770638564833507,-0.21294651993841593,0.0,0.0,0.8000000000000107,103346.25,-212.5,75.0,9.987500000000026,0
2024-02-22,0.7894179103280197,0.613856141822612,0.9691780654392537,-0.2463612742933147,0.0,0.0,0.8000000000000107,102380.0,-966.25,74.625,9.775000000000013,0
2024-02-28,0.8483511978123038,0.5294338912181853,0.898291751554753,-0.43939950965914143,2.6,1.0,26.600000000000012,101381.25,1393.75,91.0,6.912500000000023,0
2024-02-29,0.8573146280763322,0.5147928015098309,0.8826787983255476,-0.4699767430273197,0.0,0.0,5.60000000000001,102386.25,1005.0,68.25,8.350000000000023,1
2024-03-01,0.8660254037844386,0.5000000000000001,0.8660254037844387,-0.4999999999999998,1.2000000000000002,1.0,3.800000000000011,101698.75,-687.5,72.25,8.487500000000018,0
2024-03-08,0.9197204370389467,0.3925739646141717,0.722116596610116,-0.6917713646142222,0.0,0.0,3.200000000000011,101218.75,-1020.0,71.875,9.27500000000002,1
2024-03-09,0.926323968251495,0.3767278936351851,0.6979441547663435,-0.7161521883143933,12.9,1.0,13.50000000000001,100137.5,-1081.25,75.5,11.237500000000026,0
2024-03-10,0.9326545075388224,0.36077079921678346,0.672949024155833,-0.7396888608649667,0.0,0.0,12.900000000000011,99257.5,-880.0,72.125,10.787500000000023,0
2024-03-11,0.9387101892619443,0.3447073839879338,0.647160667326606,-0.7623536388483902,0.2,0.0,13.10000000000001,99630.0,372.5,74.125,9.225000000000009,1
2024-03-12,0.9444892287836613,0.32854238191083485,0.620609481827423,-0.7841198065767103,10.7,1.0,10.90000000000001,101237.5,1607.5,85.5,8.950000000000017,0
2024-03-13,0.949989922994501,0.3122805568857947,0.593326764377232,-0.8049617075821959,0.0,0.0,10.90000000000001,102317.5,1080.0,76.875,10.787500000000023,0
2024-03-14,0.9552106508146316,0.2959267013472893,0.5653446739747428,-0.8248547748594245,0.0,0.0,10.70000000000001,101870.0,-447.5,73.75,10.737500000000018,0
2024-03-15,0.9601498736716018,0.2794856348516095,0.5366961939916005,-0.8437755598231856,0.0,0.0,0.0,101585.0,-285.0,74.625,12.700000000000031,0
2024-03-16,0.9648061359537645,0.2629622026565149,0.5074150932938458,-0.861701759948068,0.0,0.0,0.0,101965.0,380.0,73.875,14.487500000000026,0
2024-03-17,0.9691780654392536,0.2463612742933148,0.47753588643748834,-0.8786122450571482,0.0,0.0,0.0,102463.75,498.75,70.75,14.850000000000023,0
2024-03-18,0.9732643737003824,0.22968774213179574,0.44709379298511426,-0.8944870822287954,0.0,0.0,0.0,102055.0,-408.75,64.5,16.37500000000002,0
2024-03-19,0.9770638564833508,0.21294651993841582,0.4161246959914746,-0.9093075592922357,0.8,0.0,0.8000000000000107,101962.5,-92.5,76.0,15.112500000000033,0
2024-03-20,0.9805753940631429,0.19614254142819698,0.3846650997070012,-0.923056206884176,0.0,0.0,0.8000000000000107,101697.5,-265.0,72.125,15.375000000000021,0
2024-03-21,0.9837979515735163,0.17928075881073577,0.352752086549095,-0.9357168190404935,0.2,0.0,1.0000000000000107,101641.25,-56.25,70.375,14.612500000000011,0
2024-03-22,0.9867305793119814,0.162366141330764,0.3204232733919116,-0.9472744722987168,0.0,0.0,0.20000000000001067,102435.0,793.75,76.875,15.950000000000024,0
2024-03-23,0.989372413019683,0.14540367380368976,0.2877167672261668,-0.9577155432887804,0.0,0.0,0.20000000000001067,102062.5,-372.5,70.125,17.037500000000016,0
2024-03-24,0.9917226741361015,0.12839835514655099,0.2546711202412288,-0.9670277247913204,0.2,0.0,0.20000000000001067,102301.25,238.75,65.75,12.750000000000021,0
2024-03-25,0.9937806700284985,0.11135519690480875,0.22132528438243243,-0.9752000402445825,0.0,0.0,0.20000000000001067,101887.5,-413.75,67.75,11.250000000000028,0
2024-03-26,0.9955457941960382,0.09427922177542453,0.18771856543719884,-0.9822228566828406,0.4,0.0,0.6000000000000107,100112.5,-1775.0,75.25,9.837500000000027,1
2024-03-27,0.9970175264485267,0.07717546212664653,0.15389057670406214,-0.9880878960910771,5.2,1.0,5.600000000000011,99225.0,-887.5,88.875,8.525000000000013,0
2024-03-28,0.998195433059714,0.0600489585149486,0.11988119229922782,-0.9927882451625399,0.0,0.0,5.600000000000011,99225.0,0.0,70.5,9.312500000000028,1
2024-03-29,0.9990791668951153,0.042904758199554374,0.0857305001556943,-0.9963183634476755,3.4,1.0,8.60000000000001,99625.0,400.0,68.75,12.087500000000034,0
2024-03-30,0.999668467514313,0.025747913654988658,0.05147875477034673,-0.9986740898848305,0.4,0.0,3.8000000000000105,99501.25,-123.75,72.75,13.562500000000028,1
2024-03-31,0.9999631612477099,0.008583481082087055,0.01716632975470737,-0.9998526477050269,2.0,1.0,5.8000000000000105,99526.25,25.0,76.5,11.925000000000026,1
2024-04-01,0.9999631612477099,-0.008583481082086933,-0.017166329754707124,-0.9998526477050269,2.2,1.0,4.60000000000001,99331.25,-195.0,70.375,12.200000000000024,1
2024-04-02,0.9996684675143132,-0.025747913654988314,-0.051478754770346045,-0.9986740898848305,1.6,1.0,5.8000000000000105,100713.75,1382.5,70.875,10.300000000000018,0
2024-04-03,0.9990791668951153,-0.04290475819955447,-0.0857305001556945,-0.9963183634476755,1.0,0.0,4.800000000000011,101611.25,897.5,71.375,11.912500000000023,0
2024-04-04,0.998195433059714,-0.06004895851494825,-0.11988119229922714,-0.99278824516254,0.6,0.0,3.200000000000011,101646.25,35.0,70.25,14.712500000000034,0
2024-04-05,0.9970175264485267,-0.07717546212664618,-0.15389057670406148,-0.9880878960910772,0.0,0.0,1.6000000000000107,101706.25,60.0,64.75,16.33750000000002,0
2024-04-06,0.9955457941960382,-0.0942792217754244,-0.1877185654371986,-0.9822228566828407,0.0,0.0,0.6000000000000106,101520.0,-186.25,71.25,16.68750000000002,0
2024-04-07,0.9937806700284985,-0.11135519690480862,-0.22132528438243218,-0.9752000402445826,0.0,0.0,0.0,101517.5,-2.5,76.0,15.312500000000028,0
2024-04-08,0.9917226741361015,-0.12839835514655107,-0.254671120241229,-0.9670277247913203,0.0,0.0,0.0,101476.25,-41.25,76.25,15.83750000000002,0
2024-04-09,0.9893724130196829,-0.14540367380368988,-0.287716767226167,-0.9577155432887803,0.2,0.0,0.20000000000001067,100963.75,-512.5,75.625,16.12500000000003,1
2024-04-10,0.9867305793119814,-0.16236614133076366,-0.32042327339191096,-0.947274472298717,3.6,1.0,3.800000000000011,102546.25,1582.5,81.125,9.975000000000023,0
2024-04-11,0.9837979515735163,-0.17928075881073566,-0.35275208654909473,-0.9357168190404936,0.2,0.0,4.000000000000011,103207.5,661.25,73.75,11.387500000000017,0
2024-04-12,0.980575394063143,-0.19614254142819687,-0.38466509970700097,-0.9230562068841761,0.0,0.0,3.800000000000011,103338.75,131.25,69.125,13.037500000000023,0
2024-04-13,0.9770638564833507,-0.21294651993841593,-0.4161246959914748,-0.9093075592922356,0.0,0.0,0.20000000000001067,103093.75,-245.0,64.25,16.400000000000027,0
2024-04-14,0.9732643737003824,-0.22968774213179563,-0.44709379298511404,-0.8944870822287955,0.0,0.0,0.0,102693.75,-400.0,60.25,19.037500000000016,0
2024-04-15,0.9691780654392537,-0.2463612742933147,-0.4775358864374881,-0.8786122450571483,0.0,0.0,0.0,102271.25,-422.5,64.0,20.325000000000024,0
2024-04-16,0.9648061359537646,-0.26296220265651454,-0.5074150932938452,-0.8617017599480683,0.0,0.0,0.0,102267.5,-3.75,73.75,15.300000000000018,0
2024-04-17,0.9601498736716018,-0.2794856348516094,-0.5366961939916003,-0.8437755598231858,1.0,0.0,1.0000000000000107,102085.0,-182.5,74.375,11.662500000000023,0
2024-04-18,0.9552106508146317,-0.2959267013472892,-0.5653446739747425,-0.8248547748594246,1.0,0.0,2.0000000000000107,101926.25,-158.75,73.625,10.875000000000021,0
2024-04-19,0.949989922994501,-0.31228055688579476,-0.5933267643772321,-0.8049617075821958,0.6000000000000001,0.0,2.6000000000000107,102106.25,180.0,64.0,10.275000000000034,0
2024-04-20,0.9444892287836613,-0.32854238191083474,-0.6206094818274228,-0.7841198065767104,0.0,0.0,1.6000000000000107,102281.25,175.0,55.25,10.450000000000031,0
2024-04-21,0.9387101892619443,-0.3447073839879337,-0.6471606673266059,-0.7623536388483905,0.0,0.0,0.6000000000000107,102051.25,-230.0,53.875,11.900000000000027,0
2024-04-22,0.9326545075388225,-0.3607707992167831,-0.6729490241558326,-0.7396888608649671,0.0,0.0,0.0,102060.0,8.75,50.125,10.425000000000018,0
2024-04-23,0.926323968251495,-0.376727893635185,-0.6979441547663433,-0.7161521883143935,0.0,0.0,0.0,102160.0,100.0,49.0,8.787500000000023,0
2024-04-24,0.9197204370389467,-0.39257396461417177,-0.7221165966101161,-0.691771364614222,0.0,0.0,0.0,101931.25,-228.75,48.75,8.66250000000003,0
2024-04-25,0.9128458599921355,-0.40830434224389345,-0.7454378568683003,-0.6665751282095631,0.8,0.0,0.8000000000000107,101906.25,-25.0,70.0,8.387500000000031,1
2024-04-26,0.9057022630804715,-0.42391439070986064,-0.7678804460366,-0.6405931786981752,3.0,1.0,3.8000000000000105,101093.75,-812.5,76.125,11.500000000000014,0
2024-04-27,0.898291751554753,-0.43939950965914143,-0.7894179103280194,-0.6138561418226122,0.2,0.0,4.000000000000011,100598.75,-495.0,72.875,13.287500000000016,1
2024-04-28,0.8906165093267405,-0.4547551355561055,-0.8100248628547748,-0.5863955333706962,6.0,1.0,9.20000000000001,100108.75,-490.0,76.875,14.700000000000031,0
2024-04-29,0.8826787983255476,-0.4699767430273197,-0.8296770135526185,-0.5582437220268655,0.0,0.0,6.200000000000011,101341.25,1232.5,70.75,13.262500000000031,1
2024-04-30,0.8744809578310397,-0.4850598461951961,-0.8483511978123038,-0.5294338912181854,14.399999999999999,1.0,20.40000000000001,101767.5,426.25,93.75,11.66250000000003,0
2024-05-01,0.8660254037844387,-0.4999999999999998,-0.8660254037844385,-0.5000000000000004,0.8,0.0,15.20000000000001,101320.0,-447.5,88.625,13.075000000000017,1
2024-05-02,0.8573146280763323,-0.5147928015098308,-0.8826787983255475,-0.4699767430273199,4.4,1.0,19.60000000000001,100841.25,-478.75,91.875,10.562500000000021,1
2024-05-03,0.848351197812304,-0.5294338912181852,-0.8982917515547529,-0.43939950965914165,5.800000000000001,1.0,11.00000000000001,101322.5,481.25,74.0,11.287500000000023,0
2024-05-04,0.8391377545563939,-0.5439189543287246,-0.9128458599921354,-0.40830434224389367,0.0,0.0,10.20000000000001,101763.75,441.25,69.0,12.087500000000027,0
2024-05-05,0.8296770135526188,-0.5582437220268649,-0.9263239682514951,-0.3767278936351848,0.6,0.0,6.400000000000011,101425.0,-338.75,63.75,16.262500000000024,1
2024-05-06,0.8199717629247771,-0.5724039727378148,-0.9387101892619443,-0.3447073839879337,5.4,1.0,6.000000000000011,101192.5,-232.5,78.0,16.32500000000001,1
2024-05-07,0.8100248628547752,-0.5863955333706956,-0.9499899229945009,-0.3122805568857948,10.7,1.0,16.70000000000001,101426.25,233.75,80.5,13.825000000000031,1
2024-05-08,0.7998392447397195,-0.600214280548368,-0.9601498736716017,-0.2794856348516098,3.6,1.0,19.70000000000001,102018.75,592.5,85.125,12.775000000000027,0
2024-05-09,0.7894179103280199,-0.6138561418226116,-0.9691780654392534,-0.24636127429331536,0.2,0.0,14.50000000000001,102417.5,398.75,77.125,15.625000000000021,0
2024-05-10,0.7787639308347607,-0.6273170968742938,-0.9770638564833508,-0.21294651993841573,0.0,0.0,3.800000000000011,102008.75,-408.75,65.375,16.800000000000026,0
2024-05-11,0.7678804460366001,-0.6405931786981751,-0.9837979515735163,-0.1792807588107359,0.0,0.0,0.20000000000001067,101662.5,-346.25,61.375,18.73750000000002,0
2024-05-12,0.7567706633464627,-0.6536804747720057,-0.9893724130196829,-0.14540367380369032,0.0,0.0,0.0,101547.5,-115.0,52.25,20.175000000000004,0
2024-05-13,0.7454378568683001,-0.6665751282095632,-0.9937806700284985,-0.11135519690480865,0.7999999999999999,0.0,0.8000000000000106,101772.5,225.0,81.375,16.950000000000024,0
2024-05-14,0.7338853664321991,-0.6792733388972931,-0.9970175264485267,-0.07717546212664643,0.0,0.0,0.8000000000000106,101072.5,-700.0,68.25,18.96250000000002,1
2024-05-15,0.722116596610116,-0.6917713646142222,-0.9990791668951153,-0.04290475819955383,16.5,1.0,17.30000000000001,100808.75,-263.75,86.125,13.700000000000024,1
2024-05-16,0.7101350157125358,-0.7040655221348058,-0.9999631612477099,-0.008583481082086734,9.299999999999999,1.0,25.80000000000001,100866.25,57.5,81.0,12.962500000000013,0
2024-05-17,0.6979441547663435,-0.7161521883143933,-0.999668467514313,0.025747913654988634,0.0,0.0,25.80000000000001,100857.5,-8.75,76.5,13.475000000000023,1
2024-05-18,0.6855476064742155,-0.7280278011569847,-0.998195433059714,0.06004895851494813,1.4,1.0,10.70000000000001,100970.0,112.5,75.75,14.512500000000024,0
2024-05-19,0.672949024155833,-0.7396888608649667,-0.9955457941960382,0.09427922177542405,0.6000000000000001,0.0,2.0000000000000107,101256.25,286.25,73.625,16.262500000000024,1
2024-05-20,0.660152120671232,-0.7511319308705197,-0.9917226741361016,0.1283983551465503,1.4,1.0,3.4000000000000106,101186.25,-70.0,81.625,14.800000000000011,0
2024-05-21,0.647160667326606,-0.7623536388483902,-0.9867305793119814,0.16236614133076377,0.8,0.0,2.8000000000000105,101128.75,-57.5,76.125,15.77500000000002,0
2024-05-22,0.6339784927628868,-0.7733506777097298,-0.980575394063143,0.19614254142819676,0.0,0.0,2.200000000000011,101395.0,266.25,70.625,15.237500000000011,1
2024-05-23,0.620609481827423,-0.7841198065767103,-0.9732643737003827,0.22968774213179508,9.7,1.0,10.50000000000001,101730.0,335.0,71.5,15.287500000000016,1
2024-05-24,0.6070575744291006,-0.7946578517376249,-0.9648061359537647,0.262962202656514,3.2,1.0,12.90000000000001,101983.75,253.75,77.25,15.26250000000001,0
2024-05-25,0.593326764377232,-0.8049617075821959,-0.9552106508146317,0.2959267013472893,0.0,0.0,12.90000000000001,101958.75,-25.0,66.125,16.37500000000002,0
2024-05-26,0.5794210982045638,-0.8150283375168113,-0.9444892287836614,0.3285423819108344,0.0,0.0,3.200000000000011,101650.0,-308.75,64.875,18.05000000000002,0
2024-05-27,0.5653446739747428,-0.8248547748594245,-0.9326545075388223,0.3607707992167836,0.0,0.0,0.0,101905.0,255.0,76.875,17.42500000000002,1
2024-05-28,0.5511016400746,-0.8344381237138473,-0.9197204370389466,0.3925739646141719,7.9,1.0,7.900000000000011,102218.75,313.75,83.5,15.262500000000024,0
2024-05-29,0.5366961939916005,-0.8437755598231856,-0.9057022630804715,0.42391439070986053,0.0,0.0,7.900000000000011,102215.0,-3.75,68.75,16.925000000000026,0
2024-05-30,0.522132581076825,-0.8528643314021596,-0.8906165093267406,0.4547551355561054,0.0,0.0,7.900000000000011,101835.0,-380.0,69.125,18.81250000000002,1
2024-05-31,0.5074150932938458,-0.861701759948068,-0.8744809578310401,0.4850598461951956,1.4,1.0,1.4000000000000106,101502.5,-332.5,71.875,18.262500000000017,0
2024-06-01,0.4925480679538644,-0.8702852410301553,-0.8573146280763323,0.5147928015098306,0.4,0.0,1.8000000000000105,101785.0,282.5,68.25,16.16250000000003,0
2024-06-02,0.47753588643748834,-0.8786122450571482,-0.8391377545563939,0.5439189543287245,0.0,0.0,1.8000000000000105,101898.75,113.75,68.625,17.06250000000002,0
2024-06-03,0.4623829729035151,-0.8866803180227399,-0.8199717629247775,0.5724039727378144,0.0,0.0,0.4000000000000107,102081.25,182.5,70.0,17.31250000000003,0
2024-06-04,0.44709379298511426,-0.8944870822287954,-0.7998392447397198,0.6002142805483676,0.0,0.0,0.0,101897.5,-183.75,71.25,17.85000000000003,0
2024-06-05,0.43167285247378384,-0.9020302369860707,-0.7787639308347607,0.6273170968742937,0.0,0.0,0.0,101531.25,-366.25,66.25,19.775000000000027,0
2024-06-06,0.4161246959914746,-0.9093075592922357,-0.7567706633464628,0.6536804747720056,0.0,0.0,0.0,101502.5,-28.75,57.75,23.12500000000003,0
2024-06-07,0.4004539056512664,-0.9163169044870048,-0.7338853664321989,0.6792733388972934,0.0,0.0,0.0,101521.25,18.75,62.25,24.237500000000033,0
2024-06-08,0.3846650997070012,-0.923056206884176,-0.7101350157125358,0.7040655221348057,0.0,0.0,0.0,101683.75,162.5,71.125,22.36250000000002,0
2024-06-09,0.3687629311922603,-0.9295234803804002,-0.6855476064742156,0.7280278011569846,0.0,0.0,0.0,101058.75,-625.0,63.625,22.600000000000023,0
2024-06-10,0.352752086549095,-0.9357168190404935,-0.6601521206712321,0.7511319308705195,0.2,0.0,0.20000000000001067,100956.25,-102.5,83.75,18.587500000000027,0
2024-06-11,0.3366372842469106,-0.9416343976591258,-0.6339784927628872,0.7733506777097294,0.0,0.0,0.20000000000001067,101437.5,481.25,64.75,18.61250000000002,0
2024-06-12,0.3204232733919116,-0.9472744722987168,-0.607057574429101,0.7946578517376245,0.0,0.0,0.20000000000001067,101688.75,251.25,70.125,17.037500000000023,0
2024-06-13,0.30411483232751846,-0.9526353808033824,-0.5794210982045647,0.8150283375168107,0.0,0.0,0.0,101921.25,232.5,66.75,16.62500000000002,0
2024-06-14,0.2877167672261668,-0.9577155432887804,-0.5511016400745998,0.8344381237138475,0.0,0.0,0.0,101871.25,-50.0,50.25,18.775000000000013,0
2024-06-15,0.27123391067291,-0.9625134626077081,-0.5221325810768248,0.8528643314021598,0.0,0.0,0.0,101326.25,-545.0,56.25,21.212500000000027,1
2024-06-16,0.2546711202412288,-0.9670277247913204,-0.4925480679538645,0.8702852410301551,4.4,1.0,4.400000000000011,101578.75,252.5,74.375,16.93750000000003,0
2024-06-17,0.2380332770614858,-0.9712569994658313,-0.4623829729035152,0.8866803180227398,0.0,0.0,4.400000000000011,101356.25,-222.5,63.875,19.775000000000027,0
2024-06-18,0.22132528438243243,-0.9752000402445825,-0.43167285247378356,0.9020302369860709,0.0,0.0,4.400000000000011,101162.5,-193.75,71.75,21.65000000000002,0
2024-06-19,0.2045520661262008,-0.9788556850953578,-0.4004539056512665,0.9163169044870048,0.0,0.0,0.0,101067.5,-95.0,65.125,23.200000000000017,0
2024-06-20,0.18771856543719884,-0.9822228566828406,-0.3687629311922604,0.9295234803804002,0.2,0.0,0.20000000000001067,101308.75,241.25,78.125,21.275000000000027,1
2024-06-21,0.17082974322534442,-0.985300562686109,-0.3366372842469107,0.9416343976591258,46.4,1.0,46.60000000000001,101686.25,377.5,92.25,17.212500000000027,0
2024-06-22,0.15389057670406214,-0.9880878960910771,-0.30411483232751857,0.9526353808033823,0.4,0.0,47.00000000000001,102031.25,345.0,80.375,17.950000000000024,1
2024-06-23,0.13690605792347574,-0.9905840354577969,-0.27123391067291097,0.9625134626077079,3.0,1.0,49.800000000000004,102158.75,127.5,83.25,17.050000000000026,1
2024-06-24,0.11988119229922782,-0.9927882451625399,-0.23803327706148678,0.9712569994658311,2.0,1.0,5.4000000000000075,102000.0,-158.75,74.125,18.137500000000017,0
2024-06-25,0.10282099713736025,-0.9946998756145891,-0.2045520661262005,0.9788556850953579,0.0,0.0,5.000000000000007,101535.0,-465.0,65.25,20.600000000000023,0
2024-06-26,0.0857305001556943,-0.9963183634476755,-0.17082974322534408,0.985300562686109,0.2,0.0,2.2000000000000073,101047.5,-487.5,61.625,23.73750000000002,0
2024-06-27,0.0686147380021341,-0.9976432316860063,-0.1369060579234754,0.9905840354577969,0.0,0.0,0.20000000000000712,101003.75,-43.75,60.0,25.62500000000002,0
2024-06-28,0.05147875477034673,-0.9986740898848305,-0.1028209971373608,0.9946998756145891,0.0,0.0,0.20000000000000712,101257.5,253.75,68.75,26.050000000000026,0
2024-06-29,0.03432760051324382,-0.9994106342455052,-0.06861473800213468,0.9976432316860063,0.0,0.0,0.0,101457.5,200.0,71.0,25.31250000000002,0
2024-06-30,0.01716632975470737,-0.9998526477050269,-0.034327600513243496,0.9994106342455052,1.0,0.0,1.000000000000007,101137.5,-320.0,75.5,20.650000000000034,0
2024-07-01,1.2246467991473532e-16,-1.0,-2.4492935982947064e-16,1.0,0.0,0.0,1.000000000000007,101687.5,550.0,72.375,19.12500000000002,0
2024-07-02,-0.017166329754707124,-0.9998526477050269,0.03432760051324301,0.9994106342455054,0.0,0.0,1.000000000000007,102006.25,318.75,69.375,19.850000000000023,0
2024-07-03,-0.03432760051324313,-0.9994106342455054,0.0686147380021333,0.9976432316860063,0.0,0.0,0.0,102166.25,160.0,70.0,17.912500000000023,0
2024-07-04,-0.051478754770346045,-0.9986740898848305,0.10282099713735943,0.9946998756145892,0.0,0.0,0.0,101750.0,-416.25,63.0,19.68750000000002,0
2024-07-05,-0.06861473800213432,-0.9976432316860063,0.1369060579234758,0.9905840354577969,1.0,0.0,1.000000000000007,101745.0,-5.0,65.5,20.87500000000002,0
2024-07-06,-0.0857305001556945,-0.9963183634476755,0.1708297432253445,0.9853005626861089,0.0,0.0,1.000000000000007,101283.75,-461.25,64.0,23.50000000000002,1
2024-07-07,-0.10282099713736044,-0.9946998756145891,0.2045520661262009,0.9788556850953578,8.0,1.0,9.000000000000007,101322.5,38.75,86.625,18.62500000000002,0
2024-07-08,-0.11988119229922714,-0.99278824516254,0.23803327706148544,0.9712569994658314,0.2,0.0,8.200000000000006,101650.0,327.5,64.125,18.36250000000002,0
2024-07-09,-0.13690605792347504,-0.990584035457797,0.27123391067290964,0.9625134626077082,0.0,0.0,8.200000000000006,101372.5,-277.5,62.125,22.90000000000002,0
2024-07-10,-0.15389057670406148,-0.9880878960910772,0.30411483232751724,0.9526353808033827,0.0,0.0,0.20000000000000712,101292.5,-80.0,63.875,25.825000000000024,0
2024-07-11,-0.17082974322534417,-0.985300562686109,0.33663728424691025,0.9416343976591259,0.0,0.0,0.0,101707.5,415.0,66.5,24.437500000000014,0
2024-07-12,-0.1877185654371986,-0.9822228566828407,0.36876293119225995,0.9295234803804003,0.0,0.0,0.0,101462.5,-245.0,60.0,28.012500000000024,1
2024-07-13,-0.20455206612620058,-0.9788556850953579,0.40045390565126604,0.916316904487005,1.8,1.0,1.8000000000000071,101695.0,232.5,69.125,21.55000000000002,0
2024-07-14,-0.22132528438243218,-0.9752000402445826,0.4316728524737831,0.9020302369860711,0.0,0.0,1.8000000000000071,101562.5,-132.5,57.75,18.950000000000017,0
2024-07-15,-0.23803327706148514,-0.9712569994658315,0.462382972903514,0.8866803180227405,0.0,0.0,1.8000000000000071,101115.0,-447.5,55.125,24.287500000000016,1
2024-07-16,-0.254671120241229,-0.9670277247913203,0.49254806795386485,0.8702852410301549,1.6,1.0,1.6000000000000072,101157.5,42.5,67.5,25.325000000000024,0
2024-07-17,-0.2712339106729102,-0.9625134626077081,0.5221325810768251,0.8528643314021596,0.0,0.0,1.6000000000000072,101900.0,742.5,59.625,22.55000000000002,0
2024-07-18,-0.287716767226167,-0.9577155432887803,0.5511016400746002,0.8344381237138473,0.0,0.0,1.6000000000000072,101892.5,-7.5,56.875,23.78750000000003,0
2024-07-19,-0.3041148323275178,-0.9526353808033826,0.5794210982045636,0.8150283375168115,0.0,0.0,0.0,101668.75,-223.75,54.375,27.28750000000003,0
2024-07-20,-0.32042327339191096,-0.947274472298717,0.6070575744290999,0.7946578517376254,0.0,0.0,0.0,101711.25,42.5,61.125,26.87500000000002,0
2024-07-21,-0.3366372842469099,-0.941634397659126,0.6339784927628861,0.7733506777097303,0.0,0.0,0.0,100968.75,-742.5,64.25,27.087500000000013,1
2024-07-22,-0.35275208654909473,-0.9357168190404936,0.6601521206712317,0.7511319308705199,8.3,1.0,8.300000000000008,101603.75,635.0,79.75,19.112500000000026,0
2024-07-23,-0.36876293119226006,-0.9295234803804003,0.6855476064742153,0.728027801156985,0.0,0.0,8.300000000000008,102286.25,682.5,68.75,19.850000000000023,0
2024-07-24,-0.38466509970700097,-0.9230562068841761,0.7101350157125355,0.704065522134806,0.0,0.0,8.300000000000008,102225.0,-61.25,64.5,23.050000000000026,0
2024-07-25,-0.40045390565126615,-0.9163169044870049,0.7338853664321986,0.6792733388972937,0.0,0.0,0.0,101943.75,-281.25,64.0,25.025000000000034,0
2024-07-26,-0.4161246959914748,-0.9093075592922356,0.756770663346463,0.6536804747720053,0.0,0.0,0.0,101488.75,-455.0,63.25,24.46250000000002,0
2024-07-27,-0.431672852473784,-0.9020302369860707,0.7787639308347609,0.6273170968742934,0.0,0.0,0.0,101268.75,-220.0,62.5,25.162500000000023,0
2024-07-28,-0.44709379298511404,-0.8944870822287955,0.7998392447397196,0.600214280548368,0.0,0.0,0.0,101368.75,100.0,65.125,26.22500000000003,0
2024-07-29,-0.4623829729035149,-0.88668031802274,0.8199717629247771,0.5724039727378148,0.0,0.0,0.0,101725.0,356.25,61.75,28.150000000000034,0
2024-07-30,-0.4775358864374881,-0.8786122450571483,0.8391377545563937,0.5439189543287248,0.0,0.0,0.0,101520.0,-205.0,42.375,30.262500000000024,0
2024-07-31,-0.4925480679538642,-0.8702852410301554,0.8573146280763321,0.5147928015098311,0.2,0.0,0.20000000000000712,101457.5,-62.5,55.875,29.012500000000017,0
2024-08-01,-0.5074150932938452,-0.8617017599480683,0.8744809578310394,0.4850598461951968,0.0,0.0,0.20000000000000712,101217.5,-240.0,55.625,28.800000000000026,0
2024-08-02,-0.5221325810768248,-0.8528643314021597,0.8906165093267404,0.45475513555610586,0.0,0.0,0.20000000000000712,101560.0,342.5,71.625,24.68750000000002,0
2024-08-03,-0.5366961939916003,-0.8437755598231858,0.9057022630804713,0.423914390709861,0.0,0.0,0.0,101493.75,-66.25,71.375,23.80000000000002,0
2024-08-04,-0.5511016400745998,-0.8344381237138474,0.9197204370389465,0.3925739646141723,0.0,0.0,0.0,101731.25,237.5,63.125,22.48750000000002,0
2024-08-05,-0.5653446739747425,-0.8248547748594246,0.9326545075388222,0.36077079921678407,0.0,0.0,0.0,101697.5,-33.75,58.0,24.050000000000026,0
2024-08-06,-0.5794210982045637,-0.8150283375168114,0.9444892287836613,0.32854238191083485,0.0,0.0,0.0,101356.25,-341.25,54.25,25.43750000000002,0
2024-08-07,-0.5933267643772321,-0.8049617075821958,0.9552106508146319,0.29592670134728893,0.0,0.0,0.0,101230.0,-126.25,59.625,26.425000000000026,1
2024-08-08,-0.6070575744291004,-0.794657851737625,0.9648061359537646,0.2629622026565145,2.4,1.0,2.400000000000007,101533.75,303.75,69.125,24.525000000000027,0
2024-08-09,-0.6206094818274228,-0.7841198065767104,0.9732643737003825,0.22968774213179555,0.0,0.0,2.400000000000007,101700.0,166.25,56.75,25.975000000000023,0
2024-08-10,-0.6339784927628865,-0.77335067770973,0.9805753940631429,0.19614254142819723,0.0,0.0,2.400000000000007,101943.75,243.75,53.375,26.35000000000003,0
2024-08-11,-0.6471606673266059,-0.7623536388483905,0.9867305793119814,0.16236614133076424,0.0,0.0,0.0,101845.0,-98.75,50.875,27.425000000000026,0
2024-08-12,-0.6601521206712315,-0.7511319308705201,0.9917226741361014,0.12839835514655165,0.0,0.0,0.0,101355.0,-490.0,42.625,29.712500000000027,0
2024-08-13,-0.6729490241558326,-0.7396888608649671,0.9955457941960381,0.09427922177542543,0.0,0.0,0.0,101250.0,-105.0,68.625,25.912500000000037,0
2024-08-14,-0.6855476064742154,-0.7280278011569848,0.998195433059714,0.06004895851494862,0.0,0.0,0.0,101188.75,-61.25,69.75,24.800000000000026,1
2024-08-15,-0.6979441547663433,-0.7161521883143935,0.999668467514313,0.025747913654989123,50.8,1.0,50.800000000000004,101553.75,365.0,90.125,20.02500000000002,0
2024-08-16,-0.7101350157125356,-0.7040655221348059,0.9999631612477099,-0.008583481082086243,0.0,0.0,50.800000000000004,102041.25,487.5,75.25,20.72500000000003,0
2024-08-17,-0.7221165966101161,-0.691771364614222,0.9990791668951153,-0.04290475819955423,0.0,0.0,50.800000000000004,101871.25,-170.0,65.25,24.000000000000014,0
2024-08-18,-0.7338853664321993,-0.6792733388972929,0.9970175264485266,-0.07717546212664683,0.0,0.0,0.0,101631.25,-240.0,67.75,23.23750000000002,0
2024-08-19,-0.7454378568683003,-0.6665751282095631,0.9937806700284983,-0.11135519690480904,0.0,0.0,0.0,101653.75,22.5,66.75,21.56250000000002,0
2024-08-20,-0.7567706633464625,-0.653680474772006,0.9893724130196829,-0.14540367380368985,0.0,0.0,0.0,101755.0,101.25,59.875,20.225000000000023,0
2024-08-21,-0.7678804460366,-0.6405931786981752,0.9837979515735163,-0.1792807588107354,0.0,0.0,0.0,101636.25,-118.75,65.0,20.96250000000002,0
2024-08-22,-0.7787639308347605,-0.627317096874294,0.9770638564833509,-0.21294651993841524,0.2,0.0,0.20000000000000712,101986.25,350.0,59.25,21.712500000000027,0
2024-08-23,-0.7894179103280194,-0.6138561418226122,0.9691780654392538,-0.24636127429331403,0.2,0.0,0.4000000000000071,101493.75,-492.5,60.375,22.562500000000014,0
2024-08-24,-0.7998392447397191,-0.6002142805483686,0.9601498736716021,-0.2794856348516085,0.0,0.0,0.4000000000000071,101600.0,106.25,69.0,22.37500000000003,0
2024-08-25,-0.8100248628547748,-0.5863955333706962,0.9499899229945014,-0.3122805568857935,0.0,0.0,0.20000000000000712,101240.0,-360.0,65.5,25.78750000000003,0
2024-08-26,-0.8199717629247767,-0.5724039727378154,0.9387101892619447,-0.34470738398793244,0.0,0.0,0.0,102232.5,992.5,60.375,21.43750000000002,0
2024-08-27,-0.8296770135526185,-0.5582437220268655,0.9263239682514957,-0.3767278936351835,0.0,0.0,0.0,102046.25,-186.25,49.375,21.737500000000026,0
2024-08-28,-0.8391377545563938,-0.5439189543287248,0.9128458599921356,-0.4083043422438932,0.0,0.0,0.0,101521.25,-525.0,53.125,22.56250000000003,0
2024-08-29,-0.8483511978123038,-0.5294338912181854,0.8982917515547532,-0.4393995096591412,0.0,0.0,0.0,101441.25,-80.0,59.0,25.87500000000003,0
2024-08-30,-0.8573146280763322,-0.514792801509831,0.8826787983255477,-0.46997674302731945,0.0,0.0,0.0,101647.5,206.25,70.875,24.350000000000016,1
2024-08-31,-0.8660254037844385,-0.5000000000000004,0.8660254037844392,-0.4999999999999992,3.6000000000000005,1.0,3.6000000000000076,101600.0,-47.5,68.0,25.475000000000037,0
2024-09-01,-0.8744809578310394,-0.4850598461951967,0.8483511978123045,-0.5294338912181843,0.0,0.0,3.6000000000000076,101428.75,-171.25,63.375,25.60000000000003,0
2024-09-02,-0.8826787983255475,-0.4699767430273199,0.8296770135526187,-0.558243722026865,0.8,0.0,4.4000000000000075,101511.25,82.5,80.0,21.625000000000036,0
2024-09-03,-0.8906165093267404,-0.45475513555610575,0.810024862854775,-0.5863955333706958,0.0,0.0,0.8000000000000071,101395.0,-116.25,68.125,23.23750000000002,1
2024-09-04,-0.8982917515547529,-0.43939950965914165,0.7894179103280198,-0.6138561418226118,4.0,1.0,4.800000000000007,101615.0,220.0,83.0,21.037500000000023,1
2024-09-05,-0.9057022630804714,-0.42391439070986087,0.7678804460366003,-0.6405931786981749,17.6,1.0,21.60000000000001,101687.5,72.5,90.25,17.475000000000016,0
2024-09-06,-0.9128458599921354,-0.40830434224389367,0.7454378568683006,-0.6665751282095627,0.0,0.0,21.60000000000001,101273.75,-413.75,74.375,17.31250000000002,1
2024-09-07,-0.9197204370389468,-0.3925739646141714,0.7221165966101155,-0.6917713646142226,6.9,1.0,24.500000000000007,100703.75,-570.0,81.625,17.725000000000016,0
2024-09-08,-0.9263239682514951,-0.3767278936351848,0.6979441547663431,-0.7161521883143938,0.4,0.0,7.300000000000008,100885.0,181.25,81.125,19.57500000000001,1
2024-09-13,-0.9552106508146316,-0.29592670134728966,0.5653446739747433,-0.824854774859424,3.3,1.0,6.9000000000000075,101815.0,28.75,72.0,14.687500000000021,0
2024-09-14,-0.9601498736716017,-0.2794856348516098,0.5366961939916012,-0.8437755598231852,0.0,0.0,6.9000000000000075,102537.5,722.5,62.875,14.050000000000026,0
2024-09-15,-0.9648061359537644,-0.2629622026565152,0.5074150932938464,-0.8617017599480676,0.0,0.0,3.3000000000000074,102727.5,190.0,62.875,13.675000000000011,0
2024-09-16,-0.9691780654392534,-0.24636127429331536,0.47753588643748934,-0.8786122450571476,0.0,0.0,0.0,102342.5,-385.0,63.0,14.225000000000023,0
2024-09-17,-0.9732643737003823,-0.2296877421317963,0.44709379298511526,-0.8944870822287949,0.0,0.0,0.0,102183.75,-158.75,65.875,15.825000000000017,0
2024-09-18,-0.9770638564833508,-0.21294651993841573,0.41612469599147445,-0.9093075592922358,0.0,0.0,0.0,101801.25,-382.5,72.875,15.675000000000033,0
2024-09-19,-0.9805753940631429,-0.19614254142819712,0.3846650997070014,-0.923056206884176,0.0,0.0,0.0,101592.5,-208.75,71.875,17.31250000000002,0
2024-09-20,-0.9837979515735163,-0.1792807588107359,0.35275208654909523,-0.9357168190404935,0.0,0.0,0.0,101423.75,-168.75,69.625,18.925000000000026,1
2024-09-21,-0.9867305793119814,-0.16236614133076413,0.32042327339191184,-0.9472744722987166,1.5999999999999999,1.0,1.6000000000000074,101460.0,36.25,73.125,18.77500000000002,1
2024-09-22,-0.9893724130196829,-0.14540367380369032,0.2877167672261679,-0.9577155432887801,2.2,1.0,3.800000000000008,101426.25,-33.75,74.125,19.412500000000023,1
2024-09-23,-0.9917226741361014,-0.12839835514655154,0.2546711202412299,-0.96702772479132,1.4000000000000001,1.0,5.200000000000008,101418.75,-7.5,84.5,18.725000000000016,0
2024-09-24,-0.9937806700284985,-0.11135519690480865,0.2213252843824322,-0.9752000402445826,0.2,0.0,3.8000000000000083,101495.0,76.25,75.75,17.300000000000026,0
2024-09-25,-0.9955457941960382,-0.09427922177542443,0.18771856543719864,-0.9822228566828407,0.2,0.0,1.8000000000000083,101296.25,-198.75,68.875,17.537500000000023,0
2024-09-26,-0.9970175264485267,-0.07717546212664643,0.15389057670406195,-0.9880878960910772,0.6,0.0,1.000000000000008,100957.5,-338.75,75.625,18.18750000000003,1
2024-09-27,-0.998195433059714,-0.06004895851494849,0.11988119229922763,-0.9927882451625399,4.6,1.0,5.4000000000000075,100730.0,-227.5,87.25,18.212500000000027,0
2024-09-28,-0.9990791668951153,-0.04290475819955383,0.08573050015569322,-0.9963183634476757,0.6000000000000001,0.0,5.800000000000008,101462.5,732.5,80.375,14.91250000000003,0
2024-09-29,-0.9996684675143132,-0.025747913654988113,0.05147875477034565,-0.9986740898848305,0.0,0.0,5.200000000000008,102488.75,1026.25,69.0,13.900000000000027,0
2024-09-30,-0.9999631612477099,-0.008583481082086734,0.01716632975470673,-0.9998526477050269,0.0,0.0,0.6000000000000081,102247.5,-241.25,64.25,13.787500000000023,0
2024-10-01,-0.9999631612477099,0.008583481082087254,-0.01716632975470777,-0.9998526477050269,0.0,0.0,0.0,102018.75,-228.75,71.125,18.225000000000016,0
2024-10-02,-0.999668467514313,0.025747913654988634,-0.05147875477034669,-0.9986740898848305,0.6,0.0,0.600000000000008,101342.5,-676.25,75.75,18.975000000000023,1
2024-10-03,-0.9990791668951153,0.04290475819955435,-0.08573050015569426,-0.9963183634476755,5.4,1.0,6.000000000000008,101192.5,-150.0,83.625,14.925000000000018,0
2024-10-04,-0.998195433059714,0.06004895851494813,-0.1198811922992269,-0.99278824516254,0.0,0.0,6.000000000000008,101407.5,215.0,81.25,13.850000000000016,0
2024-10-05,-0.9970175264485267,0.07717546212664607,-0.15389057670406123,-0.9880878960910773,0.0,0.0,5.400000000000008,101753.75,346.25,76.625,11.975000000000023,0
2024-10-06,-0.9955457941960382,0.09427922177542405,-0.18771856543719792,-0.9822228566828408,0.0,0.0,0.0,101328.75,-425.0,67.0,13.200000000000024,1
2024-10-07,-0.9937806700284985,0.11135519690480827,-0.22132528438243151,-0.9752000402445827,1.7999999999999998,1.0,1.8000000000000078,100876.25,-452.5,82.5,16.475000000000023,1
2024-10-08,-0.9917226741361016,0.1283983551465503,-0.25467112024122746,-0.9670277247913207,4.4,1.0,6.200000000000008,100421.25,-455.0,86.0,17.88750000000003,0
2024-10-09,-0.9893724130196829,0.14540367380368996,-0.2877167672261672,-0.9577155432887803,0.2,0.0,6.400000000000008,100513.75,92.5,75.75,18.15000000000002,1
2024-10-10,-0.9867305793119814,0.16236614133076377,-0.3204232733919111,-0.9472744722987169,1.4,1.0,6.000000000000008,99720.0,-793.75,73.375,18.825000000000024,0
2024-10-11,-0.9837979515735163,0.17928075881073555,-0.3527520865490945,-0.9357168190404938,0.4,0.0,2.000000000000008,101052.5,1332.5,82.75,15.250000000000021,0
2024-10-12,-0.980575394063143,0.19614254142819676,-0.38466509970700075,-0.9230562068841762,0.0,0.0,1.8000000000000078,101498.75,446.25,76.25,14.362500000000033,0
2024-10-13,-0.9770638564833509,0.21294651993841537,-0.4161246959914738,-0.9093075592922362,0.0,0.0,0.400000000000008,101128.75,-370.0,78.125,18.012500000000024,0
2024-10-14,-0.9732643737003827,0.22968774213179508,-0.44709379298511304,-0.894487082228796,0.0,0.0,0.0,101732.5,603.75,81.25,18.587500000000027,0
2024-10-15,-0.9691780654392538,0.24636127429331414,-0.4775358864374871,-0.8786122450571489,0.0,0.0,0.0,101720.0,-12.5,84.75,18.487500000000026,0
2024-10-16,-0.9648061359537647,0.262962202656514,-0.5074150932938442,-0.861701759948069,0.0,0.0,0.0,101007.5,-712.5,77.375,20.00000000000002,0
2024-10-17,-0.9601498736716018,0.2794856348516095,-0.5366961939916005,-0.8437755598231856,0.2,0.0,0.200000000000008,100605.0,-402.5,75.375,21.287500000000023,1
2024-10-18,-0.9552106508146317,0.2959267013472893,-0.5653446739747428,-0.8248547748594245,31.1,1.0,31.300000000000008,101081.25,476.25,93.75,16.012500000000017,1
2024-10-19,-0.9499899229945011,0.3122805568857945,-0.5933267643772315,-0.8049617075821962,32.5,1.0,63.80000000000001,101883.75,802.5,91.625,13.137500000000024,0
2024-10-20,-0.9444892287836614,0.3285423819108344,-0.6206094818274223,-0.7841198065767109,1.0,0.0,64.60000000000001,102025.0,141.25,84.25,14.000000000000028,0
2024-10-21,-0.938710189261944,0.3447073839879342,-0.6471606673266067,-0.7623536388483897,0.0,0.0,33.500000000000014,102217.5,192.5,78.5,16.700000000000024,0
2024-10-22,-0.9326545075388223,0.3607707992167836,-0.6729490241558334,-0.7396888608649664,0.2,0.0,1.2000000000000142,102342.5,125.0,74.125,18.36250000000002,1
2024-10-23,-0.9263239682514949,0.3767278936351853,-0.6979441547663439,-0.7161521883143931,4.4,1.0,4.600000000000015,102958.75,616.25,89.625,16.225000000000023,0
2024-10-24,-0.9197204370389466,0.3925739646141719,-0.7221165966101162,-0.6917713646142218,0.0,0.0,4.600000000000015,102858.75,-100.0,87.0,14.625000000000028,0
2024-10-29,-0.8826787983255476,0.46997674302731957,-0.8296770135526182,-0.5582437220268657,1.6,1.0,4.600000000000014,102526.25,515.0,91.125,14.450000000000031,0
2024-10-30,-0.8744809578310401,0.4850598461951956,-0.8483511978123032,-0.5294338912181864,0.4,0.0,2.6000000000000143,102431.25,-95.0,95.875,15.525000000000013,0
2024-10-31,-0.8660254037844386,0.5000000000000001,-0.8660254037844387,-0.49999999999999983,0.2,0.0,2.2000000000000144,102111.25,-320.0,85.75,16.075000000000024,0
2024-11-01,-0.8573146280763323,0.5147928015098306,-0.8826787983255474,-0.4699767430273201,0.0,0.0,0.6000000000000143,102207.5,96.25,80.25,17.40000000000002,0
2024-11-02,-0.848351197812304,0.5294338912181851,-0.8982917515547528,-0.4393995096591418,0.0,0.0,0.20000000000001422,102232.5,25.0,72.875,16.462500000000013,0
2024-11-03,-0.8391377545563939,0.5439189543287245,-0.9128458599921354,-0.4083043422438939,0.0,0.0,0.0,102235.0,2.5,76.25,14.287500000000016,0
2024-11-04,-0.8296770135526191,0.5582437220268645,-0.9263239682514947,-0.37672789363518583,0.0,0.0,0.0,102327.5,92.5,81.125,16.025000000000027,0
2024-11-05,-0.8199717629247775,0.5724039727378144,-0.9387101892619438,-0.3447073839879348,0.0,0.0,0.0,102175.0,-152.5,84.625,16.68750000000003,0
2024-11-06,-0.8100248628547756,0.5863955333706952,-0.9499899229945006,-0.31228055688579587,0.2,0.0,0.20000000000001422,102270.0,95.0,86.125,17.425000000000033,0
2024-11-07,-0.7998392447397198,0.6002142805483676,-0.9601498736716013,-0.27948563485161093,0.2,0.0,0.40000000000001423,102597.5,327.5,91.875,15.15000000000002,0
2024-11-08,-0.7894179103280197,0.613856141822612,-0.9691780654392536,-0.24636127429331475,0.2,0.0,0.6000000000000001,102446.25,-151.25,82.375,14.77500000000002,0
2024-11-09,-0.7787639308347607,0.6273170968742937,-0.9770638564833507,-0.21294651993841596,0.0,0.0,0.40000000000001423,102150.0,-296.25,79.0,16.11250000000002,0
2024-11-10,-0.7678804460366002,0.640593178698175,-0.9837979515735162,-0.17928075881073613,0.8,0.0,1.0000000000000142,102368.75,218.75,87.625,14.975000000000016,0
2024-11-11,-0.7567706633464628,0.6536804747720056,-0.9893724130196828,-0.14540367380369057,0.4,0.0,1.2000000000000144,102650.0,281.25,89.75,14.462500000000013,0
2024-11-12,-0.7454378568682999,0.6665751282095634,-0.9937806700284985,-0.11135519690480801,0.0,0.0,1.2000000000000144,102855.0,205.0,85.5,12.750000000000021,0
2024-11-13,-0.7338853664321989,0.6792733388972934,-0.9970175264485267,-0.07717546212664579,0.0,0.0,0.40000000000001423,102500.0,-355.0,78.875,9.500000000000021,0
2024-11-14,-0.7221165966101161,0.6917713646142221,-0.9990791668951153,-0.042904758199554076,0.0,0.0,0.0,102426.25,-73.75,86.25,8.112500000000033,0
2024-11-15,-0.7101350157125358,0.7040655221348057,-0.9999631612477099,-0.008583481082086978,0.0,0.0,0.0,102460.0,33.75,91.25,6.250000000000021,0
2024-11-16,-0.6979441547663436,0.7161521883143932,-0.9996684675143132,0.02574791365498839,0.0,0.0,0.0,102338.75,-121.25,83.375,6.937500000000021,0
2024-11-17,-0.6855476064742156,0.7280278011569846,-0.998195433059714,0.06004895851494788,0.0,0.0,0.0,102116.25,-222.5,80.25,9.600000000000037,0
2024-11-18,-0.6729490241558331,0.7396888608649665,-0.9955457941960382,0.09427922177542382,0.0,0.0,0.0,102131.25,15.0,91.375,8.462500000000027,0
2024-11-19,-0.6601521206712321,0.7511319308705195,-0.9917226741361016,0.12839835514655004,0.0,0.0,0.0,102112.5,-18.75,79.5,9.462500000000013,0
2024-11-20,-0.6471606673266065,0.7623536388483899,-0.9867305793119816,0.16236614133076263,0.0,0.0,0.0,101626.25,-486.25,83.625,10.037500000000023,1
2024-11-21,-0.6339784927628872,0.7733506777097294,-0.9805753940631432,0.19614254142819565,8.2,1.0,8.200000000000014,101360.0,-266.25,88.875,10.612500000000011,1
2024-11-22,-0.6206094818274227,0.7841198065767104,-0.9732643737003824,0.22968774213179569,3.4,1.0,11.600000000000014,100627.5,-732.5,80.125,11.975000000000023,1
2024-11-23,-0.607057574429101,0.7946578517376245,-0.9648061359537651,0.26296220265651293,4.0,1.0,15.600000000000014,101705.0,1077.5,83.25,6.625000000000028,0
2024-11-24,-0.5933267643772321,0.8049617075821958,-0.9552106508146317,0.2959267013472891,0.0,0.0,7.400000000000015,102228.75,523.75,79.375,6.96250000000002,0
2024-11-25,-0.5794210982045647,0.8150283375168107,-0.944489228783662,0.3285423819108325,0.0,0.0,4.000000000000014,101873.75,-355.0,78.875,14.250000000000021,1
2024-11-26,-0.5653446739747432,0.8248547748594242,-0.9326545075388227,0.36077079921678257,3.8000000000000003,1.0,3.8000000000000145,101460.0,-413.75,76.875,15.58750000000002,0
2024-11-27,-0.5511016400745998,0.8344381237138475,-0.9197204370389463,0.3925739646141725,0.0,0.0,3.8000000000000145,102385.0,925.0,89.875,10.137500000000017,0
2024-11-28,-0.5366961939916011,0.8437755598231853,-0.9057022630804721,0.4239143907098595,0.0,0.0,3.8000000000000145,102458.75,73.75,93.125,7.737500000000033,0
2024-11-29,-0.5221325810768248,0.8528643314021598,-0.8906165093267403,0.45475513555610597,0.0,0.0,0.0,102608.75,150.0,86.625,7.987500000000026,0
2024-11-30,-0.5074150932938463,0.8617017599480677,-0.8744809578310405,0.4850598461951946,0.0,0.0,0.0,102468.75,-140.0,81.0,9.625000000000021,0
2024-12-01,-0.4925480679538645,0.8702852410301551,-0.8573146280763324,0.5147928015098305,0.0,0.0,0.0,102695.0,226.25,87.0,9.575000000000017,0
2024-12-02,-0.47753588643748845,0.8786122450571482,-0.8391377545563942,0.5439189543287243,0.0,0.0,0.0,102448.75,-246.25,87.5,10.46250000000002,1
2024-12-03,-0.4623829729035152,0.8866803180227398,-0.8199717629247776,0.5724039727378142,2.8,1.0,2.800000000000014,102328.75,-120.0,95.25,10.200000000000024,0
2024-12-04,-0.44709379298511437,0.8944870822287954,-0.79983924473972,0.6002142805483675,0.4,0.0,3.200000000000014,102355.0,26.25,90.375,9.300000000000026,0
2024-12-05,-0.43167285247378356,0.9020302369860709,-0.7787639308347603,0.6273170968742943,0.0,0.0,3.200000000000014,102776.25,421.25,77.5,6.237500000000026,0
2024-12-06,-0.4161246959914751,0.9093075592922355,-0.7567706633464635,0.6536804747720047,0.0,0.0,0.40000000000001423,102813.75,37.5,80.875,5.65000000000002,1
2024-12-07,-0.4004539056512665,0.9163169044870048,-0.733885366432199,0.6792733388972931,1.8,1.0,1.8000000000000143,102487.5,-326.25,84.25,13.062500000000028,1
2024-12-08,-0.3846650997070013,0.923056206884176,-0.710135015712536,0.7040655221348054,6.6,1.0,8.400000000000015,101930.0,-557.5,86.875,10.612500000000026,1
2024-12-09,-0.3687629311922604,0.9295234803804002,-0.6855476064742159,0.7280278011569845,2.8,1.0,11.200000000000014,101641.25,-288.75,86.875,6.325000000000024,1
2024-12-10,-0.3527520865490943,0.9357168190404939,-0.660152120671231,0.7511319308705207,3.6,1.0,13.000000000000012,101663.75,22.5,88.375,6.275000000000027,0
2024-12-11,-0.3366372842469107,0.9416343976591258,-0.6339784927628873,0.7733506777097293,0.0,0.0,6.400000000000015,102041.25,377.5,88.5,4.850000000000023,0
2024-12-12,-0.3204232733919109,0.947274472298717,-0.6070575744290998,0.7946578517376255,0.0,0.0,3.6000000000000143,102247.5,206.25,87.875,5.15000000000002,0
2024-12-13,-0.30411483232751857,0.9526353808033823,-0.5794210982045649,0.8150283375168105,0.0,0.0,0.0,102388.75,141.25,85.5,6.412500000000023,0
2024-12-14,-0.28771676722616696,0.9577155432887803,-0.5511016400746,0.8344381237138473,0.0,0.0,0.0,102292.5,-96.25,83.75,7.600000000000023,0
2024-12-15,-0.27123391067291097,0.9625134626077079,-0.5221325810768265,0.8528643314021587,0.2,0.0,0.20000000000001422,102820.0,527.5,89.625,6.1125000000000185,1
2024-12-16,-0.25467112024122895,0.9670277247913203,-0.49254806795386474,0.870285241030155,1.2,1.0,1.4000000000000141,103717.5,897.5,88.75,6.325000000000024,0
2024-12-17,-0.23803327706148678,0.9712569994658311,-0.462382972903517,0.886680318022739,0.0,0.0,1.4000000000000141,103797.5,80.0,90.125,3.8000000000000256,0
2024-12-18,-0.22132528438243296,0.9752000402445824,-0.43167285247378456,0.9020302369860703,0.0,0.0,1.2000000000000142,103065.0,-732.5,84.875,7.450000000000024,0
2024-12-19,-0.2045520661262005,0.9788556850953579,-0.4004539056512659,0.916316904487005,0.0,0.0,0.0,102587.5,-477.5,83.0,9.125000000000014,1
2024-12-20,-0.1877185654371994,0.9822228566828405,-0.36876293119226145,0.9295234803803998,2.0,1.0,2.000000000000014,101941.25,-646.25,86.0,9.300000000000018,1
2024-12-21,-0.17082974322534408,0.985300562686109,-0.3366372842469101,0.941634397659126,2.0,1.0,4.000000000000014,103043.75,1102.5,77.0,6.46250000000002,1
2024-12-22,-0.1538905767040627,0.9880878960910771,-0.3041148323275197,0.952635380803382,3.0,1.0,7.000000000000014,102947.5,-96.25,88.125,8.637500000000024,1
2024-12-23,-0.1369060579234754,0.9905840354577969,-0.27123391067291036,0.962513462607708,5.5,1.0,10.500000000000014,102376.25,-571.25,86.125,10.975000000000023,0
2024-12-24,-0.1198811922992275,0.99278824516254,-0.23803327706148616,0.9712569994658312,0.2,0.0,8.700000000000014,102860.0,483.75,77.25,6.400000000000027,1
2024-12-25,-0.1028209971373608,0.9946998756145891,-0.2045520661262016,0.9788556850953577,1.7999999999999998,1.0,7.500000000000014,103056.25,196.25,92.5,7.812500000000021,0
2024-12-26,-0.08573050015569487,0.9963183634476755,-0.17082974322534522,0.9853005626861088,0.0,0.0,2.000000000000014,103272.5,216.25,94.875,7.08750000000002,0
2024-12-27,-0.06861473800213468,0.9976432316860063,-0.13690605792347654,0.9905840354577968,0.0,0.0,1.800000000000014,103022.5,-250.0,89.0,7.062500000000021,0
2024-12-28,-0.05147875477034641,0.9986740898848305,-0.10282099713736016,0.9946998756145891,0.0,0.0,0.0,103103.75,81.25,86.75,4.9875000000000185,0
2024-12-29,-0.034327600513243496,0.9994106342455052,-0.06861473800213404,0.9976432316860063,0.0,0.0,0.0,103053.75,-50.0,83.875,4.050000000000026,0
2024-12-30,-0.017166329754707492,0.9998526477050269,-0.034327600513243746,0.9994106342455052,0.0,0.0,0.0,103205.0,151.25,96.5,2.4375000000000213,0
2024-12-31,-2.4492935982947064e-16,1.0,-4.898587196589413e-16,1.0,0.0,0.0,0.0,103176.25,-28.75,99.0,2.3000000000000185,0
